asset,model,fold,train_samples,validation_samples,base_positive_rate,training_time,prediction_time,brier_A,log_loss_A,ece_A,roc_auc_A,ppr_050_A,brier_B,log_loss_B,ece_B,roc_auc_B,ppr_050_B,rank_corr_B,rank_inversions_B,fallback_B,calibration_time_B,brier_C,log_loss_C,ece_C,roc_auc_C,ppr_050_C,rank_corr_C,rank_inversions_C,fallback_C,calibration_time_C
reliance_ns,logistic_regression,1,887,925,0.4813979706877114,0.04703329992480576,0.001345900003798306,0.38459513286488933,1.433426837258752,0.33119768717465004,0.49344375431331944,0.006486486486486486,0.2525243257063908,0.6982001628423485,0.0713303089616173,0.49344375431331944,0.006486486486486486,1.0,0,False,0.0670547999907285,0.36404232793988534,6.571457023260033,0.2516549141624753,0.48898153662894583,0.04972972972972973,0.8842635245701724,0,False,0.05517509998753667
reliance_ns,random_forest,1,887,925,0.4813979706877114,0.4368298000190407,0.07903809996787459,0.2780397567567568,0.7531793523430075,0.15607027027027032,0.5070880248069051,0.1545945945945946,0.25163325744176385,0.6964159500401542,0.06716689128796101,0.5070880248069051,0.08,0.9999999999999998,0,False,1.5094302999787033,0.25306851011888354,0.6996053375991363,0.07313176753561043,0.5070903882696616,0.24,0.8259067838426325,0,False,1.4850794000085443
reliance_ns,xgboost,1,887,925,0.4813979706877114,0.3463670000201091,0.0048865999560803175,0.3304482400417328,0.9006884098052979,0.25392860911585186,0.4896196715732154,0.16,0.2520221654856841,0.6971946381355935,0.06797339123601598,0.4896196715732154,0.08756756756756756,1.0,0,False,0.9555132000241429,0.25744190489206936,0.7083338661354217,0.09180416834346389,0.49249127882242827,0.29081081081081084,0.9623765887121901,0,False,0.8318964999634773
reliance_ns,logistic_regression,2,1812,936,0.5176600441501104,0.012859000009484589,0.0022087000543251634,0.27663444663733955,0.7742226941599512,0.1268718686657397,0.5112955657827453,0.9423076923076923,0.25108269992425764,0.6953173775700447,0.03304054549603219,0.5112955657827453,1.0,1.0,0,False,0.05983520008157939,0.2540576558993816,0.7013141874282186,0.05458301082433781,0.5052460004383081,0.9978632478632479,0.7264818395540358,0,False,0.06845430005341768
reliance_ns,random_forest,2,1812,936,0.5176600441501104,0.41832569998223335,0.0630919000832364,0.2640747061965812,0.7232588894041051,0.08441773504273503,0.48824558039301635,0.4444444444444444,0.2511210861477883,0.695394416109011,0.031653441562254137,0.48824558039301635,1.0,1.0,0,False,1.5700769999530166,0.25499032666519994,0.738579779266135,0.06963660814145008,0.47156476002629855,0.6709401709401709,0.8188251261874544,0,False,1.5644577000057325
reliance_ns,xgboost,2,1812,936,0.5176600441501104,0.5736704999580979,0.0062408000230789185,0.287994384765625,0.7853233218193054,0.16532346598294553,0.5012738330046022,0.34615384615384615,0.25096416062461213,0.6950792737290417,0.031151399270214153,0.5012738330046022,1.0,1.0,0,False,1.019888799986802,0.2518290418604942,0.6969369026446358,0.03926852693460636,0.5000958799035722,0.7863247863247863,0.9628309390377663,0,False,0.8976393999764696
reliance_ns,logistic_regression,3,2748,937,0.5116448326055313,0.015448899939656258,0.0017043000552803278,0.24966916225793515,0.6924739609697981,0.02954430231466473,0.5333771125764997,0.7790821771611526,0.2516087353042197,0.6963686749649085,0.04336663033364885,0.5333771125764997,1.0,1.0,0,False,0.08185099996626377,0.25117484377003985,0.6954983943577057,0.038668616027973335,0.503233279521347,1.0,0.09784887696537793,0,False,0.07817819993942976
reliance_ns,random_forest,3,2748,937,0.5116448326055313,0.4742006999440491,0.050495099974796176,0.2547858591248666,0.7035991670910811,0.048281750266809004,0.5321321403489571,0.5816435432230523,0.25155745610560915,0.6962658383988803,0.04306756762779029,0.5321321403489571,1.0,1.0,0,False,1.587292000069283,0.2509255214680893,0.6950212654057668,0.04294511719985209,0.5256496201238587,0.8153681963713981,0.6822800274937634,0,False,1.5063752999994904
reliance_ns,xgboost,3,2748,937,0.5116448326055313,0.328787500038743,0.005036999937146902,0.2536216676235199,0.7013461589813232,0.05719829106598041,0.5480978830911795,0.6221985058697972,0.2518497571728136,0.6968524766774878,0.038850116952061864,0.45190211690882065,1.0,-1.0,438516,False,0.9883128000656143,0.25204779792776644,0.6972499811472502,0.04796215262178072,0.5073991481288933,1.0,0.44629118765199055,0,False,0.9910334000596777
reliance_ns,logistic_regression,4,3685,939,0.5047489823609227,0.01570939994417131,0.0018523000180721283,0.24986864704645395,0.6929650146498598,0.02503493561326605,0.5262592319390942,0.6943556975505857,0.24971884375346615,0.6925847949503959,0.028011687543460097,0.4737407680609057,0.9488817891373802,-1.0,440391,False,0.06057049997616559,0.24936380688571413,0.6918744696870227,0.017729044818097006,0.5020080321285141,1.0,0.07985094765897284,0,False,0.056455499958246946
reliance_ns,random_forest,4,3685,939,0.5047489823609227,0.5379594000987709,0.051935399998910725,0.25516922257720975,0.7042549420679172,0.05225772097976571,0.5241851760784635,0.4536741214057508,0.24950751416243797,0.6921620996027698,0.019367786689514555,0.47581482392153646,1.0,-1.0,433005,False,1.5225895999465138,0.24929872183814922,0.6917431766961714,0.017951326843387627,0.5097715123532679,1.0,0.8201396320832868,0,False,1.8985974999377504
reliance_ns,xgboost,4,3685,939,0.5047489823609227,0.41712430003099144,0.006700900034047663,0.2608030140399933,0.7158716917037964,0.09898997346560161,0.5050997641359087,0.4440894568690096,0.24959725363326335,0.6923416957228684,0.02112064887351524,0.49490023586409126,0.9850905218317358,-1.0,440391,False,1.2856980999931693,0.24929111653522087,0.6917207861433124,0.01766196012150363,0.5070781994189912,1.0,0.8387261971173862,0,False,1.3864935000892729
reliance_ns,logistic_regression,5,4624,939,0.5099480968858131,0.021439200034365058,0.002082900027744472,0.24975072003492158,0.6927500772620382,0.01966007667800873,0.5353056554429553,0.7326943556975506,0.24977685446160514,0.6927008009956505,0.0010932896667326109,0.5353056554429553,1.0,1.0,0,False,0.08590689999982715,0.2491707105969926,0.6914862333184475,0.007363815446081223,0.526381624350732,1.0,0.8666442761975386,0,False,0.09130959992762655
reliance_ns,random_forest,5,4624,939,0.5099480968858131,0.7296182999853045,0.09121410001534969,0.25199118743343984,0.6973026406288738,0.04192225772097981,0.5189808761033016,0.6538871139510117,0.2497740003829651,0.6926950883485313,0.00107667778199394,0.5189808761033016,1.0,1.0,0,False,1.908026999910362,0.24920522469072778,0.6915439886770429,0.0017826886160094385,0.5093984962406015,0.9712460063897763,0.5354170956325296,0,False,2.0015550000825897
reliance_ns,xgboost,5,4624,939,0.5099480968858131,0.4087389000924304,0.005207099951803684,0.25835120677948,0.7115968465805054,0.07173222538254383,0.5183611201917839,0.7007454739084132,0.2498421663638597,0.6928315328584735,8.427930110266324e-05,0.4816388798082162,1.0,-1.0,440391,False,1.0832448999863118,0.2494345249715112,0.6920584942312229,0.007494954402346859,0.5258481348298282,0.9989350372736954,0.7147710077814745,0,False,1.1672732000006363
tcs_ns,logistic_regression,1,524,841,0.5,0.015847100061364472,0.0023198999697342515,0.2654874450262082,0.7282473602373125,0.1036770059702129,0.507387991258959,0.8739595719381689,0.2527955163930993,0.6987632605600893,0.05156837684317279,0.49261200874104094,0.9821640903686087,-0.9999999999999999,353220,False,0.06273579993285239,0.2528563538350254,0.737372117919493,0.04812274688466798,0.5043988269794721,0.990487514863258,0.8715713894447116,0,False,0.08231520000845194
tcs_ns,random_forest,1,524,841,0.5,0.5278454000363126,0.09979300003033131,0.25805228894173604,0.7102500651307304,0.06926872770511297,0.5093864287412675,0.5386444708680143,0.25134069419753385,0.69583107078469,0.040103054377652936,0.5093864287412675,1.0,0.9999999999999999,0,False,1.6429033000022173,0.25218686361270415,0.6976036010702492,0.03437315868866671,0.4955870197805682,0.901307966706302,0.7169222959020071,0,False,1.4432574000675231
tcs_ns,xgboost,1,524,841,0.5,0.4086436000652611,0.004315999918617308,0.2800087630748749,0.7650567889213562,0.15637248664137582,0.4967617386972226,0.5005945303210464,0.2514414102782556,0.6960342172147725,0.04078425331284178,0.5032382613027775,0.9940546967895363,-0.9999999999999999,353220,False,0.8816760999616235,0.2517233124850249,0.6966121280915951,0.03653781629512512,0.5030457772393255,0.4233055885850178,0.8594003193087952,0,False,0.9256906999507919
tcs_ns,logistic_regression,2,1365,842,0.4901098901098901,0.02163269999437034,0.0020469999872148037,0.25016811432414243,0.698619904495594,0.04559296800728438,0.5450354770190265,0.25653206650831356,0.2504874127745915,0.6941222411544795,0.032314210232936236,0.5450354770190265,0.0,0.9999999999999999,0,False,0.07798830000683665,0.2505844377168275,0.732715327070169,0.038507831925648994,0.5336382021964116,0.0,0.8677910463939995,0,False,0.07977089995983988
tcs_ns,random_forest,2,1365,842,0.4901098901098901,0.4694522999925539,0.05314809991978109,0.2540958432304038,0.7015078255311579,0.06168646080760093,0.5221533646676007,0.41092636579572445,0.2504884112166926,0.6941241916767211,0.03476231255991769,0.47784663533239935,0.06532066508313539,-1.0,348111,False,1.3873717999085784,0.2502071352574555,0.6935617088625543,0.030425984706130813,0.5195858001536584,0.07838479809976247,0.8674995925851413,0,False,1.4643492999020964
tcs_ns,xgboost,2,1365,842,0.4901098901098901,0.34358710004016757,0.004727400024421513,0.2632443904876709,0.7224563956260681,0.10526625835945091,0.5284720025308446,0.37648456057007124,0.2507640651954326,0.694676152169251,0.03013819840700015,0.47152799746915525,0.4334916864608076,-0.9999999999999999,354061,False,0.9544655999634415,0.2501016724374411,0.6933427986466923,0.02766334235296458,0.5057000497130203,0.0,0.7372833308139485,0,False,1.0744880000129342
tcs_ns,logistic_regression,3,2207,841,0.5006796556411418,0.021027800044976175,0.0017679999582469463,0.25109481581155113,0.6951909921248292,0.039174655537386395,0.512461200353445,0.5005945303210464,0.2499212229892092,0.6929896256235666,0.017544911684124975,0.512461200353445,1.0,0.9999999999999999,0,False,0.09661309991497546,0.2501123712728863,0.6933262579279282,0.024690531763777394,0.5094167025398192,0.7657550535077289,0.8499668586704449,0,False,0.08637989999260753
tcs_ns,random_forest,3,2207,841,0.5006796556411418,0.5379920999985188,0.06755989999510348,0.25480820451843045,0.7030747763752941,0.0530796670630202,0.5084821125133109,0.3971462544589774,0.24984293484480238,0.6928329125219277,0.01750381880745406,0.5084821125133109,0.5945303210463734,1.0,0,False,1.574998200056143,0.2497303800566164,0.6926067169465413,0.016429432731684474,0.5123762376237623,0.6123662306777645,0.9712487557203205,0,False,1.5285596000030637
tcs_ns,xgboost,3,2207,841,0.5006796556411418,0.38851509999949485,0.005976599990390241,0.2588118612766266,0.7126405239105225,0.08406761607573798,0.526955842037293,0.460166468489893,0.2499834220399386,0.6931140254172301,0.017491592079569053,0.4730441579627071,0.9595719381688466,-0.9999999999999999,353220,False,0.9369026001077145,0.24974039276796398,0.6926309480411249,0.030003972522387602,0.5235714933049369,0.7942925089179548,0.7046146684651158,0,False,1.0337615000316873
tcs_ns,logistic_regression,4,3048,843,0.5059055118110236,0.021599400090053678,0.0018358000088483095,0.24971860547526678,0.6925284719674154,0.023686123920039916,0.525986916309497,0.6026097271648873,0.24962109004298857,0.6923892627320097,0.015247239571761781,0.525986916309497,0.9881376037959668,1.0,0,False,0.07673359999898821,0.24865526641403513,0.6904239381086114,0.013974221175273542,0.5200005639521769,0.8457888493475683,0.6281656614387016,0,False,0.08478840009775013
tcs_ns,random_forest,4,3048,843,0.5059055118110236,0.47169679997023195,0.054012599983252585,0.2533582443653618,0.7002578897932749,0.04888493475682088,0.527199413489736,0.5136417556346382,0.24961076500748214,0.6923685750670217,0.015023893085385234,0.527199413489736,0.9916963226571768,1.0,0,False,1.5916405000025406,0.24938050497325334,0.6918848835341672,0.014223764733959665,0.5164363861944506,0.5599051008303677,0.9344398474882532,0,False,1.4141419000225142
tcs_ns,xgboost,4,3048,843,0.5059055118110236,0.32399369997438043,0.004888600087724626,0.2594777047634125,0.7137700915336609,0.08984982681019876,0.5206293706293705,0.49110320284697506,0.24980410125368344,0.6927553715929303,0.015504985726671139,0.47937062937062935,1.0,-1.0,354903,False,1.0902897000778466,0.24929824939061765,0.6917432723760821,0.0166943837899971,0.5264380780509813,0.7615658362989324,0.8674772762457779,0,False,1.0415870000142604
tcs_ns,logistic_regression,5,3891,843,0.5093806219480853,0.027127200039103627,0.0016651999903842807,0.25631794010433834,0.7061935016290523,0.045229347558143125,0.4929828318923245,0.6370106761565836,0.25021361102375805,0.6935765050760224,0.006970132611399879,0.4929828318923245,0.8754448398576512,1.0,0,False,0.08840380003675818,0.25226674769613316,0.7740020088786667,0.020561135709920565,0.5036044008071152,0.8505338078291815,0.9243459708826439,0,False,0.08804229996167123
tcs_ns,random_forest,5,3891,843,0.5093806219480853,0.6037307999795303,0.08084730000700802,0.25233511269276393,0.6979404109458993,0.05105575326215895,0.5216714950795278,0.5326215895610913,0.24935371241560952,0.6918524896917118,0.004092099024478666,0.5216714950795278,0.9122182680901542,1.0,0,False,1.7117407999467105,0.24986778708191526,0.6928836542845498,0.009919424567062254,0.5033113142676782,0.8778173190984578,0.5673778958689105,0,False,1.6372713999589905
tcs_ns,xgboost,5,3891,843,0.5093806219480853,0.4364266999764368,0.005206400062888861,0.26106202602386475,0.7173643708229065,0.0766360311993218,0.5131776217154581,0.4472123368920522,0.24964567833848192,0.6924383657206906,0.005077860491489061,0.5131776217154581,1.0,1.0,0,False,1.037463500048034,0.24877604265066602,0.6902448378139059,0.008634157125060367,0.5198227953692327,0.5966785290628707,0.8704726356529305,0,False,1.034813700011
hdfcbank_ns,logistic_regression,1,885,924,0.46214689265536724,0.02166680002119392,0.002126900013536215,0.4058600953812149,1.8382995183149589,0.37427804620973487,0.5111541146758256,0.005411255411255411,0.2587977375100951,0.7112123621747993,0.09011310512626951,0.5111541146758256,0.0021645021645021645,1.0,0,False,0.07038170006126165,0.3968303846236977,9.304864778034064,0.33278682457598024,0.5002858227243122,0.008658008658008658,0.9234138995468546,0,False,0.07973799994215369
hdfcbank_ns,random_forest,1,885,924,0.46214689265536724,0.49130270001478493,0.07710849994327873,0.25807213203463203,0.7105223832542036,0.07670995670995667,0.5182340841255935,0.22294372294372294,0.2500465815078418,0.6932398413673577,0.0165770318034761,0.5182340841255935,0.024891774891774892,0.9999999999999998,0,False,1.6524393999716267,0.25118553910927416,0.7312152329300958,0.016898199292798722,0.52546633617438,0.05194805194805195,0.9358711477266506,0,False,1.6325404000235721
hdfcbank_ns,xgboost,1,885,924,0.46214689265536724,0.34171020006760955,0.0055822000140324235,0.2767416536808014,0.7558500170707703,0.13404543408357997,0.4947450789292425,0.28354978354978355,0.25030550562820486,0.6937590786400843,0.01788164063882952,0.4947450789292425,0.0,1.0,0,False,1.091022599954158,0.25046248470477744,0.6941813345373403,0.004787852598942116,0.4927115205300372,0.0,0.8898395520733763,0,False,1.0990101000061259
hdfcbank_ns,logistic_regression,2,1809,937,0.4787175234936429,0.013523000059649348,0.0023852000012993813,0.25043899764190064,0.6936779846263477,0.047499407403883066,0.5417943246890615,0.3820704375667022,0.2511575491592791,0.6954644251997207,0.031590649363320095,0.4582056753109385,0.0010672358591248667,-1.0,438516,False,0.10386529995594174,0.24965596889393035,0.6924585540448049,0.021950109417060163,0.5175598169019222,0.8623265741728922,0.5967903874950801,0,False,0.10044049995485693
hdfcbank_ns,random_forest,2,1809,937,0.4787175234936429,0.5457955999299884,0.07749639998655766,0.25659893276414086,0.7070861507969718,0.08486659551760935,0.5408437283437284,0.24439701173959444,0.2504270771965914,0.694001493592352,0.026160836359342188,0.5408437283437284,0.0,0.9999999999999998,0,False,1.4727019999409094,0.2495686668874391,0.692261791806262,0.02945449568213673,0.531565725644673,0.0,0.9005171034986387,0,False,1.5719593999674544
hdfcbank_ns,xgboost,2,1809,937,0.4787175234936429,0.3415070999180898,0.0045267000095918775,0.2708463668823242,0.7419272661209106,0.13317675078277783,0.5439234781340044,0.2753468516542156,0.2507851586048866,0.6947181319482358,0.024872083515548093,0.45607652186599557,0.0,-1.0,438516,False,0.9258255999302492,0.24977679753221252,0.6927198108516064,0.02573195078409217,0.532840026261079,0.0,0.6796902744523425,0,False,0.9237440000288188
hdfcbank_ns,logistic_regression,3,2746,938,0.4905316824471959,0.016217299969866872,0.0022791000083088875,0.25401462233456645,0.7018234757707675,0.05807637332451128,0.5077016803666254,0.44562899786780386,0.24996943706032168,0.6930860495714938,0.0040989995301556155,0.5077016803666254,0.9968017057569296,1.0,0,False,0.07778119994327426,0.24970486456359223,0.6925558416986606,0.007037933465642184,0.5217115552484178,0.8219616204690832,0.878313191204623,0,False,0.07264559995383024
hdfcbank_ns,random_forest,3,2746,938,0.4905316824471959,0.5114749999484047,0.08940219995565712,0.256032302771855,0.7058225455706306,0.05654584221748399,0.508188150141849,0.4147121535181237,0.24980740718592442,0.6927612702507814,0.0251371292908552,0.508188150141849,0.6332622601279317,1.0,0,False,1.7023746001068503,0.24989000473352188,0.692744407516263,0.021638149228863535,0.5145190768895032,0.5319829424307037,0.9399067536591913,0,False,1.6680411000270396
hdfcbank_ns,xgboost,3,2746,938,0.4905316824471959,0.38799080008175224,0.004579099942930043,0.2570161521434784,0.7097227573394775,0.07396663290097008,0.543568596784753,0.4626865671641791,0.24930757881647447,0.691761749472501,0.01921173506483083,0.543568596784753,0.6194029850746269,1.0,0,False,0.9895646000513807,0.24904949846831528,0.6912442514236979,0.013443428431068029,0.5347553102495088,0.4946695095948827,0.9169497353690399,0,False,0.977004999993369
hdfcbank_ns,logistic_regression,4,3684,940,0.493756786102063,0.01925350003875792,0.002398099983111024,0.2503138710785577,0.6936079431656085,0.043934463248788,0.5351265463625015,0.4702127659574468,0.2493777206816716,0.6919021837067207,0.016102331951382776,0.5351265463625015,1.0,1.0,0,False,0.06305070000234991,0.24829841700064995,0.6892644650428752,0.013332816179595685,0.5270026103733969,0.7223404255319149,0.8870819142403854,0,False,0.06909649993758649
hdfcbank_ns,random_forest,4,3684,940,0.493756786102063,0.5864959000609815,0.06351220002397895,0.24887749999999997,0.6910854585651214,0.03496808510638292,0.5560276926569061,0.48404255319148937,0.24871954895103401,0.6905846204536017,0.03865697409286208,0.5560276926569061,0.8191489361702128,1.0,0,False,1.6376019000308588,0.24884441815593938,0.6908046205094837,0.03336841013233968,0.546535013051867,0.9563829787234043,0.907480745876314,0,False,1.7192705000052229
hdfcbank_ns,xgboost,4,3684,940,0.493756786102063,0.33303239999804646,0.005360699957236648,0.2545211911201477,0.7037850618362427,0.0727646641116193,0.5493678356599705,0.42872340425531913,0.24863585712424413,0.6904162856385844,0.023842980040964377,0.5493678356599705,0.774468085106383,1.0,0,False,0.9678847000468522,0.24894955931128365,0.6913815470932307,0.01950759987615654,0.5288798093292476,0.9457446808510638,0.8763998215798057,0,False,0.9624299999559298
hdfcbank_ns,logistic_regression,5,4624,940,0.5004325259515571,0.01891260000411421,0.002485899953171611,0.2557082771694316,0.7106894786711523,0.05561204501060658,0.5318976449275362,0.5851063829787234,0.2495698253662472,0.6922898390152982,0.018627427122421856,0.5318976449275362,0.9414893617021277,1.0,0,False,0.06225550000090152,0.25129856607986,0.7304195310723391,0.020627607184400275,0.524345561594203,0.7776595744680851,0.9525968006632343,0,False,0.0710201000329107
hdfcbank_ns,random_forest,5,4624,940,0.5004325259515571,0.6155799000989646,0.05308179999701679,0.2539852659574468,0.7016940348776478,0.050085106382978764,0.5232880434782609,0.4425531914893617,0.24975014235410317,0.6926526183421322,0.012610561191874658,0.5232880434782609,0.7595744680851064,0.9999999999999998,0,False,1.6322265999624506,0.25013949573859806,0.6934421771551191,0.006336561166893724,0.5192844202898551,0.6840425531914893,0.8794308020982216,0,False,1.6312199000967667
hdfcbank_ns,xgboost,5,4624,940,0.5004325259515571,0.391041100025177,0.0056717999977990985,0.2599644958972931,0.7155272364616394,0.07013711460093233,0.5115670289855072,0.43936170212765957,0.2497588288448095,0.6926640894771927,0.004610826328250583,0.5115670289855072,0.8021276595744681,1.0,0,False,1.0619418000569567,0.2502846849960047,0.7277957485993656,0.02492544309897184,0.5137115036231884,0.6787234042553192,0.9817530411211262,0,False,1.0621544999303296
infy_ns,logistic_regression,1,885,924,0.4711864406779661,0.02010219998192042,0.0019259999971836805,0.2555548665164876,0.7050953657988702,0.06916879199204455,0.5207112235575234,0.07683982683982683,0.2508615841615001,0.6948726713542427,0.0290916168854361,0.47928877644247664,0.0,-1.0,426426,False,0.07987480005249381,0.2584701221190939,1.0246438148880457,0.04470160248921952,0.49251060041698874,0.0,0.4303807801608261,0,False,0.07290949998423457
infy_ns,random_forest,1,885,924,0.4711864406779661,0.42558249994181097,0.10200820001773536,0.2673977543290043,0.7313693555782782,0.10725649350649348,0.5027127696956919,0.17207792207792208,0.2508973345771622,0.6949449411989637,0.029139964787917135,0.49728723030430816,0.0010822510822510823,-1.0,420012,False,1.3351376000791788,0.25332543868473933,0.8385376214305396,0.04930436189627348,0.4998641272518566,0.024891774891774892,0.32618062263834713,0,False,1.1713543999940157
infy_ns,xgboost,1,885,924,0.4711864406779661,0.4034070000052452,0.006076499936170876,0.3096650242805481,0.8564868569374084,0.21529571452778784,0.5013891817180874,0.11147186147186147,0.25070552451244205,0.6945613745108002,0.02298139105583563,0.4986108182819125,0.0,-1.0,426426,False,1.004535499960184,0.2590551215402757,1.0602447376714836,0.05103090393786429,0.5031906669477827,0.0,0.7980601346954499,0,False,0.8693410999840125
infy_ns,logistic_regression,2,1809,937,0.48756218905472637,0.01758210000116378,0.0015678999479860067,0.25347911842258003,0.6999656044620004,0.06703705256498725,0.4646401137202373,0.2657417289220918,0.24995129435240127,0.693050101219767,0.01620140018204439,0.5353598862797626,0.06830309498399147,-1.0,438516,False,0.06122099992353469,0.25068846355331126,0.6943199656575447,0.030005790475743907,0.48307181323637954,0.8132337246531484,0.6751040386290748,0,False,0.061447200016118586
infy_ns,random_forest,2,1809,937,0.48756218905472637,0.41207229997962713,0.04811219999101013,0.25945872465314834,0.7132080813401516,0.0810298826040555,0.5006287416965092,0.3671291355389541,0.2500646928822193,0.693276585122152,0.015159827708987878,0.5006287416965092,0.192102454642476,1.0,0,False,1.3381757999304682,0.2502856751056546,0.6937399463122662,0.009102184048101352,0.5107136673865303,0.5432230522945571,0.8686990437498904,0,False,1.4406472999835387
infy_ns,xgboost,2,1809,937,0.48756218905472637,0.30596949998289347,0.005701899994164705,0.2689833343029022,0.7346001863479614,0.1003940610678244,0.4804497781179665,0.3660618996798292,0.24995217097179928,0.6930515639380294,0.009461151948396878,0.5195502218820335,0.11099252934898612,-1.0,438516,False,0.9564983999589458,0.25009704365404345,0.6933268693282252,0.011257000451142283,0.49880858004610773,0.030949839914621132,0.2999988544400321,0,False,0.9578829000238329
infy_ns,logistic_regression,3,2746,938,0.4927166788055353,0.016330700018443167,0.002109499997459352,0.24995214852615877,0.6931899240394296,0.020855052630528066,0.5128233151183971,0.5831556503198294,0.2501971002273206,0.6935414221595383,0.027214339567842145,0.4871766848816029,0.09808102345415778,-1.0,439453,False,0.06771670002490282,0.2493192339505104,0.6917849004428531,0.01569980423657621,0.5104143897996357,0.94136460554371,0.42734043623079254,0,False,0.08862400008365512
infy_ns,random_forest,3,2746,938,0.4927166788055353,0.506670199916698,0.05819800007157028,0.2504389392324094,0.69425460773363,0.03865138592750528,0.5398907103825136,0.5597014925373134,0.2499610690247822,0.6930693185104336,0.019317382429508312,0.5398907103825136,1.0,1.0,0,False,1.4478493999922648,0.24964659204220976,0.6925399085954551,0.021677534723071476,0.5298565573770492,0.26439232409381663,0.854936536713575,0,False,1.6963619999587536
infy_ns,xgboost,3,2746,938,0.4927166788055353,0.40701810002792627,0.00557069992646575,0.2548953890800476,0.704144299030304,0.08749752690288816,0.5451639344262295,0.5191897654584222,0.2498297731689227,0.6928067221995873,0.027990856977428827,0.5451639344262295,0.9072494669509595,1.0,0,False,0.9861029000021517,0.24987177317738407,0.6929035044982286,0.027507254784493142,0.525530510018215,0.6364605543710021,0.8613723190465968,0,False,0.986925599980168
infy_ns,logistic_regression,4,3684,940,0.499728555917481,0.013208000105805695,0.0027526000048965216,0.24931530222171291,0.6917246488364364,0.009084583211484436,0.5158967391304348,0.7531914893617021,0.2496869083630237,0.6925205868617463,0.006129882436545163,0.5158967391304348,0.9925531914893617,1.0,0,False,0.07937119994312525,0.24951010558941603,0.6921565966046065,0.011028481043928588,0.5271716485507247,0.9744680851063829,0.7811453451872423,0,False,0.05587819998618215
infy_ns,random_forest,4,3684,940,0.499728555917481,0.5778212000150234,0.07657939998898655,0.24919938829787233,0.6914826931698564,0.03093085106382985,0.5465919384057971,0.5680851063829787,0.24896586208875032,0.6910741739032417,0.006390189469201324,0.5465919384057971,0.9085106382978724,0.9999999999999998,0,False,1.8197957000229508,0.2487540015755196,0.6904434729680575,0.012061622120700404,0.5418591485507246,0.6776595744680851,0.931272393836881,0,False,1.6028072000481188
infy_ns,xgboost,4,3684,940,0.499728555917481,0.347885400056839,0.005710299941711128,0.25347059965133667,0.7008388042449951,0.06825976233850134,0.5428940217391305,0.6117021276595744,0.2493918471480373,0.6919286751635565,0.006833625184204602,0.5428940217391305,0.9765957446808511,0.9999999999999998,0,False,1.0736338999122381,0.2483277434938181,0.6895447826535186,0.017300611427066015,0.5413813405797103,0.7595744680851064,0.9651205492323898,0,False,1.1620434999931604
infy_ns,logistic_regression,5,4624,940,0.5019463667820069,0.01929520000703633,0.0028553999727591872,0.25192579231538553,0.6972574476617148,0.022666186542861143,0.48955602883355176,0.7648936170212766,0.2491627004364287,0.6914733067638196,0.01572535758227695,0.48955602883355176,0.9861702127659574,1.0,0,False,0.08566280000377446,0.2533123302811273,0.7007425362386761,0.01950673341051984,0.48574705111402355,0.95,0.8701377692500786,0,False,0.09036989999003708
infy_ns,random_forest,5,4624,940,0.5019463667820069,0.6845739000709727,0.05130639998242259,0.25635090425531915,0.7061608149771268,0.08422340425531913,0.4871145514780836,0.5106382978723404,0.24951086463331462,0.6921678607573628,0.02104453675117802,0.4871145514780836,0.8712765957446809,1.0,0,False,1.7984748999588192,0.2500834780788232,0.6934523174036791,0.03530676195262382,0.49090077544779387,0.5468085106382978,0.9645303482269186,0,False,2.0121567000169307
infy_ns,xgboost,5,4624,940,0.5019463667820069,0.4737745999591425,0.0053171999752521515,0.261373370885849,0.7174506187438965,0.08458549824166806,0.5013128913644969,0.5042553191489362,0.24934397065998626,0.6918365833421332,0.028419881960728886,0.5013128913644969,0.8404255319148937,0.9999999999999998,0,False,1.2345836999593303,0.2512998328071617,0.6959620281158257,0.023415735260306055,0.5022935779816514,0.7606382978723404,0.9467908160096462,0,False,1.2090916999150068
icicibank_ns,logistic_regression,1,803,846,0.49813200498132004,0.020365900010801852,0.0026264999760314822,0.2928531493079681,0.8122484082557193,0.17868644472722522,0.48791133863900565,0.8699763593380615,0.25107330961647223,0.6952998282334509,0.02980966188905876,0.48791133863900565,1.0,1.0,0,False,0.06573300005402416,0.31931810684086154,2.408536116480094,0.18097661774886742,0.484091366359653,0.9929078014184397,0.9709341082428696,0,False,0.0731624000472948
icicibank_ns,random_forest,1,803,846,0.49813200498132004,0.5216994999209419,0.07798739999998361,0.2514972222222222,0.6966155102655922,0.0666312056737588,0.5645706652955379,0.6903073286052009,0.2500320552210112,0.6932103701306895,0.020820683164333165,0.5645706652955379,1.0,1.0,0,False,1.2971869999310002,0.2506433017206565,0.6945239215085633,0.04293675267843341,0.5495171242063847,0.9491725768321513,0.8414106357676989,0,False,1.2629256999352947
icicibank_ns,xgboost,1,803,846,0.49813200498132004,0.31397300004027784,0.00461509998422116,0.27111655473709106,0.7452954053878784,0.1306384230301172,0.5439785835643387,0.6926713947990544,0.25016696296976515,0.6934810610444515,0.01978511027252028,0.5439785835643387,1.0,1.0,0,False,0.9153827000409365,0.2510426144287537,0.7325294761007928,0.044798578744223036,0.520882701421801,0.9988179669030733,0.8664358232022418,0,False,0.9298373999772593
icicibank_ns,logistic_regression,2,1649,846,0.4996967859308672,0.01817070005927235,0.0015098999720066786,0.25198988503055475,0.7354640785112394,0.02816854357235061,0.5200704225352113,0.4988179669030733,0.2500092877371916,0.693165785907739,0.006394896701252151,0.5200704225352113,1.0,1.0,0,False,0.06981700006872416,0.2506237316695233,0.7326161618349893,0.005803102298960367,0.5012100380058127,0.9952718676122931,0.13276230641616715,0,False,0.09452050004620105
icicibank_ns,random_forest,2,1649,846,0.4996967859308672,0.45476550003513694,0.05488109996076673,0.2621349586288416,0.7192385554252835,0.09550236406619383,0.5036692376481108,0.6028368794326241,0.2503464972873044,0.6938394936562576,0.01872279712377501,0.5036692376481108,0.7612293144208038,1.0,0,False,1.2990575999720022,0.2553909630545538,0.9699681848973467,0.02950667842023613,0.5050162083612788,0.6808510638297872,0.9597293217556746,0,False,1.2302490998990834
icicibank_ns,xgboost,2,1649,846,0.4996967859308672,0.3495851999614388,0.016323700081557035,0.27035632729530334,0.7381606101989746,0.12802579395701977,0.49913369103509947,0.6749408983451537,0.250967756811039,0.6950834099780263,0.03745400402931126,0.49913369103509947,0.8144208037825059,1.0,0,False,1.0829545999877155,0.25177475160858115,0.7348087450410528,0.03998375150722909,0.5067907444668007,0.9042553191489362,0.8558572496407176,0,False,1.0572600999148563
icicibank_ns,logistic_regression,3,2495,846,0.501002004008016,0.027400200022384524,0.0023895000340417027,0.24760886900013865,0.6881860185309152,0.013128879294893857,0.5536609493150915,0.38652482269503546,0.24916656697095968,0.6914778026555819,0.018115095787115273,0.5536609493150915,0.5520094562647754,1.0,0,False,0.0834853999549523,0.24864621817510024,0.6899826115248593,0.029539018090488124,0.5496174460260774,0.35815602836879434,0.9449339481369153,0,False,0.11562810000032187
icicibank_ns,random_forest,3,2495,846,0.501002004008016,0.5364017999963835,0.07889220002107322,0.2509064420803782,0.6950416903648065,0.0548463356973995,0.5356901340755271,0.46808510638297873,0.2490547408212663,0.6912524052742134,0.01481775757580302,0.5356901340755271,0.5200945626477541,1.0,0,False,1.6974470999557525,0.2484005337824029,0.6898518992381327,0.019430568372102077,0.5428801368140436,0.6997635933806147,0.9164696731943878,0,False,1.4375515000429004
icicibank_ns,xgboost,3,2495,846,0.501002004008016,0.3863818000536412,0.0057706000516191125,0.25618818402290344,0.7067185640335083,0.06206010340164738,0.5240346729708432,0.4846335697399527,0.2496134532461538,0.6923738125329091,0.003492845093718334,0.5240346729708432,0.5862884160756501,1.0,0,False,0.931256299954839,0.24992429933944688,0.6929991430597766,0.009431254123943909,0.5118650414410184,0.9243498817966903,0.6872545549996555,0,False,0.9470944999484345
icicibank_ns,logistic_regression,4,3341,848,0.5007482789583957,0.019666999927721918,0.001665599993430078,0.2519255924355075,0.6971795751337291,0.02334941313558904,0.5153539465246606,0.37735849056603776,0.24987657768695046,0.6929003036525393,0.02393306717935925,0.5153539465246606,0.16981132075471697,1.0,0,False,0.07961459993384778,0.2503751235804898,0.7318927971732662,0.019950156063828075,0.5160844230072211,0.33608490566037735,0.9575166882828818,0,False,0.06115199998021126
icicibank_ns,random_forest,4,3341,848,0.5007482789583957,0.5170393000589684,0.06261469994205981,0.2579409198113208,0.7099935802082865,0.06985849056603771,0.49974070872947274,0.42806603773584906,0.25024593079685215,0.6936424031171496,0.01729343479255986,0.49974070872947274,0.3490566037735849,0.9999999999999999,0,False,1.5114852000260726,0.25081634950625253,0.6948059069341181,0.014856287600443028,0.4955920484010372,0.1179245283018868,0.7864273593834101,0,False,1.5128379999659956
icicibank_ns,xgboost,4,3341,848,0.5007482789583957,0.4008461000630632,0.00580629997421056,0.2584307789802551,0.711232602596283,0.06395242686541575,0.5041514484066133,0.4233490566037736,0.24980463751020004,0.692755298184123,0.014181886940654004,0.5041514484066133,0.30306603773584906,1.0,0,False,1.1853775000199676,0.25031792846045364,0.6938537988936762,0.013351841761248182,0.5058939972676834,0.43160377358490565,0.9588677344393159,0,False,1.2311455000890419
icicibank_ns,logistic_regression,5,4189,848,0.4955836715206493,0.025503099896013737,0.001660600071772933,0.25932889795489905,0.7126230703787562,0.0877336851107584,0.5137981989014971,0.125,0.2514300801881745,0.6960131286576351,0.05119404116606559,0.5137981989014971,0.04481132075471698,1.0,0,False,0.11775510001461953,0.2518111067113905,0.6960981530875252,0.055822345126533175,0.5038308194161765,0.12264150943396226,0.6226478603729534,0,False,0.11205629992764443
icicibank_ns,random_forest,5,4189,848,0.4955836715206493,0.6295494999503717,0.07754570001270622,0.2587080188679245,0.7112190551019891,0.09067216981132073,0.5233334262692726,0.21226415094339623,0.25116058896116306,0.6954719614109088,0.04957223609786851,0.5233334262692726,0.1580188679245283,0.9999999999999999,0,False,1.845787400030531,0.25169138062774954,0.696110355219132,0.0529780783803642,0.518041653887975,0.08844339622641509,0.9487191205529729,0,False,1.6289798999205232
icicibank_ns,xgboost,5,4189,848,0.4955836715206493,0.37028570007532835,0.0047688999911770225,0.27040284872055054,0.7382866740226746,0.12073296608122171,0.518554660272674,0.20047169811320756,0.25129926367760747,0.6957532066786037,0.04723319502505823,0.518554660272674,0.13089622641509435,1.0,0,False,1.19462670001667,0.25279854453918055,0.6987059220811699,0.05303522299292257,0.5181922101095715,0.04834905660377359,0.9233184589611062,0,False,1.3338367999531329
