asset,model,fold,train_samples,validation_samples,fixed_threshold,dynamic_threshold,fixed_accuracy,dynamic_accuracy,fixed_precision,dynamic_precision,fixed_recall,dynamic_recall,fixed_f1,dynamic_f1,roc_auc,delta_recall,delta_f1,fixed_recall_below_35,dynamic_recall_below_35,fallback_used
reliance_ns,logistic_regression,1,887,925,0.5,0.2,0.44972972972972974,0.4843243243243243,0.6666666666666666,0.5307971014492754,0.007827788649706457,0.5733855185909981,0.015473887814313346,0.5512699905926622,0.49344375431331944,0.5655577299412916,0.5357961027783489,True,False,False
reliance_ns,random_forest,1,887,925,0.5,0.2,0.4745945945945946,0.5491891891891892,0.5874125874125874,0.5509761388286334,0.1643835616438356,0.9941291585127201,0.25688073394495414,0.7090020935101187,0.5070880248069051,0.8297455968688845,0.4521213595651645,True,False,False
reliance_ns,xgboost,1,887,925,0.5,0.23,0.46702702702702703,0.4918918918918919,0.5608108108108109,0.5352839931153184,0.162426614481409,0.6086105675146771,0.251896813353566,0.5695970695970696,0.4896196715732154,0.44618395303326813,0.31770025624350356,True,False,False
reliance_ns,logistic_regression,2,1812,936,0.5,0.2,0.5106837606837606,0.5010683760683761,0.5056689342403629,0.5005347593582887,0.9529914529914529,1.0,0.6607407407407407,0.6671418389166073,0.5112955657827453,0.047008547008547064,0.0064010981758665375,False,False,False
reliance_ns,random_forest,2,1812,936,0.5,0.2,0.5,0.5,0.5,0.5,0.4444444444444444,1.0,0.47058823529411764,0.6666666666666666,0.48824558039301635,0.5555555555555556,0.196078431372549,False,False,False
reliance_ns,xgboost,2,1812,936,0.5,0.22,0.5042735042735043,0.4967948717948718,0.5061728395061729,0.49817739975698666,0.3504273504273504,0.8760683760683761,0.41414141414141414,0.635166537567777,0.5012738330046022,0.5256410256410257,0.22102512342636282,False,False,False
reliance_ns,logistic_regression,3,2748,937,0.5,0.2,0.5048025613660619,0.48452508004268946,0.4931506849315068,0.48452508004268946,0.7929515418502202,1.0,0.6081081081081081,0.6527677929547089,0.5333771125764997,0.2070484581497798,0.04465968484660077,False,False,False
reliance_ns,random_forest,3,2748,937,0.5,0.21,0.5229455709711847,0.4855923159018143,0.5064220183486239,0.48504273504273504,0.6079295154185022,1.0,0.5525525525525525,0.6532374100719425,0.5321321403489571,0.39207048458149785,0.10068485751938994,False,False,False
reliance_ns,xgboost,3,2748,937,0.5,0.2,0.535752401280683,0.4855923159018143,0.516295025728988,0.48504273504273504,0.6629955947136564,1.0,0.5805207328833173,0.6532374100719425,0.5480978830911795,0.33700440528634357,0.07271667718862518,False,False,False
reliance_ns,logistic_regression,4,3685,939,0.5,0.21,0.5420660276890309,0.5303514376996805,0.5521472392638037,0.5303514376996805,0.7228915662650602,1.0,0.6260869565217392,0.6931106471816284,0.5262592319390942,0.27710843373493976,0.06702369065988922,False,False,False
reliance_ns,random_forest,4,3685,939,0.5,0.21,0.516506922257721,0.5303514376996805,0.5516431924882629,0.5303514376996805,0.4718875502008032,1.0,0.5086580086580087,0.6931106471816284,0.5241851760784635,0.5281124497991968,0.1844526385236197,False,False,False
reliance_ns,xgboost,4,3685,939,0.5,0.2,0.4984025559105431,0.5303514376996805,0.5323741007194245,0.5303514376996805,0.4457831325301205,1.0,0.4852459016393443,0.6931106471816284,0.5050997641359087,0.5542168674698795,0.20786474554228412,False,False,False
reliance_ns,logistic_regression,5,4624,939,0.5,0.2,0.5239616613418531,0.5143769968051118,0.5261627906976745,0.5143769968051118,0.7494824016563147,1.0,0.6182749786507259,0.679324894514768,0.5353056554429553,0.25051759834368525,0.06104991586404207,False,False,False
reliance_ns,random_forest,5,4624,939,0.5,0.21,0.5239616613418531,0.5143769968051118,0.5293159609120521,0.5143769968051118,0.6728778467908902,1.0,0.5925250683682771,0.679324894514768,0.5189808761033016,0.32712215320910976,0.08679982614649084,False,False,False
reliance_ns,xgboost,5,4624,939,0.5,0.2,0.5197018104366348,0.5143769968051118,0.5243161094224924,0.5143769968051118,0.7142857142857143,1.0,0.6047326906222612,0.679324894514768,0.5183611201917839,0.2857142857142857,0.07459220389250676,False,False,False
tcs_ns,logistic_regression,1,524,841,0.5,0.33,0.5005945303210464,0.4839476813317479,0.49115646258503404,0.4837935174069628,0.8869778869778869,0.9901719901719902,0.6322241681260946,0.65,0.507387991258959,0.10319410319410327,0.017775831873905412,False,False,False
tcs_ns,random_forest,1,524,841,0.5,0.24,0.5053507728894173,0.4839476813317479,0.4900662251655629,0.48390941597139453,0.5454545454545454,0.9975429975429976,0.5162790697674419,0.651685393258427,0.5093864287412675,0.45208845208845216,0.13540632349098514,False,False,False
tcs_ns,xgboost,1,524,841,0.5,0.2,0.4839476813317479,0.4803804994054697,0.4679334916864608,0.48157248157248156,0.48402948402948404,0.9631449631449631,0.4758454106280193,0.6420966420966421,0.4967617386972226,0.4791154791154791,0.16625123146862275,False,False,False
tcs_ns,logistic_regression,2,1365,842,0.5,0.26,0.501187648456057,0.5190023752969121,0.5370370370370371,0.5184743742550656,0.26605504587155965,0.9977064220183486,0.3558282208588957,0.6823529411764706,0.5450354770190265,0.7316513761467889,0.3265247203175749,True,False,False
tcs_ns,random_forest,2,1365,842,0.5,0.24,0.517814726840855,0.5190023752969121,0.5433526011560693,0.5184304399524375,0.43119266055045874,1.0,0.48081841432225064,0.682850430696946,0.5221533646676007,0.5688073394495412,0.2020320163746953,False,False,False
tcs_ns,xgboost,2,1365,842,0.5,0.2,0.5190023752969121,0.5344418052256532,0.5488958990536278,0.5268948655256723,0.39908256880733944,0.9885321100917431,0.46215139442231074,0.6874003189792663,0.5284720025308446,0.5894495412844036,0.2252489245569556,False,False,False
tcs_ns,logistic_regression,3,2207,841,0.5,0.3,0.5005945303210464,0.5231866825208086,0.5201900237529691,0.5215311004784688,0.5011441647597255,0.9977116704805492,0.5104895104895105,0.6849960722702279,0.512461200353445,0.49656750572082375,0.17450656178071733,False,False,False
tcs_ns,random_forest,3,2207,841,0.5,0.27,0.5136741973840666,0.5208085612366231,0.5419161676646707,0.5202380952380953,0.41418764302059496,1.0,0.4695201037613489,0.6844166014095536,0.5084821125133109,0.585812356979405,0.21489649764820473,False,False,False
tcs_ns,xgboost,3,2207,841,0.5,0.2,0.5124851367419738,0.5231866825208086,0.5348837209302325,0.5215311004784688,0.47368421052631576,0.9977116704805492,0.5024271844660194,0.6849960722702279,0.526955842037293,0.5240274599542334,0.18256888780420844,False,False,False
tcs_ns,logistic_regression,4,3048,843,0.5,0.35,0.5231316725978647,0.5255041518386714,0.5374015748031497,0.5238663484486874,0.6204545454545455,0.9977272727272727,0.5759493670886076,0.6870109546165885,0.525986916309497,0.3772727272727272,0.1110615875279809,False,False,False
tcs_ns,random_forest,4,3048,843,0.5,0.21,0.5195729537366548,0.5219454329774614,0.5404157043879908,0.5219454329774614,0.5318181818181819,1.0,0.5360824742268041,0.6858924395946999,0.527199413489736,0.46818181818181814,0.14980996536789581,False,False,False
tcs_ns,xgboost,4,3048,843,0.5,0.2,0.5088967971530249,0.5231316725978647,0.5314009661835749,0.5225653206650831,0.5,1.0,0.5152224824355972,0.6864274570982839,0.5206293706293705,0.5,0.1712049746626867,False,False,False
tcs_ns,logistic_regression,5,3891,843,0.5,0.28,0.5112692763938316,0.5195729537366548,0.5232774674115456,0.5190476190476191,0.6430205949656751,0.9977116704805492,0.5770020533880903,0.682850430696946,0.4929828318923245,0.3546910755148741,0.10584837730885566,False,False,False
tcs_ns,random_forest,5,3891,843,0.5,0.26,0.5112692763938316,0.5183867141162515,0.5278396436525612,0.5183867141162515,0.5423340961098398,1.0,0.5349887133182845,0.6828125,0.5216714950795278,0.45766590389016015,0.14782378668171559,False,False,False
tcs_ns,xgboost,5,3891,843,0.5,0.2,0.5183867141162515,0.5183867141162515,0.5411140583554377,0.5184304399524375,0.4668192219679634,0.9977116704805492,0.5012285012285013,0.6823161189358372,0.5131776217154581,0.5308924485125859,0.18108761770733595,False,False,False
hdfcbank_ns,logistic_regression,1,885,924,0.5,0.24,0.5043290043290043,0.5010822510822511,0.4,0.49038461538461536,0.00437636761487965,0.22319474835886213,0.008658008658008658,0.3067669172932331,0.5111541146758256,0.2188183807439825,0.29810890863522443,True,True,False
hdfcbank_ns,random_forest,1,885,924,0.5,0.21,0.5010822510822511,0.4945887445887446,0.49029126213592233,0.4945887445887446,0.2210065645514223,1.0,0.3046757164404223,0.6618392469225199,0.5182340841255935,0.7789934354485777,0.35716353048209765,True,False,False
hdfcbank_ns,xgboost,1,885,924,0.5,0.2,0.4989177489177489,0.49567099567099565,0.48854961832061067,0.4948453608247423,0.2800875273522976,0.9452954048140044,0.3560500695410292,0.649624060150376,0.4947450789292425,0.6652078774617068,0.2935739906093468,True,False,False
hdfcbank_ns,logistic_regression,2,1809,937,0.5,0.2,0.5314834578441836,0.5165421558164355,0.5586592178770949,0.5150214592274678,0.4158004158004158,0.997920997920998,0.4767580452920143,0.6794055201698513,0.5417943246890615,0.5821205821205822,0.20264747487783702,False,False,False
hdfcbank_ns,random_forest,2,1809,937,0.5,0.22,0.5176093916755603,0.5133404482390609,0.5633187772925764,0.5133689839572193,0.2681912681912682,0.997920997920998,0.36338028169014086,0.6779661016949152,0.5408437283437284,0.7297297297297298,0.31458582000477436,True,False,False
hdfcbank_ns,xgboost,2,1809,937,0.5,0.2,0.5208110992529349,0.5218783351120597,0.562015503875969,0.5190311418685121,0.30145530145530147,0.9355509355509356,0.39242219215155616,0.6676557863501483,0.5439234781340044,0.6340956340956341,0.27523359419859217,True,False,False
hdfcbank_ns,logistic_regression,3,2746,938,0.5,0.2,0.4968017057569296,0.502132196162047,0.5,0.5026737967914439,0.4427966101694915,0.9957627118644068,0.4696629213483146,0.668088130774698,0.5077016803666254,0.5529661016949152,0.19842520942638336,False,False,False
hdfcbank_ns,random_forest,3,2746,938,0.5,0.27,0.5191897654584222,0.5010660980810234,0.5269922879177378,0.5021551724137931,0.4343220338983051,0.9872881355932204,0.47619047619047616,0.6657142857142857,0.508188150141849,0.5529661016949152,0.18952380952380954,False,False,False
hdfcbank_ns,xgboost,3,2746,938,0.5,0.21,0.5287846481876333,0.5063965884861408,0.5345622119815668,0.504885993485342,0.4915254237288136,0.9851694915254238,0.5121412803532008,0.6676238334529792,0.543568596784753,0.4936440677966102,0.15548255309977832,False,False,False
hdfcbank_ns,logistic_regression,4,3684,940,0.5,0.2,0.526595744680851,0.526595744680851,0.5565610859728507,0.526595744680851,0.49696969696969695,1.0,0.5250800426894343,0.6898954703832753,0.5351265463625015,0.503030303030303,0.16481542769384094,False,False,False
hdfcbank_ns,random_forest,4,3684,940,0.5,0.2,0.5382978723404256,0.526595744680851,0.567032967032967,0.526595744680851,0.5212121212121212,1.0,0.5431578947368421,0.6898954703832753,0.5560276926569061,0.47878787878787876,0.1467375756464332,False,False,False
hdfcbank_ns,xgboost,4,3684,940,0.5,0.2,0.5170212765957447,0.5255319148936171,0.5508684863523573,0.5262032085561498,0.4484848484848485,0.9939393939393939,0.49443207126948774,0.6881118881118881,0.5493678356599705,0.5454545454545454,0.19367981684240032,False,False,False
hdfcbank_ns,logistic_regression,5,4624,940,0.5,0.2,0.5404255319148936,0.5106382978723404,0.5436363636363636,0.5106382978723404,0.6229166666666667,1.0,0.5805825242718446,0.676056338028169,0.5318976449275362,0.3770833333333333,0.09547381375632435,False,False,False
hdfcbank_ns,random_forest,5,4624,940,0.5,0.22,0.5106382978723404,0.5106382978723404,0.5240384615384616,0.5106382978723404,0.45416666666666666,1.0,0.48660714285714285,0.676056338028169,0.5232880434782609,0.5458333333333334,0.18944919517102615,False,False,False
hdfcbank_ns,xgboost,5,4624,940,0.5,0.2,0.5180851063829788,0.5106382978723404,0.5326876513317191,0.5106382978723404,0.4583333333333333,1.0,0.49272116461366183,0.676056338028169,0.5115670289855072,0.5416666666666667,0.18333517341450717,False,False,False
infy_ns,logistic_regression,1,885,924,0.5,0.28,0.49134199134199136,0.49783549783549785,0.4647887323943662,0.5005476451259584,0.07096774193548387,0.9827956989247312,0.12313432835820895,0.6632801161103048,0.5207112235575234,0.9118279569892473,0.5401457877520959,True,False,False
infy_ns,random_forest,1,885,924,0.5,0.2,0.5021645021645021,0.5064935064935064,0.5157232704402516,0.5049288061336255,0.17634408602150536,0.9913978494623656,0.26282051282051283,0.6690856313497823,0.5027127696956919,0.8150537634408603,0.40626511852926944,True,False,False
infy_ns,xgboost,1,885,924,0.5,0.2,0.5151515151515151,0.5054112554112554,0.5825242718446602,0.5059701492537313,0.12903225806451613,0.7290322580645161,0.2112676056338028,0.5973568281938326,0.5013891817180874,0.6,0.3860892225600298,True,False,False
infy_ns,logistic_regression,2,1809,937,0.5,0.26,0.46851654215581645,0.503735325506937,0.4457831325301205,0.5032051282051282,0.2356687898089172,1.0,0.30833333333333335,0.6695095948827292,0.4646401137202373,0.7643312101910829,0.36117626154939586,True,False,False
infy_ns,random_forest,2,1809,937,0.5,0.24,0.5016008537886874,0.5005336179295624,0.5058139534883721,0.5016042780748663,0.36942675159235666,0.9957537154989384,0.4269938650306748,0.6671408250355618,0.5006287416965092,0.6263269639065818,0.240146960004887,False,False,False
infy_ns,xgboost,2,1809,937,0.5,0.2,0.4983991462113127,0.4994663820704376,0.5014577259475219,0.5010752688172043,0.3651804670912951,0.9893842887473461,0.4226044226044226,0.6652391149179158,0.4804497781179665,0.624203821656051,0.24263469231349316,False,False,False
infy_ns,logistic_regression,3,2746,938,0.5,0.22,0.5362473347547975,0.5213219616204691,0.5484460694698354,0.520855614973262,0.6147540983606558,0.9979508196721312,0.5797101449275363,0.6844694307800422,0.5128233151183971,0.3831967213114754,0.10475928585250593,False,False,False
infy_ns,random_forest,3,2746,938,0.5,0.2,0.5319829424307037,0.5202558635394456,0.5466666666666666,0.5202558635394456,0.5881147540983607,1.0,0.5666337611056268,0.6844319775596073,0.5398907103825136,0.41188524590163933,0.11779821645398048,False,False,False
infy_ns,xgboost,3,2746,938,0.5,0.2,0.5149253731343284,0.523454157782516,0.5338809034907598,0.5219251336898396,0.5327868852459017,1.0,0.5333333333333333,0.6858749121574139,0.5451639344262295,0.4672131147540983,0.1525415788240806,False,False,False
infy_ns,logistic_regression,4,3684,940,0.5,0.21,0.5319148936170213,0.5117021276595745,0.5282485875706214,0.5111821086261981,0.7791666666666667,1.0,0.6296296296296297,0.6765327695560254,0.5158967391304348,0.22083333333333333,0.04690313992639572,False,False,False
infy_ns,random_forest,4,3684,940,0.5,0.23,0.5255319148936171,0.5106382978723404,0.5318352059925093,0.5106382978723404,0.5916666666666667,1.0,0.5601577909270217,0.676056338028169,0.5465919384057971,0.4083333333333333,0.11589854710114733,False,False,False
infy_ns,xgboost,4,3684,940,0.5,0.2,0.5202127659574468,0.5106382978723404,0.5252173913043479,0.5106609808102346,0.6291666666666667,0.9979166666666667,0.5725118483412323,0.6755994358251057,0.5428940217391305,0.36875,0.10308758748387348,False,False,False
infy_ns,logistic_regression,5,4624,940,0.5,0.31,0.5223404255319148,0.5361702127659574,0.5382475660639777,0.5361702127659574,0.7678571428571429,1.0,0.6328699918233851,0.6980609418282548,0.48955602883355176,0.2321428571428571,0.06519095000486974,False,False,False
infy_ns,random_forest,5,4624,940,0.5,0.2,0.4829787234042553,0.5361702127659574,0.51875,0.5361702127659574,0.49404761904761907,1.0,0.5060975609756098,0.6980609418282548,0.4871145514780836,0.5059523809523809,0.19196338085264508,False,False,False
infy_ns,xgboost,5,4624,940,0.5,0.2,0.5042553191489362,0.5361702127659574,0.540084388185654,0.5361702127659574,0.5079365079365079,1.0,0.523517382413088,0.6980609418282548,0.5013128913644969,0.4920634920634921,0.17454355941516686,False,False,False
icicibank_ns,logistic_regression,1,803,846,0.5,0.21,0.48936170212765956,0.5047281323877069,0.4945652173913043,0.5029655990510083,0.8584905660377359,1.0,0.6275862068965518,0.6692975532754538,0.48791133863900565,0.14150943396226412,0.04171134637890206,False,False,False
icicibank_ns,random_forest,1,803,846,0.5,0.21,0.541371158392435,0.5011820330969267,0.5308219178082192,0.5011820330969267,0.7311320754716981,1.0,0.6150793650793651,0.6677165354330709,0.5645706652955379,0.2688679245283019,0.05263717035370574,False,False,False
icicibank_ns,xgboost,1,803,846,0.5,0.21,0.5366430260047281,0.5,0.5273037542662116,0.5005959475566151,0.7287735849056604,0.9905660377358491,0.6118811881188119,0.665083135391924,0.5439785835643387,0.2617924528301887,0.053201947273112116,False,False,False
icicibank_ns,logistic_regression,2,1649,846,0.5,0.31,0.5106382978723404,0.5059101654846335,0.514218009478673,0.504750593824228,0.5093896713615024,0.9976525821596244,0.5117924528301887,0.6703470031545742,0.5200704225352113,0.488262910798122,0.15855455032438548,False,False,False
icicibank_ns,random_forest,2,1649,846,0.5,0.29,0.4988179669030733,0.5011820330969267,0.5019607843137255,0.5024154589371981,0.6009389671361502,0.9765258215962441,0.5470085470085471,0.6634768740031898,0.5036692376481108,0.3755868544600939,0.11646832699464271,False,False,False
icicibank_ns,xgboost,2,1649,846,0.5,0.2,0.48817966903073284,0.5023640661938534,0.4938704028021016,0.5029797377830751,0.6619718309859155,0.9906103286384976,0.5656970912738215,0.6671936758893281,0.49913369103509947,0.32863849765258213,0.10149658461550659,False,False,False
icicibank_ns,logistic_regression,3,2495,846,0.5,0.3,0.541371158392435,0.5023640661938534,0.5535168195718655,0.5011848341232228,0.42789598108747046,1.0,0.4826666666666667,0.6677190213101816,0.5536609493150915,0.5721040189125295,0.18505235464351488,False,False,False
icicibank_ns,random_forest,3,2495,846,0.5,0.27,0.5236406619385343,0.5,0.5252525252525253,0.5,0.491725768321513,1.0,0.5079365079365079,0.6666666666666666,0.5356901340755271,0.508274231678487,0.15873015873015872,False,False,False
icicibank_ns,xgboost,3,2495,846,0.5,0.21,0.5189125295508275,0.5023640661938534,0.5195121951219512,0.5011904761904762,0.5035460992907801,0.9952718676122931,0.5114045618247299,0.6666666666666666,0.5240346729708432,0.49172576832151305,0.1552621048419367,False,False,False
icicibank_ns,logistic_regression,4,3341,848,0.5,0.27,0.5200471698113207,0.47523584905660377,0.49375,0.475177304964539,0.3920595533498759,0.9975186104218362,0.43706777316735823,0.6437149719775821,0.5153539465246606,0.6054590570719602,0.20664719881022386,False,False,False
icicibank_ns,random_forest,4,3341,848,0.5,0.24,0.5047169811320755,0.4740566037735849,0.4765840220385675,0.47461629279811096,0.4292803970223325,0.9975186104218362,0.4516971279373368,0.6432,0.49974070872947274,0.5682382133995036,0.1915028720626632,False,False,False
icicibank_ns,xgboost,4,3341,848,0.5,0.25,0.5165094339622641,0.47877358490566035,0.49025069637883006,0.4767580452920143,0.43672456575682383,0.9925558312655087,0.46194225721784776,0.644122383252818,0.5041514484066133,0.5558312655086849,0.18218012603497025,False,False,False
icicibank_ns,logistic_regression,5,4189,848,0.5,0.23,0.48702830188679247,0.5283018867924528,0.5471698113207547,0.5266272189349113,0.1303370786516854,1.0,0.21052631578947367,0.689922480620155,0.5137981989014971,0.8696629213483146,0.47939616483068137,True,False,False
icicibank_ns,random_forest,5,4189,848,0.5,0.24,0.5035377358490566,0.527122641509434,0.5666666666666667,0.5260047281323877,0.2292134831460674,1.0,0.3264,0.6893880712625872,0.5233334262692726,0.7707865168539326,0.36298807126258714,True,False,False
icicibank_ns,xgboost,5,4189,848,0.5,0.23,0.4988207547169811,0.5247641509433962,0.5588235294117647,0.5258620689655172,0.21348314606741572,0.9595505617977528,0.3089430894308943,0.6793953858392999,0.518554660272674,0.7460674157303371,0.3704522964084056,True,False,False
