feature_config,feature_count,model,fold,accuracy,precision,recall,f1,roc_auc,training_time,prediction_time
ALL,32,logistic_regression,1,0.5242165242165242,0.5260492040520984,0.9824324324324324,0.6852026390197926,0.4725985021165744,0.08371049992274493,0.006901900051161647
ALL,32,random_forest,1,0.47435897435897434,0.5072463768115942,0.0945945945945946,0.15945330296127563,0.49629497720612176,0.38366170006338507,0.14764029998332262
ALL,32,xgboost,1,0.4757834757834758,0.75,0.008108108108108109,0.016042780748663103,0.5030100130250733,0.5098695999477059,0.010158800054341555
ALL,32,logistic_regression,2,0.4953802416488984,0.4953802416488984,1.0,0.6625475285171103,0.5348293491219916,0.023352200048975646,0.0031709999311715364
ALL,32,random_forest,2,0.5138592750533049,0.5052125100240578,0.9038737446197992,0.6481481481481481,0.511693980237234,0.4553402999881655,0.15301909996196628
ALL,32,xgboost,2,0.5174129353233831,0.5070422535211268,0.9296987087517934,0.6562025316455696,0.5393962050639562,0.5587062999838963,0.00947510008700192
ALL,32,logistic_regression,3,0.525195173882186,0.5250716332378224,0.9918809201623816,0.6866510538641686,0.4932623755377376,0.027352900011464953,0.0031664000125601888
ALL,32,random_forest,3,0.47906316536550747,0.5806451612903226,0.02435723951285521,0.046753246753246755,0.5056944640801405,0.6233385999221355,0.11403340008109808
ALL,32,xgboost,3,0.4804826117814053,0.5271317829457365,0.09201623815967523,0.15668202764976957,0.48554319067719587,0.44363860005978495,0.008936000056564808
TREND,4,logistic_regression,1,0.48616039744499645,0.5092213114754098,0.6698113207547169,0.5785797438882422,0.46727108144041185,0.009245200082659721,0.002712499932385981
TREND,4,random_forest,1,0.4755145493257629,1.0,0.004043126684636119,0.008053691275167786,0.5056120861402184,0.37339459999930114,0.102723199990578
TREND,4,xgboost,1,0.47622427253371186,1.0,0.005390835579514825,0.010723860589812333,0.5034369607649006,0.22605009994003922,0.007734999991953373
TREND,4,logistic_regression,2,0.524485450674237,0.5173697270471465,0.5974212034383954,0.5545212765957447,0.5288870350892041,0.02217349992133677,0.001793100032955408
TREND,4,random_forest,2,0.5152590489709014,0.5077881619937694,0.7005730659025788,0.588801926550271,0.5266624754673791,0.4017745000310242,0.1606702000135556
TREND,4,xgboost,2,0.49325762952448543,0.4937402190923318,0.9040114613180515,0.638663967611336,0.5170791370965466,0.268705099937506,0.008468699990771711
TREND,4,logistic_regression,3,0.4854506742370476,0.5173267326732673,0.2828146143437077,0.3657042869641295,0.5000747278492518,0.03173200006131083,0.003030700027011335
TREND,4,random_forest,3,0.48474095102909864,0.5844155844155844,0.06089309878213803,0.11029411764705882,0.5052662937006442,0.6950502000981942,0.26401639997493476
TREND,4,xgboost,3,0.48332150461320084,0.5774647887323944,0.05548037889039242,0.10123456790123457,0.5098913416678449,0.360905300010927,0.011073099914938211
MOMENTUM,6,logistic_regression,1,0.5166784953867991,0.5399737876802096,0.555256064690027,0.5475083056478405,0.49953527279486937,0.022125299903564155,0.002477700007148087
MOMENTUM,6,random_forest,1,0.5216465578424414,0.585427135678392,0.3140161725067385,0.4087719298245614,0.5445430923352339,0.5182437999173999,0.16255800006911159
MOMENTUM,6,xgboost,1,0.5095812633073101,0.5570469798657718,0.33557951482479786,0.4188393608074012,0.5282079310748938,0.2740155999781564,0.007718199980445206
MOMENTUM,6,logistic_regression,2,0.49254790631653655,0.49191246431969554,0.7406876790830945,0.5911949685534591,0.5114915430464377,0.019401199999265373,0.003195199999026954
MOMENTUM,6,random_forest,2,0.5102909865152591,0.5056818181818182,0.5100286532951289,0.5078459343794579,0.5176886744929252,0.5163749000057578,0.16373519995249808
MOMENTUM,6,xgboost,2,0.5330021291696239,0.5287356321839081,0.5272206303724928,0.5279770444763271,0.5376986285912331,0.3810530999908224,0.00830149999819696
MOMENTUM,6,logistic_regression,3,0.517388218594748,0.5412587412587413,0.523680649526387,0.53232462173315,0.5139579504372589,0.018944800016470253,0.0027935999678447843
MOMENTUM,6,random_forest,3,0.48757984386089426,0.5171717171717172,0.34641407307171856,0.41491085899513774,0.48608547250217116,0.5724907000549138,0.15217380004469305
MOMENTUM,6,xgboost,3,0.49680624556423,0.5323275862068966,0.3342354533152909,0.4106400665004156,0.49047320905620745,0.2864591999677941,0.007949599996209145
VOLATILITY,5,logistic_regression,1,0.5138396025550035,0.5248908296943231,0.8099730458221024,0.6369899311075782,0.49954941666632985,0.015577399986796081,0.0025719000259414315
VOLATILITY,5,random_forest,1,0.4691270404542229,0.49327354260089684,0.29649595687331537,0.37037037037037035,0.4748299704595142,0.4418125000083819,0.15157800004817545
VOLATILITY,5,xgboost,1,0.47977288857345635,0.5078534031413613,0.3921832884097035,0.44258555133079847,0.4978784192809256,0.27509879996068776,0.0076778000220656395
VOLATILITY,5,logistic_regression,2,0.4918381831085876,0.4934971098265896,0.9785100286532952,0.6560999039385207,0.5044047892511858,0.011679599992930889,0.0022486000088974833
VOLATILITY,5,random_forest,2,0.5074520936834634,0.5024271844660194,0.5931232091690545,0.5440210249671484,0.505536211558844,0.5073390000034124,0.17187320010270923
VOLATILITY,5,xgboost,2,0.5102909865152591,0.5042283298097252,0.6833810888252149,0.5802919708029197,0.5125484103667703,0.284470499958843,0.0074507000390440226
VOLATILITY,5,logistic_regression,3,0.5308729595457772,0.5421166306695464,0.6792963464140731,0.603003003003003,0.5164704219093976,0.020188200054690242,0.002588900038972497
VOLATILITY,5,random_forest,3,0.5053229240596168,0.5295774647887324,0.5087956698240866,0.5189786059351277,0.5076757619211116,0.679939900059253,0.2009674001019448
VOLATILITY,5,xgboost,3,0.5031937544357701,0.522083805209513,0.6238159675236806,0.5684340320591862,0.5024044190414638,0.5464416000759229,0.012478600023314357
VOLUME,5,logistic_regression,1,0.5277777777777778,0.5275196568977841,0.9972972972972973,0.6900420757363254,0.4782786551611853,0.023538800072856247,0.002792400075122714
VOLUME,5,random_forest,1,0.48005698005698005,0.5454545454545454,0.08108108108108109,0.1411764705882353,0.4962980299576685,0.5242526999209076,0.15603519999422133
VOLUME,5,xgboost,1,0.4772079772079772,0.5882352941176471,0.02702702702702703,0.05167958656330749,0.5240465239335721,0.28321919997688383,0.008048599935136735
VOLUME,5,logistic_regression,2,0.4953802416488984,0.4953802416488984,1.0,0.6625475285171103,0.5159112494190394,0.024195499951019883,0.0028114999877288938
VOLUME,5,random_forest,2,0.503909026297086,0.49897750511247446,0.3500717360114778,0.4114671163575042,0.498870410410815,0.5385171000380069,0.2175695999758318
VOLUME,5,xgboost,2,0.5046197583511016,0.5,0.3988522238163558,0.44373503591380686,0.5074524622628165,0.37506510003004223,0.009898599935695529
VOLUME,5,logistic_regression,3,0.5237757274662882,0.5241477272727273,0.9986468200270636,0.6874708896134141,0.5104497808656312,0.019927300047129393,0.0026753999991342425
VOLUME,5,random_forest,3,0.48119233498935415,0.5370370370370371,0.07848443843031123,0.13695395513577333,0.5051107789873366,0.7036550999619067,0.22430130001157522
VOLUME,5,xgboost,3,0.48190205819730303,0.5405405405405406,0.08119079837618404,0.1411764705882353,0.5326136570193686,0.6594609000021592,0.014997799997217953
PRICE,6,logistic_regression,1,0.5117104329311568,0.5367847411444142,0.5309973045822103,0.5338753387533876,0.5084853125997648,0.019909000024199486,0.0035558000672608614
PRICE,6,random_forest,1,0.47977288857345635,0.5063291139240507,0.48517520215633425,0.4955264969029594,0.4828091345162998,0.6389415999874473,0.2276492000091821
PRICE,6,xgboost,1,0.47693399574166073,0.5044563279857398,0.38140161725067384,0.43438219493476593,0.47901554613528813,0.3426435999572277,0.01050920004490763
PRICE,6,logistic_regression,2,0.4918381831085876,0.49356223175965663,0.9885386819484241,0.6583969465648855,0.5079733536445299,0.015289700007997453,0.003017399925738573
PRICE,6,random_forest,2,0.5351312987934705,0.5278858625162127,0.5830945558739254,0.5541184479237576,0.552255993616481,0.5693010999821126,0.1904385999077931
PRICE,6,xgboost,2,0.5237757274662882,0.5157894736842106,0.6318051575931232,0.5679330328396651,0.5313352596730059,0.563591800048016,0.009762899950146675
PRICE,6,logistic_regression,3,0.511000709723208,0.5419463087248322,0.4370771312584574,0.48389513108614235,0.5204956274109831,0.013834699988365173,0.0028997999615967274
PRICE,6,random_forest,3,0.49680624556423,0.5280898876404494,0.38159675236806495,0.4430479183032207,0.4981913840809485,0.5593022999819368,0.15235940006095916
PRICE,6,xgboost,3,0.4854506742370476,0.5133079847908745,0.36535859269282817,0.4268774703557312,0.503687920344152,0.4361214000964537,0.00894879992119968
TREND_MOMENTUM,10,logistic_regression,1,0.5031937544357701,0.5194805194805194,0.7547169811320755,0.6153846153846154,0.4750340463191585,0.10397300007753074,0.005002599908038974
TREND_MOMENTUM,10,random_forest,1,0.49254790631653655,0.608,0.10242587601078167,0.17531718569780855,0.5106816537822733,0.4600995999062434,0.13430020003579557
TREND_MOMENTUM,10,xgboost,1,0.48403122782114977,0.5342465753424658,0.15768194070080863,0.24349635796045785,0.5260792784200892,0.268369699944742,0.008548000012524426
TREND_MOMENTUM,10,logistic_regression,2,0.511000709723208,0.5061224489795918,0.5329512893982808,0.5191905094207956,0.5328102394222594,0.14705369994044304,0.005589500069618225
TREND_MOMENTUM,10,random_forest,2,0.5223562810503903,0.5112917795844625,0.8108882521489972,0.6271468144044321,0.5141553725935867,0.4862723998958245,0.14304230001289397
TREND_MOMENTUM,10,xgboost,2,0.5102909865152591,0.5034904013961605,0.826647564469914,0.6258134490238612,0.5210507014213808,0.2975453999824822,0.007935800007544458
TREND_MOMENTUM,10,logistic_regression,3,0.5060326472675657,0.5419103313840156,0.3761840324763194,0.4440894568690096,0.4972330499060853,0.13965199992526323,0.006272800033912063
TREND_MOMENTUM,10,random_forest,3,0.48261178140525196,0.515625,0.2232746955345061,0.311614730878187,0.5012178619756428,0.6419717000098899,0.16012899996712804
TREND_MOMENTUM,10,xgboost,3,0.48403122782114977,0.5161290322580645,0.2598105548037889,0.34563456345634563,0.49410356875971967,0.3963956000516191,0.011146900011226535
PRICE_VOLUME,11,logistic_regression,1,0.5277777777777778,0.5275196568977841,0.9972972972972973,0.6900420757363254,0.4782786551611853,0.02149810001719743,0.0026772000128403306
PRICE_VOLUME,11,random_forest,1,0.4807692307692308,0.5310734463276836,0.12702702702702703,0.2050163576881134,0.4987707587105178,0.4707343999762088,0.17332409997470677
PRICE_VOLUME,11,xgboost,1,0.47507122507122507,0.5145631067961165,0.07162162162162163,0.1257413997627521,0.5054664604363399,0.3321635000174865,0.008397699915803969
PRICE_VOLUME,11,logistic_regression,2,0.4953802416488984,0.4953802416488984,1.0,0.6625475285171103,0.5159112494190394,0.01842960005160421,0.002948199980892241
PRICE_VOLUME,11,random_forest,2,0.5046197583511016,0.5,0.4763271162123386,0.4878765613519471,0.5009244852183401,0.5869318000040948,0.2459277999587357
PRICE_VOLUME,11,xgboost,2,0.5046197583511016,0.5,0.5078909612625538,0.5039145907473309,0.5221916867055995,0.3106422999408096,0.0073778999503701925
PRICE_VOLUME,11,logistic_regression,3,0.5237757274662882,0.5241477272727273,0.9986468200270636,0.6874708896134141,0.5104497808656312,0.020873299916274846,0.0037063000490888953
PRICE_VOLUME,11,random_forest,3,0.48332150461320084,0.5462184873949579,0.08795669824086604,0.15151515151515152,0.510507341506271,0.6722169000422582,0.2218719000229612
PRICE_VOLUME,11,xgboost,3,0.4854506742370476,0.5388888888888889,0.13125845737483086,0.21109902067464636,0.50429180215297,0.40149489999748766,0.009281200007535517
