config_id,asset,target_name,model,fold,feature_count,train_samples,validation_samples,base_positive_rate,roc_auc,pr_auc,mcc,f1,precision,recall,accuracy,ppr,mean_realized_ret_buy,mean_realized_ret_sell,return_spread,spread_minus_5bps,spread_minus_10bps,spread_minus_20bps,training_time,prediction_time
C0_Control,tcs_ns,TARGET_D,random_forest,1,16,520,843,0.6346153846153846,0.5224114595082338,0.537577424676761,-0.004849676519314767,0.6715210355987055,0.5213567839195979,0.9431818181818182,0.5183867141162515,0.9442467378410438,0.0009614255469331563,-0.010642062325682846,0.011603487872616003,0.011103487872616002,0.010603487872616002,0.009603487872616003,0.4645231000613421,0.13834399997722358
C0_Control,tcs_ns,TARGET_D,random_forest,2,16,1363,842,0.5649303008070433,0.5762745981673427,0.6972202141771362,0.11379520847405002,0.44152431011826543,0.711864406779661,0.32,0.49524940617577196,0.28028503562945367,0.0338185008818454,0.012327035181608999,0.021491465700236398,0.020991465700236397,0.020491465700236397,0.019491465700236396,0.4571242000674829,0.06839310005307198
C0_Control,tcs_ns,TARGET_D,random_forest,3,16,2205,842,0.5873015873015873,0.5940874475913408,0.6496964877986073,0.1277414769370029,0.5543608124253285,0.6236559139784946,0.4989247311827957,0.5570071258907363,0.4418052256532066,0.015177134227845356,0.0023674670756748174,0.012809667152170539,0.012309667152170538,0.01180966715217054,0.010809667152170539,0.5005161000881344,0.09963909990619868
C0_Control,tcs_ns,TARGET_D,random_forest,4,16,3047,844,0.5776173285198556,0.5510894665843563,0.5973711416223537,0.08892555060619362,0.5326991676575505,0.6170798898071626,0.4686192468619247,0.5343601895734598,0.43009478672985785,0.013981967816496296,0.0047560605078970876,0.009225907308599207,0.008725907308599207,0.008225907308599206,0.007225907308599207,0.7517584000015631,0.10386719997040927
C0_Control,tcs_ns,TARGET_D,random_forest,5,16,3891,844,0.5751734772552043,0.5596714126757045,0.5963629000744368,0.07222792248150298,0.5268176400476758,0.5924932975871313,0.4742489270386266,0.5296208530805687,0.4419431279620853,0.007166348832298067,0.0049087444344629695,0.002257604397835097,0.0017576043978350972,0.0012576043978350972,0.00025760439783509715,0.6785449999151751,0.07868759997654706
C1_GroupA,tcs_ns,TARGET_D,random_forest,1,21,384,843,0.7291666666666666,0.4755865102639296,0.5263969766767979,-0.017348555336963153,0.6467065868263473,0.5185185185185185,0.8590909090909091,0.5100830367734283,0.8647686832740213,0.000758334814601451,-0.0025237567876557707,0.0032820916022572215,0.0027820916022572215,0.0022820916022572215,0.0012820916022572215,0.3547604000195861,0.06453940004575998
C1_GroupA,tcs_ns,TARGET_D,random_forest,2,21,1227,842,0.58679706601467,0.5908757698663061,0.7169285229846551,0.11671906705509319,0.5260663507109005,0.6959247648902821,0.4228571428571429,0.5249406175771971,0.37885985748218526,0.027719621464651928,0.012636310288616826,0.015083311176035102,0.014583311176035101,0.0140833111760351,0.013083311176035102,0.43012400006409734,0.06538819998968393
C1_GroupA,tcs_ns,TARGET_D,random_forest,3,21,2069,842,0.6017399710004834,0.591563275434243,0.6701214457256754,0.13009070545791165,0.5215189873417722,0.6338461538461538,0.443010752688172,0.5510688836104513,0.3859857482185273,0.016666029341583753,0.002596023060562701,0.014070006281021053,0.013570006281021053,0.013070006281021052,0.012070006281021053,0.5776671000057831,0.12700649991165847
C1_GroupA,tcs_ns,TARGET_D,random_forest,4,21,2911,844,0.5874270010305737,0.5632044950499577,0.6252076921048161,0.07658565157648468,0.5422943221320974,0.6077922077922078,0.4895397489539749,0.5319905213270142,0.4561611374407583,0.014805601404641908,0.0036230128124172555,0.011182588592224653,0.010682588592224653,0.010182588592224654,0.009182588592224653,0.7041610999731347,0.10467080003581941
C1_GroupA,tcs_ns,TARGET_D,random_forest,5,21,3755,844,0.5826897470039947,0.5538325726093966,0.6049981551926077,0.06288914988632084,0.586864406779661,0.5794979079497908,0.5944206008583691,0.5379146919431279,0.566350710900474,0.005927060977760271,0.005879594523797344,4.7466453962926626e-05,-0.0004525335460370734,-0.0009525335460370734,-0.0019525335460370734,0.6848479999462143,0.11717230000067502
C2_GroupB,tcs_ns,TARGET_D,random_forest,1,20,520,843,0.6346153846153846,0.5133938642003157,0.5309244464747127,-0.021037550078326996,0.6767275615567911,0.5201465201465202,0.9681818181818181,0.5172004744958482,0.9715302491103203,0.0004280281348942465,-0.00355988485111197,0.0039879129860062165,0.0034879129860062165,0.0029879129860062165,0.0019879129860062164,0.4250932999420911,0.06779940007254481
C2_GroupB,tcs_ns,TARGET_D,random_forest,2,20,1363,842,0.5649303008070433,0.6005377797806819,0.7095858065353644,0.15367853632998743,0.49304677623261695,0.7330827067669173,0.37142857142857144,0.5237529691211401,0.3159144893111639,0.03447917545132202,0.010902584823123103,0.023576590628198918,0.023076590628198917,0.022576590628198917,0.021576590628198916,0.4821762000210583,0.07556720008142292
C2_GroupB,tcs_ns,TARGET_D,random_forest,3,20,2205,842,0.5873015873015873,0.5929123527566242,0.6451620759328514,0.11218729054063079,0.549346016646849,0.6143617021276596,0.4967741935483871,0.5498812351543944,0.44655581947743467,0.013599351805020875,0.0035305733468622047,0.010068778458158671,0.00956877845815867,0.00906877845815867,0.008068778458158671,0.554347199969925,0.06995500007178634
C2_GroupB,tcs_ns,TARGET_D,random_forest,4,20,3047,844,0.5776173285198556,0.5336557148409813,0.5800223075008436,0.029554340964883657,0.5011933174224343,0.5833333333333334,0.4393305439330544,0.504739336492891,0.4265402843601896,0.012159296524915209,0.006168951803134669,0.00599034472178054,0.005490344721780539,0.00499034472178054,0.00399034472178054,0.6699633999960497,0.0711810999782756
C2_GroupB,tcs_ns,TARGET_D,random_forest,5,20,3891,844,0.5751734772552043,0.5872334627699436,0.6165879351057832,0.15401170754452978,0.5777777777777777,0.6349614395886889,0.5300429184549357,0.5722748815165877,0.4609004739336493,0.010251822530177614,0.00219144566778054,0.008060376862397075,0.0075603768623970745,0.007060376862397075,0.006060376862397075,0.7330472000176087,0.08942089998163283
C3_GroupC,tcs_ns,TARGET_D,random_forest,1,19,484,843,0.6590909090909091,0.47494924430408303,0.5009672844066472,-0.055653992341836274,0.6703910614525139,0.5166051660516605,0.9545454545454546,0.5100830367734283,0.9644128113879004,-0.00033586677182428643,0.0179392497181615,-0.018275116489985786,-0.018775116489985786,-0.019275116489985786,-0.020275116489985784,0.5707417000085115,0.11668820003978908
C3_GroupC,tcs_ns,TARGET_D,random_forest,2,19,1327,842,0.5719668425018839,0.5566471383506084,0.6739402706528765,0.04803171271472711,0.4307692307692308,0.6588235294117647,0.32,0.47268408551068886,0.3028503562945368,0.026430639889337925,0.014840777438482786,0.011589862450855139,0.011089862450855139,0.01058986245085514,0.009589862450855139,0.6703228000551462,0.11658019991591573
C3_GroupC,tcs_ns,TARGET_D,random_forest,3,19,2169,842,0.5919778699861687,0.6066712301417528,0.6676982380211567,0.1530070754301038,0.591324200913242,0.6301703163017032,0.556989247311828,0.5748218527315915,0.48812351543942994,0.01608699670269878,0.00034071418449289545,0.015746282518205885,0.015246282518205884,0.014746282518205884,0.013746282518205885,0.7870304000098258,0.09274450002703816
C3_GroupC,tcs_ns,TARGET_D,random_forest,4,19,3011,844,0.5808701428096977,0.5588117612090449,0.6224973190080791,0.08153345082260743,0.5541619156214367,0.6090225563909775,0.5083682008368201,0.5367298578199052,0.4727488151658768,0.01549172845207127,0.0026559994815959958,0.012835728970475274,0.012335728970475274,0.011835728970475273,0.010835728970475274,0.557708999956958,0.06327430007513613
C3_GroupC,tcs_ns,TARGET_D,random_forest,5,19,3855,844,0.5776913099870298,0.5745055294411517,0.6052399918391359,0.10305327920000915,0.5488810365135454,0.608355091383812,0.5,0.5462085308056872,0.4537914691943128,0.008828374183982007,0.003478957550139111,0.005349416633842896,0.004849416633842895,0.004349416633842896,0.0033494166338428957,0.6864462998928502,0.0900199000025168
C4_GroupD,tcs_ns,TARGET_D,random_forest,1,22,483,843,0.6583850931677019,0.4729584931197834,0.5045243771132095,-0.031397166605062615,0.6606409202958093,0.5173745173745173,0.9136363636363637,0.5100830367734283,0.9217081850533808,3.018347526582535e-05,0.0036615946328811084,-0.003631411157615283,-0.0041314111576152834,-0.004631411157615283,-0.005631411157615283,0.38104699994437397,0.06680350005626678
C4_GroupD,tcs_ns,TARGET_D,random_forest,2,22,1326,842,0.5716440422322775,0.5676641129637975,0.6864962752301073,0.07576030494836898,0.43870967741935485,0.68,0.3238095238095238,0.4833729216152019,0.29691211401425177,0.028973683978711726,0.013864744144413237,0.01510893983429849,0.01460893983429849,0.014108939834298489,0.01310893983429849,0.409944900078699,0.06514620000962168
C4_GroupD,tcs_ns,TARGET_D,random_forest,3,22,2168,842,0.591789667896679,0.5714098285844671,0.6343066577229312,0.10919711776944815,0.5138539042821159,0.6200607902735562,0.43870967741935485,0.5415676959619953,0.39073634204275537,0.014585189949453958,0.003820810847866052,0.010764379101587906,0.010264379101587905,0.009764379101587905,0.008764379101587906,0.4784485000418499,0.06576269993092865
C4_GroupD,tcs_ns,TARGET_D,random_forest,4,22,3010,844,0.5807308970099668,0.5453449024853099,0.5931062927402851,0.048215432054092025,0.5119047619047619,0.5939226519337016,0.4497907949790795,0.514218009478673,0.42890995260663506,0.011382711647128722,0.006727339845282276,0.004655371801846446,0.004155371801846447,0.003655371801846446,0.002655371801846446,0.7541730001103133,0.09397330007050186
C4_GroupD,tcs_ns,TARGET_D,random_forest,5,22,3854,844,0.5775817332641412,0.555073006789745,0.5886586993612635,0.06408343336346362,0.5556805399325084,0.5839243498817966,0.5300429184549357,0.5319905213270142,0.5011848341232228,0.007166387017842678,0.004640582029766711,0.002525804988075967,0.002025804988075967,0.001525804988075967,0.0005258049880759669,0.6259203000226989,0.06832469999790192
C5_GroupE,tcs_ns,TARGET_D,random_forest,1,21,384,843,0.7291666666666666,0.5458662305436499,0.555089302279266,-0.010557788191614927,0.6605809128630705,0.5202614379084968,0.9045454545454545,0.5148279952550415,0.9074733096085409,0.0005495404998098724,-0.001990777901318636,0.0025403184011285086,0.0020403184011285086,0.0015403184011285086,0.0005403184011285086,0.3837689000647515,0.06941299990285188
C5_GroupE,tcs_ns,TARGET_D,random_forest,2,21,1227,842,0.58679706601467,0.5919032597266036,0.7308197279354051,0.15332193155540202,0.4262295081967213,0.7536231884057971,0.29714285714285715,0.501187648456057,0.24584323040380046,0.033224874230235846,0.013502048129939758,0.01972282610029609,0.01922282610029609,0.01872282610029609,0.017722826100296088,0.4132984000025317,0.07524400006514043
C5_GroupE,tcs_ns,TARGET_D,random_forest,3,21,2069,842,0.6017399710004834,0.5846324976469582,0.660672659555433,0.14617092085937897,0.5155440414507773,0.6482084690553745,0.42795698924731185,0.5558194774346793,0.3646080760095012,0.014696392860632826,0.004199646448806278,0.010496746411826548,0.009996746411826548,0.009496746411826549,0.008496746411826548,0.4404304000781849,0.06469249993097037
C5_GroupE,tcs_ns,TARGET_D,random_forest,4,21,2911,844,0.5874270010305737,0.5513724078011752,0.6076679208727167,0.05993942029625097,0.5024390243902439,0.6023391812865497,0.4309623430962343,0.5165876777251185,0.4052132701421801,0.014060058283565735,0.005088803762364887,0.008971254521200848,0.008471254521200847,0.007971254521200847,0.006971254521200848,0.5056956000626087,0.0661170999519527
C5_GroupE,tcs_ns,TARGET_D,random_forest,5,21,3755,844,0.5826897470039947,0.5994163998455845,0.6246645945340913,0.16279447544584405,0.6163934426229508,0.6280623608017817,0.6051502145922747,0.5841232227488151,0.5319905213270142,0.011917201764803279,-0.000925966707132748,0.012843168471936027,0.012343168471936027,0.011843168471936026,0.010843168471936027,0.6645695000188425,0.06604720000177622
C6_GroupF,tcs_ns,TARGET_D,random_forest,1,20,520,843,0.6346153846153846,0.5005019174374012,0.5283837742079114,-0.019129512688499745,0.6682887266828873,0.519546027742749,0.9363636363636364,0.5148279952550415,0.9406880189798339,0.0005849235411406296,-0.003974531241456407,0.004559454782597037,0.004059454782597036,0.0035594547825970367,0.0025594547825970367,0.42076680005993694,0.06676800001878291
C6_GroupF,tcs_ns,TARGET_D,random_forest,2,20,1363,842,0.5649303008070433,0.5630824695808924,0.6790353995093352,0.1167681331869986,0.47534766118836913,0.706766917293233,0.3580952380952381,0.5071258907363421,0.3159144893111639,0.031749425749280795,0.012163198400801864,0.01958622734847893,0.01908622734847893,0.01858622734847893,0.01758622734847893,0.4206275000469759,0.07108219992369413
C6_GroupF,tcs_ns,TARGET_D,random_forest,3,20,2205,842,0.5873015873015873,0.5921679358831751,0.63008220645218,0.11264543873630097,0.5542452830188679,0.6135770234986945,0.5053763440860215,0.5510688836104513,0.45486935866983375,0.01361869625431023,0.0033608775444985144,0.010257818709811716,0.009757818709811716,0.009257818709811717,0.008257818709811716,0.6035110000520945,0.10536309995222837
C6_GroupF,tcs_ns,TARGET_D,random_forest,4,20,3047,844,0.5776173285198556,0.5393231131536228,0.5881031691871641,0.08202567450789547,0.5386416861826698,0.6117021276595744,0.4811715481171548,0.533175355450237,0.44549763033175355,0.012144195452350324,0.005976286178638746,0.006167909273711578,0.005667909273711578,0.005167909273711578,0.004167909273711578,0.5711307999445125,0.0766933000413701
C6_GroupF,tcs_ns,TARGET_D,random_forest,5,20,3891,844,0.5751734772552043,0.5636056043781366,0.5933739069759525,0.11153329037806321,0.5671641791044776,0.6098765432098765,0.5300429184549357,0.5533175355450237,0.47985781990521326,0.00940023006979869,0.0026833110815735026,0.006716918988225188,0.0062169189882251875,0.005716918988225188,0.004716918988225188,0.579162499983795,0.06480059993918985
C7_GroupG,tcs_ns,TARGET_D,random_forest,1,20,520,843,0.6346153846153846,0.5258600270697045,0.5442650372054569,0.007837336842650238,0.6793953858392999,0.5226438188494492,0.9704545454545455,0.5219454329774614,0.9691577698695136,0.000912381379306403,-0.018472991570831966,0.01938537295013837,0.018885372950138368,0.018385372950138368,0.017385372950138367,0.4076280000153929,0.08020650001708418
C7_GroupG,tcs_ns,TARGET_D,random_forest,2,20,1363,842,0.5649303008070433,0.5876641129637976,0.7017222962456822,0.1347176062970796,0.4880503144654088,0.7185185185185186,0.36952380952380953,0.5166270783847982,0.32066508313539194,0.030867954517108505,0.012442310854110612,0.01842564366299789,0.01792564366299789,0.01742564366299789,0.01642564366299789,0.4097005999647081,0.06491200008895248
C7_GroupG,tcs_ns,TARGET_D,random_forest,3,20,2205,842,0.5873015873015873,0.5911611191922649,0.6490412585696814,0.0939899262855946,0.5555555555555556,0.6015037593984962,0.5161290322580645,0.5439429928741093,0.47387173396674587,0.013436580756414733,0.0031544192697881665,0.010282161486626567,0.009782161486626566,0.009282161486626566,0.008282161486626567,0.5767414000583813,0.10619039996527135
C7_GroupG,tcs_ns,TARGET_D,random_forest,4,20,3047,844,0.5776173285198556,0.5566939890710383,0.6117123794104047,0.08339337953706655,0.5364705882352941,0.6129032258064516,0.4769874476987448,0.533175355450237,0.44075829383886256,0.015304127057927495,0.0035381020257153105,0.011766025032212184,0.011266025032212183,0.010766025032212183,0.009766025032212184,0.583453599945642,0.07806800003163517
C7_GroupG,tcs_ns,TARGET_D,random_forest,5,20,3891,844,0.5751734772552043,0.5839578082067353,0.6121454607917016,0.12866297787037304,0.5575326215895611,0.623342175066313,0.5042918454935622,0.5580568720379147,0.4466824644549763,0.009279159198600728,0.003183776713504848,0.00609538248509588,0.00559538248509588,0.00509538248509588,0.00409538248509588,0.588320399983786,0.08032900001853704
C8_Filtered_Combined,tcs_ns,TARGET_D,random_forest,1,41,384,843,0.7291666666666666,0.46051206857658467,0.525012314905501,-0.024012080592115032,0.6633906633906634,0.5185659411011524,0.9204545454545454,0.5124555160142349,0.9264531435349941,0.0005065812147957521,-0.002105195527480359,0.0026117767422761114,0.0021117767422761113,0.0016117767422761113,0.0006117767422761113,0.37086080003064126,0.06659229996148497
C8_Filtered_Combined,tcs_ns,TARGET_D,random_forest,2,41,1227,842,0.58679706601467,0.6019678533874118,0.7306539331768842,0.2049646573317342,0.5286783042394015,0.7653429602888087,0.4038095238095238,0.5510688836104513,0.32897862232779096,0.03996371659705846,0.007754690319974111,0.03220902627708435,0.03170902627708435,0.03120902627708435,0.03020902627708435,0.4190673000412062,0.06568200001493096
C8_Filtered_Combined,tcs_ns,TARGET_D,random_forest,3,41,2069,842,0.6017399710004834,0.5960126636433645,0.6807820091372389,0.09456340897379968,0.6174358974358974,0.5901960784313726,0.6473118279569893,0.5570071258907363,0.6057007125890737,0.01106623258928224,0.003357906137926789,0.007708326451355451,0.0072083264513554506,0.006708326451355451,0.005708326451355451,0.4552260999334976,0.07682439999189228
C8_Filtered_Combined,tcs_ns,TARGET_D,random_forest,4,41,2911,844,0.5874270010305737,0.5750623042275419,0.6455467181132285,0.12595545495336505,0.5681293302540416,0.634020618556701,0.5146443514644351,0.556872037914692,0.4597156398104265,0.017537769680206663,0.0012247034775580456,0.016313066202648618,0.015813066202648617,0.015313066202648617,0.014313066202648618,0.7615163000300527,0.08065209991764277
C8_Filtered_Combined,tcs_ns,TARGET_D,random_forest,5,41,3755,844,0.5826897470039947,0.567318391352726,0.6049519306789317,0.09641278116637754,0.5848849945235487,0.5973154362416108,0.572961373390558,0.5509478672985783,0.5296208530805687,0.008048734451794094,0.003494414214426393,0.004554320237367701,0.0040543202373677,0.0035543202373677007,0.0025543202373677007,0.7638314999639988,0.07796850008890033
