trade_id,fold,signal_date,entry_date,entry_price,exit_date,exit_price,predicted_probability,target,holding_period,gross_return_pct,transaction_cost_pct,net_return_pct,capital_before,capital_after,cumulative_return_pct,win_loss,regime
1,1,2005-11-22,2005-11-22,187.4824981689453,2005-12-06,194.25,0.775,1,10,3.6096712477963235,0.1,3.506061576548527,100000.0,103506.06157654853,3.5060615765485275,1,BULLISH
2,1,2005-12-06,2005-12-06,194.25,2005-12-20,211.6875,0.7,1,10,8.976833976833976,0.1,8.867857142857142,103506.06157654853,112684.8312513546,12.684831251354597,1,HIGH_VOLATILITY
3,1,2005-12-20,2005-12-20,211.6875,2006-01-03,216.64999389648438,0.75,1,10,2.3442545717080012,0.1,2.2419103171362926,112684.8312513546,115211.12410902634,15.211124109026336,1,HIGH_VOLATILITY
4,1,2006-01-03,2006-01-03,216.64999389648438,2006-01-18,202.44500732421875,0.68,0,10,-6.5566521913002145,0.1,-6.650095539108915,115211.12410902634,107549.47428409474,7.549474284094744,0,BULLISH
5,1,2006-01-18,2006-01-18,202.44500732421875,2006-02-02,204.60000610351562,0.81,1,10,1.0644860092032855,0.1,0.9634215231940824,107549.47428409474,108585.62906742979,8.585629067429792,1,BEARISH_SIDEWAYS
6,1,2006-02-02,2006-02-02,204.60000610351562,2006-02-17,203.125,0.785,0,10,-0.7209218277194763,0.1,-0.8202009058917569,108585.62906742979,107695.00875415048,7.695008754150476,0,BEARISH_SIDEWAYS
7,1,2006-02-17,2006-02-17,203.125,2006-03-03,213.22000122070312,0.69,1,10,4.969846754807692,0.1,4.864876908052885,107695.00875415048,112934.23836615667,12.934238366156672,1,BULLISH
8,1,2006-03-03,2006-03-03,213.22000122070312,2006-03-20,238.5,0.66,1,10,11.856298018275337,0.1,11.744441720257061,112934.23836615667,126197.73417328612,26.197734173286126,1,BULLISH
9,1,2006-03-20,2006-03-20,238.5,2006-04-03,243.84500122070312,0.715,1,10,2.2410906585757338,0.1,2.138849567917158,126197.73417328612,128896.9138653727,28.896913865372696,1,HIGH_VOLATILITY
10,1,2006-04-03,2006-04-03,243.84500122070312,2006-04-20,248.7375030517578,0.82,1,10,2.006398247477915,0.1,1.904391849230437,128896.9138653727,131351.61618693444,31.351616186934432,1,HIGH_VOLATILITY
11,1,2006-04-20,2006-04-20,248.7375030517578,2006-05-05,250.83250427246094,0.735,1,10,0.8422538599927945,0.1,0.7414116061328017,131351.61618693444,132325.47231418738,32.32547231418738,1,HIGH_VOLATILITY
12,1,2006-05-05,2006-05-05,250.83250427246094,2006-05-19,236.5449981689453,0.75,0,10,-5.696034549013694,0.1,-5.79033851446468,132325.47231418738,124663.3795263317,24.6633795263317,0,HIGH_VOLATILITY
13,1,2006-05-19,2006-05-19,236.5449981689453,2006-06-02,224.25,0.79,0,10,-5.197741767578603,0.1,-5.292544025811025,124663.3795263317,118065.51528083671,18.065515280836713,0,HIGH_VOLATILITY
14,1,2006-06-02,2006-06-02,224.25,2006-06-16,210.625,0.66,0,10,-6.075808249721293,0.1,-6.169732441471571,118065.51528083671,110781.18888236435,10.781188882364354,0,HIGH_VOLATILITY
15,1,2006-06-19,2006-06-19,208.5449981689453,2006-07-03,225.02499389648438,0.73,1,10,7.902369211554228,0.1,7.794466842342675,110781.18888236435,119415.99191735325,19.415991917353253,1,HIGH_VOLATILITY
16,1,2006-07-03,2006-07-03,225.02499389648438,2006-07-17,232.375,0.59,1,10,3.2663065449950692,0.1,3.1630402384500744,119415.99191735325,123193.16779284342,23.193167792843422,1,HIGH_VOLATILITY
17,1,2006-07-17,2006-07-17,232.375,2006-07-31,234.03750610351562,0.7,1,10,0.7154410343262507,0.1,0.6147255932919244,123193.16779284342,123950.46772445309,23.95046772445309,1,HIGH_VOLATILITY
18,1,2006-07-31,2006-07-31,234.03750610351562,2006-08-14,241.16250610351562,0.705,1,10,3.0443838334393236,0.1,2.9413394496058847,123950.46772445309,127596.27172960344,27.596271729603437,1,HIGH_VOLATILITY
19,1,2006-08-14,2006-08-14,241.16250610351562,2006-08-29,247.52499389648438,0.635,1,10,2.6382574537676025,0.1,2.5356191963138346,127596.27172960344,130831.62728936003,30.831627289360025,1,BULLISH
20,1,2006-08-29,2006-08-29,247.52499389648438,2006-09-12,244.47500610351562,0.555,0,10,-1.2321938665491952,0.1,-1.3309616726826459,130831.62728936003,129090.30847439164,29.09030847439164,0,BULLISH
21,1,2006-09-18,2006-09-18,249.03750610351562,2006-10-03,253.5749969482422,0.555,1,10,1.8220110358961337,0.1,1.7201890248602376,129090.30847439164,131310.90579292635,31.310905792926352,1,HIGH_VOLATILITY
22,1,2006-10-06,2006-10-06,248.5500030517578,2006-10-20,272.3999938964844,0.585,1,10,9.595650996536124,0.1,9.486055345539587,131310.90579292635,143767.1309911727,43.767130991172685,1,HIGH_VOLATILITY
23,1,2006-10-20,2006-10-20,272.3999938964844,2006-11-07,266.2875061035156,0.655,0,10,-2.243938300267208,0.1,-2.3416943619669413,143767.1309911727,140400.54419039076,40.40054419039076,0,BULLISH
24,1,2006-11-07,2006-11-07,266.2875061035156,2006-11-21,287.13751220703125,0.66,1,10,7.829885227664595,0.1,7.7220553424369305,140400.54419039076,151242.35191385535,51.24235191385536,1,BULLISH
25,1,2006-12-08,2006-12-08,294.2250061035156,2006-12-22,288.48748779296875,0.61,0,10,-1.9500444189058066,0.1,-2.0480943744869005,151242.35191385535,148144.765812466,48.144765812466005,0,HIGH_VOLATILITY
26,1,2006-12-22,2006-12-22,288.48748779296875,2007-01-09,314.1000061035156,0.57,1,10,8.878207684670034,0.1,8.769329476985364,148144.765812466,161136.06842946954,61.13606842946954,1,HIGH_VOLATILITY
27,1,2007-01-18,2007-01-18,328.86248779296875,2007-02-05,326.45001220703125,0.64,0,10,-0.733581869470088,0.1,-0.8328482876006179,161136.06842946954,159794.04944284775,59.79404944284775,0,HIGH_VOLATILITY
28,1,2007-02-05,2007-02-05,326.45001220703125,2007-02-20,324.88751220703125,0.65,0,10,-0.47863376981866324,0.1,-0.5781551360488446,159794.04944284775,158870.1919388935,58.87019193889349,0,BULLISH
29,1,2007-03-02,2007-03-02,302.13751220703125,2007-03-16,309.4125061035156,0.65,1,10,2.407841993317066,0.1,2.305434151323749,158870.1919388935,162532.83960012632,62.53283960012632,1,HIGH_VOLATILITY
30,1,2007-03-20,2007-03-20,313.25,2007-04-04,299.6000061035156,0.56,0,10,-4.357539950992618,0.1,-4.453182411041625,162532.83960012632,155294.955774887,55.294955774887,0,HIGH_VOLATILITY
31,1,2007-04-04,2007-04-04,299.6000061035156,2007-04-19,310.7250061035156,0.77,1,10,3.7132843035244036,0.1,3.6095710192208785,155294.955774887,160900.4374928492,60.90043749284919,1,HIGH_VOLATILITY
32,1,2007-04-20,2007-04-20,314.4125061035156,2007-05-08,316.63751220703125,0.61,1,10,0.7076709928271985,0.1,0.6069633218343713,160900.4374928492,161877.04413310182,61.87704413310182,1,HIGH_VOLATILITY
33,1,2007-05-10,2007-05-10,307.42498779296875,2007-05-24,306.1875,0.605,0,10,-0.4025332494449409,0.1,-0.5021307161954961,161877.04413310182,161064.20977204017,61.064209772040165,0,BEARISH_SIDEWAYS
34,1,2007-05-24,2007-05-24,306.1875,2007-06-07,301.75,0.575,0,10,-1.4492753623188406,0.1,-1.5478260869565215,161064.20977204017,158571.21591643814,58.57121591643815,0,BEARISH_SIDEWAYS
35,1,2007-06-07,2007-06-07,301.75,2007-06-21,286.3999938964844,0.565,0,10,-5.086994566202361,0.1,-5.18190757163616,158571.21591643814,150354.2020724287,50.35420207242871,0,BEARISH_SIDEWAYS
36,1,2007-06-21,2007-06-21,286.3999938964844,2007-07-05,277.9125061035156,0.765,0,10,-2.9635083707566157,0.1,-3.0605448623858593,150354.2020724287,145752.54426551974,45.75254426551974,0,BEARISH_SIDEWAYS
37,1,2007-07-05,2007-07-05,277.9125061035156,2007-07-19,295.54998779296875,0.785,1,10,6.346415257355707,0.1,6.24006884209835,145752.54426551974,154847.60336679805,54.84760336679805,1,HIGH_VOLATILITY
38,1,2007-07-19,2007-07-19,295.54998779296875,2007-08-02,273.7875061035156,0.64,0,10,-7.363384398004993,0.1,-7.456021013606989,154847.60336679805,143302.13352070277,43.302133520702775,0,HIGH_VOLATILITY
39,1,2007-08-02,2007-08-02,273.7875061035156,2007-08-17,264.0375061035156,0.75,0,10,-3.5611559266381017,0.1,-3.6575947707114635,143302.13352070277,138060.72217873158,38.06072217873158,0,HIGH_VOLATILITY
40,1,2007-08-17,2007-08-17,264.0375061035156,2007-08-31,266.0874938964844,0.77,1,10,0.7764002255668384,0.1,0.6756238253412716,138060.72217873158,138993.4933112093,38.99349331120931,1,HIGH_VOLATILITY
41,1,2007-08-31,2007-08-31,266.0874938964844,2007-09-14,255.6125030517578,0.75,0,10,-3.936671615540726,0.1,-4.032734943925186,138993.4933112093,133388.25413666587,33.38825413666587,0,HIGH_VOLATILITY
42,1,2007-09-14,2007-09-14,255.6125030517578,2007-09-28,265.0375061035156,0.765,1,10,3.687223018918361,0.1,3.583535795899443,133388.25413666587,138168.2699711786,38.16826997117862,1,HIGH_VOLATILITY
43,1,2007-10-01,2007-10-01,260.4125061035156,2007-10-16,267.1000061035156,0.735,1,10,2.568041028467994,0.1,2.465472987439526,138168.2699711786,141574.77134453054,41.57477134453054,1,HIGH_VOLATILITY
44,1,2007-10-16,2007-10-16,267.1000061035156,2007-10-30,262.125,0.63,0,10,-1.8626005203412621,0.1,-1.9607379198209212,141574.77134453054,138798.86111787858,38.79886111787858,0,HIGH_VOLATILITY
45,1,2007-10-30,2007-10-30,262.125,2007-11-14,246.6750030517578,0.785,0,10,-5.894133313587863,0.1,-5.9882391802742765,138798.86111787858,130487.25333464329,30.487253334643288,0,HIGH_VOLATILITY
46,1,2007-11-14,2007-11-14,246.6750030517578,2007-11-28,244.125,0.65,0,10,-1.0337500842040188,0.1,-1.1327163341198148,130487.25333464329,129009.20290217748,29.009202902177478,0,HIGH_VOLATILITY
47,1,2007-11-28,2007-11-28,244.125,2007-12-12,263.3500061035156,0.795,1,10,7.875066504256273,0.1,7.767191437752016,129009.20290217748,139029.59466390754,39.02959466390754,1,HIGH_VOLATILITY
48,1,2007-12-12,2007-12-12,263.3500061035156,2007-12-28,270.5375061035156,0.58,1,10,2.729257578666921,0.1,2.6265283210882546,139029.59466390754,142681.24634244927,42.68124634244928,1,HIGH_VOLATILITY
49,1,2007-12-28,2007-12-28,270.5375061035156,2008-01-11,247.4375,0.625,0,10,-8.538559564704821,0.1,-8.630021005140117,142681.24634244927,130367.82481270019,30.367824812700185,0,HIGH_VOLATILITY
50,1,2008-01-11,2008-01-11,247.4375,2008-01-25,221.14999389648438,0.64,0,10,-10.623897389650164,0.1,-10.713273492260514,130367.82481270019,116401.16319460455,16.401163194604553,0,HIGH_VOLATILITY
51,1,2008-01-25,2008-01-25,221.14999389648438,2008-02-08,224.60000610351562,0.585,1,10,1.5600326937590274,0.1,1.4584726610652685,116401.16319460455,118098.84233695983,18.09884233695983,1,HIGH_VOLATILITY
52,1,2008-02-08,2008-02-08,224.60000610351562,2008-02-22,225.1374969482422,0.715,1,10,0.23931025383803375,0.1,0.13907094358419567,118098.84233695983,118263.08351135986,18.26308351135986,1,HIGH_VOLATILITY
53,1,2008-02-22,2008-02-22,225.1374969482422,2008-03-10,208.41250610351562,0.69,0,10,-7.428789549246673,0.1,-7.521360759697426,118263.08351135986,109368.09035492824,9.368090354928238,0,HIGH_VOLATILITY
54,1,2008-03-10,2008-03-10,208.41250610351562,2008-03-26,219.58749389648438,0.715,1,10,5.361956440089199,0.1,5.256594483649109,109368.09035492824,115117.12735939777,15.117127359397767,1,HIGH_VOLATILITY
55,1,2008-03-26,2008-03-26,219.58749389648438,2008-04-09,219.0625,0.61,0,10,-0.2390818744585983,0.1,-0.33884279258413974,115117.12735939777,114727.06127031054,14.727061270310543,0,HIGH_VOLATILITY
56,1,2008-04-09,2008-04-09,219.0625,2008-04-25,222.3249969482422,0.635,1,10,1.4892996054743224,0.1,1.387810305868848,114727.06127031054,116319.25525024039,16.319255250240385,1,HIGH_VOLATILITY
57,1,2008-04-25,2008-04-25,222.3249969482422,2008-05-12,231.72500610351562,0.785,1,10,4.228048705410208,0.1,4.1238206567047975,116319.25525024039,121116.05272597498,21.116052725974978,1,HIGH_VOLATILITY
58,1,2008-05-12,2008-05-12,231.72500610351562,2008-05-27,242.22500610351562,0.72,1,10,4.53123302338353,0.1,4.426701790360147,121116.05272597498,126477.49920040925,26.477499200409248,1,HIGH_VOLATILITY
59,1,2008-05-27,2008-05-27,242.22500610351562,2008-06-10,219.75,0.705,0,10,-9.278565605200505,0.1,-9.369287039595307,126477.49920040925,114627.45925982104,14.627459259821043,0,HIGH_VOLATILITY
60,1,2008-06-10,2008-06-10,219.75,2008-06-24,211.10000610351562,0.775,0,10,-3.936288462563993,0.1,-4.032352174101428,114627.45925982104,110005.27641424042,10.005276414240418,0,HIGH_VOLATILITY
61,1,2008-06-24,2008-06-24,211.10000610351562,2008-07-08,207.5500030517578,0.725,0,10,-1.6816688532055382,0.1,-1.7799871843523325,110005.27641424042,108047.19659195558,8.04719659195558,0,HIGH_VOLATILITY
62,1,2008-07-08,2008-07-08,207.5500030517578,2008-07-22,207.96249389648438,0.665,1,10,0.19874287577037403,0.1,0.09854413289460368,108047.19659195558,108153.67076495405,8.153670764954049,1,HIGH_VOLATILITY
63,1,2008-07-22,2008-07-22,207.96249389648438,2008-08-05,207.4250030517578,0.635,0,10,-0.25845566412283194,0.1,-0.3581972084587091,108153.67076495405,107766.26733542836,7.766267335428362,0,HIGH_VOLATILITY
64,1,2008-08-05,2008-08-05,207.4250030517578,2008-08-20,210.39999389648438,0.695,1,10,1.4342489097055606,0.1,1.3328146607958553,107766.26733542836,109202.5919458674,9.202591945867404,1,HIGH_VOLATILITY
65,1,2008-08-20,2008-08-20,210.39999389648438,2008-09-04,211.0500030517578,0.765,1,10,0.308939721544497,0.1,0.20863078182295253,109202.5919458674,109430.422167215,9.430422167215001,1,HIGH_VOLATILITY
66,1,2008-09-05,2008-09-05,209.60000610351562,2008-09-19,191.71249389648438,0.595,0,10,-8.534118170873098,0.1,-8.625584052702223,109430.422167215,99991.40912395499,-0.008590876045011102,0,HIGH_VOLATILITY
67,1,2008-09-19,2008-09-19,191.71249389648438,2008-10-06,154.75,0.635,0,10,-19.280169562888457,0.1,-19.36088939332557,99991.40912395499,80632.18300063841,-19.36781699936159,0,HIGH_VOLATILITY
68,1,2008-10-06,2008-10-06,154.75,2008-10-21,139.77499389648438,0.88,0,10,-9.676902167053715,0.1,-9.767225264886664,80632.18300063841,72756.65605097041,-27.243343949029587,0,HIGH_VOLATILITY
69,1,2008-10-21,2008-10-21,139.77499389648438,2008-11-06,125.05000305175781,0.565,0,10,-10.534781962238329,0.1,-10.624247180276091,72756.65605097041,65026.809072012016,-34.973190927987986,0,HIGH_VOLATILITY
70,1,2008-11-06,2008-11-06,125.05000305175781,2008-11-21,126.61250305175781,0.885,1,10,1.2495001694268542,0.1,1.1482506692574272,65026.809072012016,65773.47984237815,-34.226520157621856,1,HIGH_VOLATILITY
71,1,2008-11-21,2008-11-21,126.61250305175781,2008-12-08,130.5625,0.605,1,10,3.1197526729468983,0.1,3.016632920273951,65773.47984237815,67757.62428811307,-32.24237571188692,1,HIGH_VOLATILITY
72,1,2008-12-08,2008-12-08,130.5625,2008-12-23,125.1500015258789,0.695,0,10,-4.145523005549904,0.1,-4.241377482544354,67757.62428811307,64883.76766885004,-35.11623233114995,0,HIGH_VOLATILITY
73,1,2008-12-23,2008-12-23,125.1500015258789,2009-01-09,134.2375030517578,0.795,1,10,7.261287586960008,0.1,7.154026299373046,64883.76766885004,69525.56947190368,-30.47443052809632,1,HIGH_VOLATILITY
74,1,2009-01-12,2009-01-12,128.1374969482422,2009-01-27,124.7750015258789,0.67,0,10,-2.6241307208626634,0.1,-2.721506590141801,69525.56947190368,67633.42651689221,-32.366573483107786,0,HIGH_VOLATILITY
75,1,2009-01-27,2009-01-27,124.7750015258789,2009-02-10,131.14999389648438,0.69,1,10,5.109190376794558,0.1,5.004081186417764,67633.42651689221,71017.8580889537,-28.982141911046305,1,HIGH_VOLATILITY
76,1,2009-02-10,2009-02-10,131.14999389648438,2009-02-25,120.1875,0.745,0,10,-8.358745258605946,0.1,-8.450386513347338,71017.8580889537,65016.5745869366,-34.9834254130634,0,HIGH_VOLATILITY
77,1,2009-02-25,2009-02-25,120.1875,2009-03-13,126.7125015258789,0.775,1,10,5.42901843026846,0.1,5.323589411838193,65016.5745869366,68477.79006758664,-31.522209932413357,1,HIGH_VOLATILITY
78,1,2009-03-13,2009-03-13,126.7125015258789,2009-03-27,143.71249389648438,0.57,1,10,13.416191903632733,0.1,13.302775711729097,68477.79006758664,77587.2368926264,-22.4127631073736,1,HIGH_VOLATILITY
79,1,2009-03-27,2009-03-27,143.71249389648438,2009-04-16,143.0124969482422,0.635,0,10,-0.48708148419329006,0.1,-0.5865944027090968,77587.2368926264,77132.11450379761,-22.86788549620239,0,HIGH_VOLATILITY
80,1,2009-04-16,2009-04-16,143.0124969482422,2009-04-28,149.625,0.76,1,8,4.623723935224311,0.1,4.5191002112890875,77132.11450379761,80617.79205331046,-19.382207946689537,1,HIGH_VOLATILITY
81,2,2009-04-29,2009-04-29,155.89999389648438,2009-05-15,161.0124969482422,0.55,0,10,3.2793478203420907,0.1,3.1760684725217487,80617.79205331046,83178.2683299588,3.1760684725217434,1,HIGH_VOLATILITY
82,2,2009-05-15,2009-05-15,161.0124969482422,2009-05-29,176.14999389648438,0.715,1,10,9.401442270104145,0.1,9.29204082783404,83178.2683299588,90907.22698306391,12.763230879542462,1,HIGH_VOLATILITY
83,2,2009-06-01,2009-06-01,174.41250610351562,2009-06-15,194.5,0.625,1,10,11.517232534094912,0.1,11.405715301560818,90907.22698306391,101275.84648129586,25.624683958504786,1,HIGH_VOLATILITY
84,2,2009-06-18,2009-06-18,188.1999969482422,2009-07-02,195.0,0.56,1,10,3.6131791509156694,0.1,3.5095659717647534,101275.84648129586,104830.18912702013,30.03356511884949,1,HIGH_VOLATILITY
85,2,2009-07-03,2009-07-03,195.47500610351562,2009-07-17,217.0500030517578,0.555,1,10,11.0372151295992,0.1,10.926177914469603,104830.18912702013,116284.12209911332,44.24126379226267,1,HIGH_VOLATILITY
86,2,2009-08-07,2009-08-07,254.5500030517578,2009-08-21,254.625,0.575,1,10,0.029462560339053825,0.1,-0.07056690222128524,116284.12209911332,116202.06399637276,44.13947720067964,0,HIGH_VOLATILITY
87,2,2009-08-21,2009-08-21,254.625,2009-09-04,265.95001220703125,0.595,1,10,4.447722025343643,0.1,4.3432743033182994,116202.06399637276,121249.0383818527,50.39985007487411,1,HIGH_VOLATILITY
88,2,2009-10-07,2009-10-07,295.8500061035156,2009-10-23,319.8999938964844,0.57,1,10,8.12911519243094,0.1,8.020986077238508,121249.0383818527,130974.40686924668,62.46340110956734,1,HIGH_VOLATILITY
89,2,2009-10-28,2009-10-28,321.42498779296875,2009-11-12,327.67498779296875,0.575,1,10,1.9444661234694214,0.1,1.8425216573459517,130974.40686924668,133387.63868139294,65.45682446027192,1,HIGH_VOLATILITY
90,2,2009-12-08,2009-12-08,349.1499938964844,2009-12-22,362.0249938964844,0.59,1,10,3.6875269153855883,0.1,3.5838393884702024,133387.63868139294,138168.03741580702,71.38653130619115,1,BULLISH
91,2,2010-01-08,2010-01-08,349.8999938964844,2010-01-22,378.92498779296875,0.555,1,10,8.29522560811225,0.1,8.186930382504139,138168.03741580702,149479.7584499114,85.41782730921767,1,HIGH_VOLATILITY
92,2,2010-02-03,2010-02-03,376.4750061035156,2010-02-18,379.3999938964844,0.555,1,10,0.7769407651366091,0.1,0.6761638243714725,149479.7584499114,150490.48650130758,86.67155558141819,1,BULLISH
93,2,2010-03-05,2010-03-05,381.29998779296875,2010-03-19,410.45001220703125,0.56,1,10,7.64490567723014,0.1,7.5372607715529085,150490.48650130758,161833.34690528977,100.74147751190404,1,BULLISH
94,2,2010-04-12,2010-04-12,399.04998779296875,2010-04-27,393.6499938964844,0.575,0,10,-1.353212394855641,0.1,-1.4518591824607847,161833.34690528977,159483.7545979617,97.82699393763998,0,HIGH_VOLATILITY
95,2,2010-04-30,2010-04-30,382.70001220703125,2010-05-14,381.92498779296875,0.66,0,10,-0.20251486525775989,0.1,-0.30231235039250215,159483.7545979617,159001.61551094239,97.22893850255628,0,HIGH_VOLATILITY
96,2,2010-05-20,2010-05-20,365.0,2010-06-03,382.7250061035156,0.585,1,10,4.856166055757705,0.1,4.751309889701948,159001.61551094239,166556.27499349965,106.5998965629824,1,HIGH_VOLATILITY
97,2,2010-06-04,2010-06-04,382.67498779296875,2010-06-18,391.6000061035156,0.565,1,10,2.332271142679282,0.1,2.2299388715366026,166556.27499349965,170270.3781125631,111.20694796499475,1,HIGH_VOLATILITY
98,2,2010-07-29,2010-07-29,425.0,2010-08-12,426.7250061035156,0.565,1,10,0.4058837890625,0.1,0.3054779052734375,170270.3781125631,170790.51649692253,111.85213852543019,1,HIGH_VOLATILITY
99,2,2010-08-12,2010-08-12,426.7250061035156,2010-08-26,438.25,0.56,1,10,2.70080115569525,0.1,2.5981003545395542,170790.51649692253,175227.82551154902,117.35626968755903,1,BULLISH
100,2,2010-09-24,2010-09-24,465.9750061035156,2010-10-08,471.29998779296875,0.575,1,10,1.1427612253242159,0.1,1.041618464098892,175227.82551154902,177053.0308963163,119.62029272550123,1,HIGH_VOLATILITY
101,2,2010-11-22,2010-11-22,519.5499877929688,2010-12-06,550.8499755859375,0.67,1,10,6.024442022591526,0.1,5.918417580568935,177053.0308963163,187531.76860381404,132.61833874066426,1,HIGH_VOLATILITY
102,2,2011-01-11,2011-01-11,549.25,2011-01-25,594.2750244140625,0.6,1,10,8.19754654784934,0.1,8.08934900130149,187531.76860381404,202701.86785448968,151.4356480024263,1,HIGH_VOLATILITY
103,2,2011-01-31,2011-01-31,579.75,2011-02-14,556.1500244140625,0.56,0,10,-4.070715926854247,0.1,-4.166645210927392,202701.86785448968,194256.0001850702,140.95921661636893,0,HIGH_VOLATILITY
104,2,2011-02-16,2011-02-16,548.25,2011-03-03,575.0999755859375,0.575,1,10,4.897396367704059,0.1,4.792498971336354,194256.0001850702,203565.71699569884,152.50718459404854,1,HIGH_VOLATILITY
105,2,2011-03-07,2011-03-07,554.125,2011-03-21,535.4000244140625,0.58,0,10,-3.379197037841191,0.1,-3.47581784080335,203565.71699569884,196490.14348660308,143.73049482261834,0,HIGH_VOLATILITY
106,2,2011-03-22,2011-03-22,534.75,2011-04-05,619.9249877929688,0.56,1,10,15.928001457310659,0.1,15.812073455853348,196490.14348660308,227559.30930821638,182.2693396982856,1,HIGH_VOLATILITY
107,2,2011-04-18,2011-04-18,572.2999877929688,2011-05-03,569.2249755859375,0.585,0,10,-0.5373077533846891,0.1,-0.6367704456313044,227559.30930821638,226110.27888025893,180.47193196600827,0,HIGH_VOLATILITY
108,2,2011-05-10,2011-05-10,569.9500122070312,2011-05-24,574.9500122070312,0.55,1,10,0.8772699171701706,0.1,0.7763926472530002,226110.27888025893,227865.78246016853,182.6494954234008,1,BULLISH
109,2,2011-05-30,2011-05-30,575.9749755859375,2011-06-13,587.6500244140625,0.585,1,10,2.027006262945367,0.1,1.9249792566824215,227865.78246016853,232252.15150560386,188.0904395794188,1,BULLISH
110,2,2011-06-17,2011-06-17,554.5999755859375,2011-07-01,595.9500122070312,0.66,1,10,7.455830948677421,0.1,7.348375117728743,232252.15150560386,249318.9108172313,209.26040575802816,1,HIGH_VOLATILITY
111,2,2011-08-04,2011-08-04,547.9249877929688,2011-08-19,464.4750061035156,0.555,0,10,-15.23018361064131,0.1,-15.31495342703067,249318.9108172313,211135.83574079222,161.89731864794007,0,HIGH_VOLATILITY
112,2,2012-01-12,2012-01-12,544.75,2012-01-27,554.375,0.56,1,10,1.7668655346489215,0.1,1.6650986691142726,211135.83574079222,214651.45573173545,166.2581674151929,1,HIGH_VOLATILITY
113,2,2012-03-14,2012-03-14,577.2750244140625,2012-03-28,582.5499877929688,0.575,1,10,0.9137695475844236,0.1,0.8128557780368393,214651.45573173545,216396.26249229105,168.4224623135223,1,HIGH_VOLATILITY
114,2,2012-06-28,2012-06-28,629.4249877929688,2012-07-12,618.0,0.555,0,10,-1.815146842680906,0.1,-1.913331695838225,216396.26249229105,212255.88421341675,163.28665026332826,0,BEARISH_SIDEWAYS
115,2,2012-07-16,2012-07-16,603.6749877929688,2012-07-30,615.5,0.55,1,10,1.9588375278332146,0.1,1.8568786903053816,212255.88421341675,216197.21849629495,168.17556396648686,1,BEARISH_SIDEWAYS
116,2,2012-09-17,2012-09-17,671.0499877929688,2012-09-18,649.9000244140625,0.58,0,1,-3.151771665843678,0.1,-3.2486198941778346,216197.21849629495,209173.7926455652,159.46355924414797,0,HIGH_VOLATILITY
117,3,2012-09-20,2012-09-20,661.0,2012-10-05,652.0,0.62,0,10,-1.361573373676248,0.1,-1.460211800302572,209173.7926455652,206119.41224221422,-1.460211800302574,0,HIGH_VOLATILITY
118,3,2012-10-05,2012-10-05,652.0,2012-10-19,644.8499755859375,0.58,0,10,-1.096629511359279,0.1,-1.1955328818479198,206119.41224221422,203655.18689298688,-2.638287369933256,0,BEARISH_SIDEWAYS
119,3,2012-11-12,2012-11-12,667.25,2012-11-29,649.0499877929688,0.565,0,10,-2.7276151677828775,0.1,-2.824887552615095,203655.18689298688,197902.15686819187,-5.388646271032896,0,BEARISH_SIDEWAYS
120,3,2012-12-17,2012-12-17,602.75,2013-01-01,632.0750122070312,0.695,1,10,4.865203186566777,0.1,4.760337983380211,197902.15686819187,207322.9684115171,-0.884826062882667,1,BEARISH_SIDEWAYS
121,3,2013-01-01,2013-01-01,632.0750122070312,2013-01-15,668.7249755859375,0.625,1,10,5.798356630320618,0.1,5.692558273690298,207322.9684115171,219124.94920308725,4.757362971557242,1,BULLISH
122,3,2013-01-22,2013-01-22,658.75,2013-02-05,680.0250244140625,0.575,1,10,3.22960522414611,0.1,3.126375618921964,219124.94920308725,225975.6181899477,8.032471626525593,1,BULLISH
123,3,2013-02-06,2013-02-06,685.2750244140625,2013-02-20,726.4000244140625,0.555,1,10,6.001240164146289,0.1,5.895238923982142,225975.6181899477,239297.42079219077,14.401243944392489,1,BULLISH
124,3,2013-03-01,2013-03-01,750.9249877929688,2013-03-15,785.125,0.585,1,10,4.554384627357779,0.1,4.449830242730422,239297.42079219077,249945.74979267555,19.49190509548987,1,BULLISH
125,3,2013-03-22,2013-03-22,771.0750122070312,2013-04-09,748.7000122070312,0.555,0,10,-2.9017929054601996,0.1,-2.9988911125547397,249945.74979267555,242450.1489159347,15.908472973358883,0,BULLISH
126,3,2013-04-15,2013-04-15,736.2249755859375,2013-05-02,716.9500122070312,0.67,0,10,-2.6180806163993466,0.1,-2.715462535782947,242450.1489159347,235866.50595417252,12.761021813969217,0,HIGH_VOLATILITY
127,3,2013-05-02,2013-05-02,716.9500122070312,2013-05-16,727.0250244140625,0.585,1,10,1.405260064926524,0.1,1.3038548048615977,235866.50595417252,238941.86272511518,14.231261814901696,1,HIGH_VOLATILITY
128,3,2013-05-22,2013-05-22,749.2000122070312,2013-06-05,733.9000244140625,0.55,0,10,-2.0421766609289382,0.1,-2.140134484268009,238941.86272511518,233828.18552358265,11.786559188986507,0,BEARISH_SIDEWAYS
129,3,2013-06-13,2013-06-13,722.8250122070312,2013-06-27,745.9500122070312,0.625,1,10,3.199252877178598,0.1,3.09605362430142,233828.18552358265,241067.63153612378,15.247531006238974,1,HIGH_VOLATILITY
130,3,2013-08-20,2013-08-20,868.2000122070312,2013-09-03,1000.5499877929688,0.74,1,10,15.244180341519886,0.1,15.128936161178366,241067.63153612378,277538.5996164886,32.6832563995071,1,HIGH_VOLATILITY
131,3,2013-10-24,2013-10-24,1004.3499755859375,2013-11-08,1045.425048828125,0.655,1,10,4.08971715444353,0.1,3.9856274372890876,277538.5996164886,288600.25419187127,37.97151667125448,1,HIGH_VOLATILITY
132,3,2013-11-14,2013-11-14,1013.0999755859375,2013-11-29,1002.1749877929688,0.605,0,10,-1.0783721307119924,0.1,-1.1772937585812806,288600.25419187127,285202.58141202066,36.347186616863866,0,BEARISH_SIDEWAYS
133,3,2014-02-03,2014-02-03,1097.2249755859375,2014-02-17,1082.699951171875,0.56,0,10,-1.3237963715058418,0.1,-1.4224725751343361,285202.58141202066,281145.6529078595,34.407685280271735,0,BEARISH_SIDEWAYS
134,3,2014-03-10,2014-03-10,1071.324951171875,2014-03-25,1073.324951171875,0.675,1,10,0.18668472136416578,0.1,0.08649803664280162,281145.6529078595,281388.8383777314,34.52394528913623,1,HIGH_VOLATILITY
135,3,2014-03-26,2014-03-26,1046.75,2014-04-10,1063.074951171875,0.715,1,10,1.559584539945068,0.1,1.4580249554051226,281388.8383777314,285491.5578630033,36.485337982447355,1,HIGH_VOLATILITY
136,3,2014-05-13,2014-05-13,1105.4749755859375,2014-05-27,1065.7249755859375,0.605,0,10,-3.595739467456621,0.1,-3.6921437279891647,285491.5578630033,274950.79921542585,31.446103136503616,0,HIGH_VOLATILITY
137,3,2014-06-04,2014-06-04,1044.625,2014-06-18,1113.5250244140625,0.58,1,10,6.595670639134857,0.1,6.489074968495723,274950.79921542585,292792.562702993,39.97573931219755,1,BULLISH
138,3,2014-10-17,2014-10-17,1220.574951171875,2014-11-05,1299.75,0.585,1,10,6.48670110361588,0.1,6.380214402512265,292792.562702993,311473.3559580541,48.90649159181738,1,HIGH_VOLATILITY
139,3,2014-11-07,2014-11-07,1286.425048828125,2014-11-21,1311.074951171875,0.575,1,10,1.9161553458714866,0.1,1.8142391905256154,311473.3559580541,317124.22764989047,51.60801151951288,1,BULLISH
140,3,2014-12-08,2014-12-08,1256.4000244140625,2014-12-22,1256.699951171875,0.605,1,10,0.023871915949092288,0.1,-0.07615195596685681,317124.22764989047,316882.7313476903,51.492559053338304,0,HIGH_VOLATILITY
141,3,2014-12-22,2014-12-22,1256.699951171875,2015-01-06,1223.300048828125,0.655,0,10,-2.6577467686383316,0.1,-2.7550890218696935,316882.7313476903,308152.3300041292,47.31880418991031,0,HIGH_VOLATILITY
142,3,2015-01-06,2015-01-06,1223.300048828125,2015-01-20,1250.2249755859375,0.695,1,10,2.2010075764817927,0.1,2.0988065689053106,308152.3300041292,314619.8513484906,50.41074092948089,1,BEARISH_SIDEWAYS
143,3,2015-01-20,2015-01-20,1250.2249755859375,2015-02-04,1257.1500244140625,0.58,1,10,0.5539042143098659,0.1,0.45335031009555604,314619.8513484906,316046.1814202012,51.09262848990173,1,BEARISH_SIDEWAYS
144,3,2015-02-10,2015-02-10,1220.574951171875,2015-02-25,1336.0999755859375,0.72,1,10,9.464803804399462,0.1,9.355339000595064,316046.1814202012,345613.3730904967,65.2278560900417,1,HIGH_VOLATILITY
145,3,2015-03-11,2015-03-11,1303.2750244140625,2015-03-25,1286.875,0.57,0,10,-1.2583701910067497,0.1,-1.357111820815743,345613.3730904967,340923.01314996555,62.98552932376331,0,BEARISH_SIDEWAYS
146,3,2015-03-25,2015-03-25,1286.875,2015-04-10,1326.875,0.57,1,10,3.108305002428363,0.1,3.0051966974259345,340923.01314996555,351168.4202819133,67.88356506828323,1,BULLISH
147,3,2015-04-17,2015-04-17,1237.425048828125,2015-05-04,1240.7750244140625,0.705,1,10,0.27072149453496336,0.1,0.17045077304042835,351168.4202819133,351766.9895689577,68.16972390274995,1,BEARISH_SIDEWAYS
148,3,2015-05-04,2015-05-04,1240.7750244140625,2015-05-18,1260.199951171875,0.73,1,10,1.5655478532045428,0.1,1.4639823053513386,351766.9895689577,356916.79605231434,70.63169890364442,1,BEARISH_SIDEWAYS
149,3,2015-06-12,2015-06-12,1252.9000244140625,2015-06-26,1296.4000244140625,0.595,1,10,3.4719450197427704,0.1,3.368473074723028,356916.79605231434,368939.44222650066,76.37938173815616,1,BULLISH
150,3,2015-07-09,2015-07-09,1261.25,2015-07-23,1244.300048828125,0.655,0,10,-1.3439009848860257,0.1,-1.4425570839011395,368939.44222650066,363617.28016735695,73.83500847235136,0,BEARISH_SIDEWAYS
151,3,2015-07-23,2015-07-23,1244.300048828125,2015-08-06,1286.6500244140625,0.685,1,10,3.403517955803544,0.1,3.30011443784774,363617.28016735695,375617.06652866915,79.57176268498128,1,BULLISH
152,3,2015-08-24,2015-08-24,1289.324951171875,2015-09-07,1269.875,0.605,0,10,-1.5085375610079388,0.1,-1.6070290234469307,375617.06652866915,369580.7912525335,76.68599234071839,0,HIGH_VOLATILITY
153,3,2015-09-07,2015-09-07,1269.875,2015-09-22,1263.4000244140625,0.71,0,10,-0.5098907834186436,0.1,-0.6093808926352249,369580.7912525335,367328.63652779046,75.6093016634311,0,BEARISH_SIDEWAYS
154,3,2015-10-14,2015-10-14,1241.8499755859375,2015-10-29,1247.675048828125,0.67,1,10,0.46906416690462766,0.1,0.3685951027377231,367328.63652779046,368682.59189298516,76.25658894931443,1,BEARISH_SIDEWAYS
155,3,2015-10-29,2015-10-29,1247.675048828125,2015-11-16,1187.300048828125,0.71,0,10,-4.839000351630582,0.1,-4.9341613512789495,368682.59189298516,350491.197934908,67.55980445829475,0,BEARISH_SIDEWAYS
156,3,2015-11-23,2015-11-23,1195.5250244140625,2015-12-08,1164.5,0.56,0,10,-2.5950961946002042,0.1,-2.692501098405604,350491.197934908,341054.2185806956,63.04825488276889,0,BEARISH_SIDEWAYS
157,3,2016-01-13,2016-01-13,1139.5999755859375,2016-01-28,1165.5999755859375,0.64,1,10,2.28150233037973,0.1,2.1792208280493504,341054.2185806956,348486.5431469471,66.60143641294518,1,BEARISH_SIDEWAYS
158,3,2016-01-29,2016-01-29,1195.6500244140625,2016-02-12,1113.300048828125,0.56,0,10,-6.887464885579185,0.1,-6.9805774206936055,348486.5431469471,324160.1702018756,54.9716941601519,0,HIGH_VOLATILITY
159,3,2016-02-12,2016-02-12,1113.300048828125,2016-02-26,1105.25,0.715,0,10,-0.723079895361416,0.1,-0.8223568154660549,324160.1702018756,321494.41694919416,53.697273871182695,0,HIGH_VOLATILITY
160,4,2016-02-29,2016-02-29,1088.4000244140625,2016-03-15,1164.949951171875,0.625,1,10,7.0332529438358815,0.1,6.9262196908920455,321494.41694919416,343761.8265610478,6.926219690892044,1,HIGH_VOLATILITY
161,4,2016-04-08,2016-04-08,1216.0250244140625,2016-04-27,1255.550048828125,0.59,1,10,3.2503463021336674,0.1,3.1470959558315323,343761.8265610478,354580.34110244317,10.291290426507652,1,BULLISH
162,4,2016-05-05,2016-05-05,1235.1500244140625,2016-05-19,1278.4749755859375,0.685,1,10,3.5076671105137804,0.1,3.4041594434032674,354580.34110244317,366650.82126853353,14.045781804812943,1,BULLISH
163,4,2016-05-30,2016-05-30,1318.199951171875,2016-06-13,1273.5,0.55,0,10,-3.3909841319700327,0.1,-3.4875931478380617,366650.82126853353,353863.5323494802,10.068328933189948,0,BULLISH
164,4,2016-06-27,2016-06-27,1247.925048828125,2016-07-12,1232.4749755859375,0.7,0,10,-1.2380609922603947,0.1,-1.3368229312681343,353863.5323494802,349133.0035036369,8.596910271947428,0,HIGH_VOLATILITY
165,4,2016-07-12,2016-07-12,1232.4749755859375,2016-07-26,1276.300048828125,0.68,1,10,3.5558590730292425,0.1,3.452303213956213,349133.0035036369,361186.1334045748,12.34600489552301,1,BULLISH
166,4,2016-08-18,2016-08-18,1319.2750244140625,2016-09-01,1253.75,0.6,0,10,-4.966744856188308,0.1,-5.061778111332122,361186.1334045748,342903.69276273524,6.659299410765319,0,BEARISH_SIDEWAYS
167,4,2016-09-01,2016-09-01,1253.75,2016-09-19,1205.7249755859375,0.64,0,10,-3.830510421859422,0.1,-3.926679911437562,342903.69276273524,329438.96234344336,2.4711301271227617,0,HIGH_VOLATILITY
168,4,2016-09-19,2016-09-19,1205.7249755859375,2016-10-03,1205.8499755859375,0.78,1,10,0.010367206662469163,0.1,-0.0896431605441933,329438.96234344336,329143.6428455347,2.3792717674314607,0,HIGH_VOLATILITY
169,4,2016-10-03,2016-10-03,1205.8499755859375,2016-10-19,1197.550048828125,0.745,0,10,-0.6883050898416665,0.1,-0.7876167847518248,329143.6428455347,326551.2522685397,1.5729154388844826,0,BEARISH_SIDEWAYS
170,4,2016-10-20,2016-10-20,1200.574951171875,2016-11-04,1165.2750244140625,0.64,0,10,-2.940251812130215,0.1,-3.037311560318085,326551.2522685397,316632.87333302386,-1.5121704638928666,0,BEARISH_SIDEWAYS
171,4,2016-11-07,2016-11-07,1138.5250244140625,2016-11-22,1067.5,0.74,0,10,-6.238336698011118,0.1,-6.332098361313106,316632.87333302386,296583.36834932485,-7.748516704041553,0,HIGH_VOLATILITY
172,4,2016-11-22,2016-11-22,1067.5,2016-12-06,1091.175048828125,0.735,1,10,2.2178031689110074,0.1,2.1155853657420955,296583.36834932485,302857.84268734814,-5.796857823752244,1,HIGH_VOLATILITY
173,4,2016-12-06,2016-12-06,1091.175048828125,2016-12-20,1169.6500244140625,0.595,1,10,7.191786108948903,0.1,7.084594322839951,302857.84268734814,324314.09221665154,0.8770526388030476,1,HIGH_VOLATILITY
174,4,2017-01-06,2017-01-06,1140.699951171875,2017-01-20,1142.675048828125,0.58,1,10,0.17314786892214062,0.1,0.07297472105321848,324314.09221665154,324550.7595207829,0.9506673865729219,1,BULLISH
175,4,2017-01-20,2017-01-20,1142.675048828125,2017-02-06,1120.375,0.755,0,10,-1.9515652197879794,0.1,-2.049613654568192,324550.7595207829,317898.72283764015,-1.1184312765600029,0,HIGH_VOLATILITY
176,4,2017-02-06,2017-02-06,1120.375,2017-02-20,1251.0999755859375,0.58,1,10,11.66796613508312,0.1,11.556298168948034,317898.72283764015,354636.04712403554,10.308617639253985,1,HIGH_VOLATILITY
177,4,2017-03-07,2017-03-07,1249.9000244140625,2017-03-22,1239.4749755859375,0.55,0,10,-0.8340706156088069,0.1,-0.9332365449931983,354636.04712403554,351326.45393055474,9.279177307167652,0,BULLISH
178,4,2017-03-24,2017-03-24,1213.5999755859375,2017-04-10,1211.125,0.72,0,10,-0.20393668718908456,0.1,-0.30373275050189547,351326.45393055474,350259.3604287907,8.947260656206746,0,BULLISH
179,4,2017-04-10,2017-04-10,1211.125,2017-04-25,1155.75,0.7,0,10,-4.572195272989989,0.1,-4.667623077716999,350259.3604287907,333910.5736895525,3.86201317527715,0,BEARISH_SIDEWAYS
180,4,2017-04-25,2017-04-25,1155.75,2017-05-10,1166.2249755859375,0.675,1,10,0.9063357634382435,0.1,0.8054294276748053,333910.5736895525,336599.9877121659,4.698548393566319,1,BEARISH_SIDEWAYS
181,4,2017-05-11,2017-05-11,1174.7249755859375,2017-05-25,1312.300048828125,0.635,1,10,11.711258047745758,0.1,11.599546789698008,336599.9877121659,375644.06078095635,16.843105502612655,1,BULLISH
182,4,2017-06-13,2017-06-13,1225.7750244140625,2017-06-28,1175.0250244140625,0.64,0,10,-4.140237726271116,0.1,-4.236097488544845,375644.06078095635,359731.41215634637,11.893517644878672,0,HIGH_VOLATILITY
183,4,2017-06-28,2017-06-28,1175.0250244140625,2017-07-12,1219.7249755859375,0.685,1,10,3.8041701447307523,0.1,3.7003659745860213,359731.41215634637,373042.7909316776,16.03398729957717,1,BEARISH_SIDEWAYS
184,4,2017-07-12,2017-07-12,1219.7249755859375,2017-07-26,1278.0,0.68,1,10,4.777718385742495,0.1,4.672940667356754,373042.7909316776,390474.8592157666,21.456186680054675,1,BULLISH
185,4,2017-08-02,2017-08-02,1236.9000244140625,2017-08-17,1242.824951171875,0.605,1,10,0.47901420008615686,0.1,0.3785351858860706,390474.8592157666,391952.94394993735,21.91594108207415,1,BULLISH
186,4,2017-08-30,2017-08-30,1242.2750244140625,2017-09-13,1244.5999755859375,0.59,1,10,0.1871526937419995,0.1,0.08696554104825752,391952.94394993735,392293.807948298,22.021965939860248,1,BULLISH
187,4,2017-10-09,2017-10-09,1227.050048828125,2017-10-24,1289.199951171875,0.56,1,10,5.064985116385863,0.1,4.959920131269477,392293.807948298,411751.2675024492,28.074157993082157,1,BULLISH
188,4,2017-11-23,2017-11-23,1340.625,2017-12-07,1308.625,0.565,0,10,-2.386946386946387,0.1,-2.4845594405594404,411751.2675024492,401521.06251409394,24.89207940974801,0,BULLISH
189,4,2017-12-07,2017-12-07,1308.625,2017-12-21,1297.8499755859375,0.56,0,10,-0.8233851878164105,0.1,-0.922561802628594,401521.06251409394,397816.7825618304,23.7398727906051,0,BEARISH_SIDEWAYS
190,4,2017-12-21,2017-12-21,1297.8499755859375,2018-01-05,1344.5999755859375,0.6,1,10,3.602111251640921,0.1,3.4985091403892805,397816.7825618304,411734.43906175863,28.0689235504905,1,BULLISH
191,4,2018-02-14,2018-02-14,1455.9000244140625,2018-02-28,1517.5250244140625,0.72,1,10,4.2327769054610345,0.1,4.128544128555573,411734.43906175863,428733.0770708841,33.356305574238604,1,BULLISH
192,4,2018-03-13,2018-03-13,1443.4000244140625,2018-03-27,1423.8499755859375,0.67,0,10,-1.3544442633677518,0.1,-1.4530898191043844,428733.0770708841,422503.20037683414,31.41851867480561,0,HIGH_VOLATILITY
193,4,2018-03-27,2018-03-27,1423.8499755859375,2018-04-12,1569.625,0.72,1,10,10.23808876732773,0.1,10.127850678560403,422503.20037683414,465293.69362313877,44.728390010165946,1,BULLISH
194,4,2018-05-18,2018-05-18,1751.0250244140625,2018-06-01,1732.449951171875,0.575,0,10,-1.0608114095001693,0.1,-1.1597505980906693,465293.69362313877,459897.4472284663,43.04990164141606,0,BULLISH
195,4,2018-07-04,2018-07-04,1866.1500244140625,2018-07-18,2000.25,0.55,1,10,7.185916128476459,0.1,7.078730212347985,459897.4472284663,492452.34677124483,53.176018247641046,1,BULLISH
196,4,2018-07-31,2018-07-31,1940.199951171875,2018-08-14,2003.550048828125,0.635,1,10,3.2651324219437656,0.1,3.161867289521821,492452.34677124483,508023.03644028737,58.01924066400518,1,BULLISH
197,4,2018-08-20,2018-08-20,2009.949951171875,2018-09-04,2098.89990234375,0.57,1,10,4.425480899164374,0.1,4.32105541826521,508023.03644028737,529974.9933824259,64.84733962461871,1,BULLISH
198,4,2018-10-10,2018-10-10,2043.5999755859375,2018-10-25,1853.0,0.56,0,10,-9.326677327410371,0.1,-9.417350650082959,529974.9933824259,480065.3898978488,49.32308761483522,0,HIGH_VOLATILITY
199,4,2018-10-25,2018-10-25,1853.0,2018-11-09,1909.199951171875,0.815,1,10,3.0329169547692927,0.1,2.9298840378145243,480065.3898978488,494130.74912753794,53.69808092363406,1,HIGH_VOLATILITY
200,4,2018-11-09,2018-11-09,1909.199951171875,2018-11-26,1846.0999755859375,0.59,0,10,-3.3050480410502034,0.1,-3.401742993009154,494130.74912753794,477321.6909927883,48.46966722542481,0,HIGH_VOLATILITY
201,4,2018-12-19,2018-12-19,1968.449951171875,2019-01-03,1899.949951171875,0.565,0,10,-3.4798954354526503,0.1,-3.576415540017198,477321.6909927883,460250.68386024935,43.1597749745629,0,BEARISH_SIDEWAYS
202,4,2019-01-03,2019-01-03,1899.949951171875,2019-01-17,1894.300048828125,0.575,0,10,-0.2973711144477875,0.1,-0.3970737433333397,460250.68386024935,458423.1492411282,42.591325097123814,0,BEARISH_SIDEWAYS
203,4,2019-01-17,2019-01-17,1894.300048828125,2019-01-31,2014.0999755859375,0.635,1,10,6.324231836024319,0.1,6.217907604188295,458423.1492411282,486927.47709715174,51.457521943250725,1,BULLISH
204,4,2019-02-18,2019-02-18,1970.300048828125,2019-03-05,1988.0999755859375,0.62,1,10,0.9034119837940094,0.1,0.8025085718102155,486927.47709715174,490835.1118393556,52.672981539496654,1,HIGH_VOLATILITY
205,4,2019-03-05,2019-03-05,1988.0999755859375,2019-03-19,2022.800048828125,0.58,1,10,1.745388746456808,0.1,1.6436433577103515,490835.1118393556,498902.69055241335,55.18238085958894,1,HIGH_VOLATILITY
206,4,2019-03-25,2019-03-25,1984.25,2019-04-09,2091.5,0.575,1,10,5.405064885977069,0.1,5.299659821091093,498902.69055241335,525342.835989962,63.406519147417114,1,BULLISH
207,4,2019-05-23,2019-05-23,2054.050048828125,2019-06-07,2181.75,0.61,1,10,6.216983429626278,0.1,6.110766446196651,525342.835989962,557445.3097391345,73.3919098903754,1,HIGH_VOLATILITY
208,4,2019-07-05,2019-07-05,2163.10009765625,2019-07-19,2076.949951171875,0.61,0,10,-3.982716591697255,0.1,-4.078733875105559,557445.3097391345,534708.5990556173,66.31971532498416,0,BEARISH_SIDEWAYS
209,4,2019-07-19,2019-07-19,2076.949951171875,2019-08-01,2180.050048828125,0.6,1,9,4.964014544408157,0.1,4.859050529863748,534708.5990556173,560690.3600712563,74.40127433375066,1,HIGH_VOLATILITY
210,5,2019-08-02,2019-08-02,2205.300048828125,2019-08-20,2186.75,0.585,0,10,-0.8411575938604053,0.1,-0.9403164362665447,560690.3600712563,555418.0964589441,-0.9403164362665541,0,BEARISH_SIDEWAYS
211,5,2019-09-17,2019-09-17,2122.64990234375,2019-10-01,2059.949951171875,0.625,0,10,-2.953852686806434,0.1,-3.050898834119628,555418.0964589441,538472.8522295888,-3.9625271671950917,0,BEARISH_SIDEWAYS
212,5,2019-10-01,2019-10-01,2059.949951171875,2019-10-17,2030.949951171875,0.62,0,10,-1.4078011935922194,0.1,-1.5063933923986275,538472.8522295888,530361.3327637418,-5.409229312175089,0,BEARISH_SIDEWAYS
213,5,2019-10-17,2019-10-17,2030.949951171875,2019-11-01,2200.89990234375,0.65,1,10,8.36800291773869,0.1,8.259634914820953,530361.3327637418,574167.2425794055,2.4036230097547104,1,HIGH_VOLATILITY
214,5,2019-11-20,2019-11-20,2108.550048828125,2019-12-04,2078.5,0.72,0,10,-1.4251522673045396,0.1,-1.5237271150372351,574167.2425794055,565418.5006185615,0.8432712391745678,0,HIGH_VOLATILITY
215,5,2019-12-04,2019-12-04,2078.5,2019-12-18,2167.75,0.725,1,10,4.293961991821025,0.1,4.189668029829204,565418.5006185615,589107.658773717,5.068269534516209,1,HIGH_VOLATILITY
216,5,2019-12-18,2019-12-18,2167.75,2020-01-02,2157.64990234375,0.62,0,10,-0.4659253906700496,0.1,-0.5654594652793796,589107.658773717,585776.4937564953,4.474151059428041,0,HIGH_VOLATILITY
217,5,2020-01-31,2020-01-31,2079.050048828125,2020-02-14,2184.199951171875,0.63,1,10,5.057593606417444,0.1,4.952536012811025,585776.4937564953,614787.2855643674,9.6482710147248,1,BULLISH
218,5,2020-02-28,2020-02-28,2000.1500244140625,2020-03-16,1696.4000244140625,0.715,0,10,-15.186360837556803,0.1,-15.271174476719246,614787.2855643674,520902.0465251467,-7.096307762639798,0,HIGH_VOLATILITY
219,5,2020-03-16,2020-03-16,1696.4000244140625,2020-03-30,1778.5,0.68,1,10,4.839658948619437,0.1,4.734819289670818,520902.0465251467,545565.8171043094,-2.6974858217688484,1,HIGH_VOLATILITY
220,5,2020-04-01,2020-04-01,1708.75,2020-04-21,1737.6500244140625,0.575,1,10,1.6912962349122165,0.1,1.589604938677304,545565.8171043094,554238.1582767348,-1.150760250934499,1,HIGH_VOLATILITY
221,5,2020-04-28,2020-04-28,1859.050048828125,2020-05-13,1949.6500244140625,0.645,1,10,4.873455431877603,0.1,4.768581976445725,554238.1582767348,580667.4591989039,3.5629467795930645,1,HIGH_VOLATILITY
222,5,2020-05-13,2020-05-13,1949.6500244140625,2020-05-28,2004.300048828125,0.55,1,10,2.8030684343199868,0.1,2.700265365885666,580667.4591989039,596347.0214906202,6.359421163373032,1,HIGH_VOLATILITY
223,5,2020-05-28,2020-05-28,2004.300048828125,2020-06-11,2067.64990234375,0.59,1,10,3.1606970998511135,0.1,3.0575364027512624,596347.0214906202,614580.5487594188,9.611399183198682,1,HIGH_VOLATILITY
224,5,2020-06-16,2020-06-16,2045.800048828125,2020-06-30,2082.14990234375,0.55,1,10,1.7768038248140094,0.1,1.6750270209891953,614580.5487594188,624874.9390168827,11.447419737601585,1,HIGH_VOLATILITY
225,5,2020-06-30,2020-06-30,2082.14990234375,2020-07-14,2171.949951171875,0.575,1,10,4.312852245990672,0.1,4.208539393744681,624874.9390168827,651173.0469870463,16.137728300570537,1,HIGH_VOLATILITY
226,5,2020-07-22,2020-07-22,2190.949951171875,2020-08-05,2259.5,0.55,1,10,3.1287820514320552,0.1,3.025653269380623,651173.0469870463,670875.2855725352,19.651653273881134,1,HIGH_VOLATILITY
227,5,2020-08-05,2020-08-05,2259.5,2020-08-19,2256.60009765625,0.625,0,10,-0.12834265739101572,0.1,-0.2282143147336247,670875.2855725352,669344.2521368486,19.378591073294693,0,BULLISH
228,5,2020-08-19,2020-08-19,2256.60009765625,2020-09-02,2265.14990234375,0.675,1,10,0.3788799218957758,0.1,0.2785010419738801,669344.2521368486,671208.382853442,19.711061693327547,1,BULLISH
229,5,2020-09-02,2020-09-02,2265.14990234375,2020-09-16,2503.0,0.675,1,10,10.500413125424792,0.1,10.389912712299369,671208.382853442,740946.3479495507,32.14893651023112,1,BULLISH
230,5,2020-10-23,2020-10-23,2686.800048828125,2020-11-06,2707.449951171875,0.56,1,10,0.7685686306562584,0.1,0.667800062025602,740946.3479495507,745894.3881207342,33.03142719021261,1,BULLISH
231,5,2020-11-12,2020-11-12,2671.050048828125,2020-11-26,2720.60009765625,0.55,1,10,1.855077513424512,0.1,1.753222435911088,745894.3881207342,758971.5758814687,35.363764018524144,1,BULLISH
232,5,2020-12-04,2020-12-04,2727.550048828125,2020-12-18,2861.0,0.575,1,10,4.892667367523135,0.1,4.787774700155612,758971.5758814687,795309.424972894,41.84467606538139,1,BULLISH
233,5,2021-02-10,2021-02-10,3213.300048828125,2021-02-24,2948.10009765625,0.55,0,10,-8.253196002302746,0.1,-8.344942806300443,795309.424972894,728941.308325789,30.00781897394318,0,BEARISH_SIDEWAYS
234,5,2021-02-24,2021-02-24,2948.10009765625,2021-03-10,3070.949951171875,0.62,1,10,4.167085561758607,0.1,4.062918476196849,728941.308325789,758557.5994223886,35.28993067153607,1,HIGH_VOLATILITY
235,5,2021-04-30,2021-04-30,3035.64990234375,2021-05-17,3069.75,0.62,1,10,1.1233211586725518,0.1,1.0221978375138794,758557.5994223886,766311.5587999815,36.67286141723455,1,BEARISH_SIDEWAYS
236,5,2021-05-17,2021-05-17,3069.75,2021-05-31,3159.14990234375,0.58,1,10,2.9122860931264762,0.1,2.80937380703335,766311.5587999815,787840.1150131772,40.51251298721333,1,BULLISH
237,5,2021-05-31,2021-05-31,3159.14990234375,2021-06-14,3276.35009765625,0.65,1,10,3.7098649616325594,0.1,3.6061550966709275,787840.1150131772,816250.851474343,45.579612135762126,1,BULLISH
238,5,2021-06-15,2021-06-15,3262.75,2021-06-29,3340.85009765625,0.57,1,10,2.3936893006283047,0.1,2.291295611327676,816250.851474343,834953.5714115994,48.9152713996167,1,BULLISH
239,5,2021-06-30,2021-06-30,3345.75,2021-07-14,3214.550048828125,0.585,0,10,-3.9213913523686763,0.1,-4.0174699610163085,834953.5714115994,801409.5624917055,42.932645103771186,0,BULLISH
240,5,2021-07-14,2021-07-14,3214.550048828125,2021-07-29,3195.800048828125,0.64,0,10,-0.5832853654537242,0.1,-0.6827020800882705,801409.5624917055,795938.3227385484,41.95684096252256,0,BEARISH_SIDEWAYS
241,5,2021-07-29,2021-07-29,3195.800048828125,2021-08-12,3351.75,0.64,1,10,4.879840690567003,0.1,4.774960849876436,795938.3227385484,833944.0660384772,48.73522454220437,1,BULLISH
242,5,2021-09-21,2021-09-21,3862.949951171875,2021-10-05,3833.300048828125,0.59,0,10,-0.7675455990506769,0.1,-0.8667780534516263,833944.0660384772,826715.6218959936,47.44602025812055,0,BULLISH
243,5,2021-10-05,2021-10-05,3833.300048828125,2021-10-20,3608.85009765625,0.61,0,10,-5.855266958308975,0.1,-5.949411691350665,826715.6218959936,777530.906032691,38.67384949045265,0,HIGH_VOLATILITY
244,5,2021-10-21,2021-10-21,3532.5,2021-11-04,3508.64990234375,0.57,0,10,-0.6751620001769285,0.1,-0.7744868381767515,777530.906032691,771509.0315027114,37.599838778156055,0,HIGH_VOLATILITY
245,5,2021-11-17,2021-11-17,3521.89990234375,2021-12-02,3642.89990234375,0.59,1,10,3.435645627505684,0.1,3.332209981878178,771509.0315027114,797217.3324615364,42.18495434097006,1,BULLISH
246,5,2021-12-02,2021-12-02,3642.89990234375,2021-12-16,3581.60009765625,0.575,0,10,-1.6827199849235839,0.1,-1.78103726493866,797217.3324615364,783018.5946878465,39.652587319021364,0,BULLISH
247,5,2021-12-23,2021-12-23,3662.699951171875,2022-01-06,3807.449951171875,0.555,1,10,3.952002673702154,0.1,3.8480506710284517,783018.5946878465,813149.5469750097,45.02648964245956,1,BULLISH
248,5,2022-01-28,2022-01-28,3690.050048828125,2022-02-11,3694.949951171875,0.595,1,10,0.13278688036510766,0.1,0.03265409348474257,813149.5469750097,813415.0735882497,45.073846727965055,1,BEARISH_SIDEWAYS
249,5,2022-02-11,2022-02-11,3694.949951171875,2022-02-25,3520.75,0.56,0,10,-4.714541562778853,0.1,-4.809827021216074,813415.0735882497,774291.2155841575,38.0960456473258,0,HIGH_VOLATILITY
250,5,2022-02-25,2022-02-25,3520.75,2022-03-14,3643.0,0.55,1,10,3.4722715330540366,0.1,3.3687992615209827,774291.2155841575,800375.5323367785,42.7482242132826,1,HIGH_VOLATILITY
251,5,2022-03-16,2022-03-16,3655.89990234375,2022-03-31,3739.949951171875,0.585,1,10,2.299024893275705,0.1,2.1967258683824293,800375.5323367785,817957.5886998241,45.884011381232334,1,BULLISH
252,5,2022-04-13,2022-04-13,3661.949951171875,2022-04-29,3546.699951171875,0.62,0,10,-3.1472303427609214,0.1,-3.24408311241816,817957.5886998241,791422.3646980703,41.151412804295596,0,BEARISH_SIDEWAYS
253,5,2022-04-29,2022-04-29,3546.699951171875,2022-05-16,3376.800048828125,0.6,0,10,-4.790365824084242,0.1,-4.885575458260158,791422.3646980703,752756.8278771992,34.25535402134144,0,BEARISH_SIDEWAYS
254,5,2022-05-16,2022-05-16,3376.800048828125,2022-05-30,3375.25,0.695,0,10,-0.0459028904794918,0.1,-0.1458569875890123,752756.8278771992,751658.8794441869,34.059533206288954,0,HIGH_VOLATILITY
255,5,2022-06-16,2022-06-16,3142.0,2022-06-30,3267.10009765625,0.705,1,10,3.981543528206556,0.1,3.87756198467835,751658.8794441869,780804.918407974,39.25777470273326,1,HIGH_VOLATILITY
256,5,2022-07-05,2022-07-05,3216.300048828125,2022-07-19,3074.25,0.6,0,10,-4.416567069974757,0.1,-4.512150502904782,780804.918407974,745573.8253553233,32.974254321149864,0,HIGH_VOLATILITY
257,5,2022-07-19,2022-07-19,3074.25,2022-08-02,3291.800048828125,0.645,1,10,7.076524317414816,0.1,6.969447793097401,745573.8253553233,797536.2038724617,42.241825554322965,1,HIGH_VOLATILITY
258,5,2022-08-23,2022-08-23,3284.60009765625,2022-09-07,3149.60009765625,0.55,0,10,-4.110089386416636,0.1,-4.20597929703022,797536.2038724617,763991.9962512652,36.25916381979029,0,BEARISH_SIDEWAYS
259,5,2022-09-07,2022-09-07,3149.60009765625,2022-09-21,3001.199951171875,0.75,0,10,-4.711713928216024,0.1,-4.807002214287808,763991.9962512652,727266.8840744853,29.70918279780293,0,HIGH_VOLATILITY
260,5,2022-09-21,2022-09-21,3001.199951171875,2022-10-06,3101.949951171875,0.655,1,10,3.356990591735158,0.1,3.253633601143422,727266.8840744853,750929.4837847215,33.92944435308078,1,HIGH_VOLATILITY
261,5,2022-10-07,2022-10-07,3064.89990234375,2022-10-21,3137.39990234375,0.59,1,10,2.3654932399116446,0.1,2.2631277466717328,750929.4837847215,767923.9772901923,36.960438769198625,1,BEARISH_SIDEWAYS
262,5,2022-11-01,2022-11-01,3259.699951171875,2022-11-16,3355.35009765625,0.56,1,10,2.934323646873952,0.1,2.8313893232270777,767923.9772901923,789666.8947936875,40.83832200955467,1,BULLISH
263,5,2022-12-01,2022-12-01,3475.64990234375,2022-12-15,3305.10009765625,0.615,0,10,-4.906990332153201,0.1,-5.002083341821049,789666.8947936875,750167.0985933369,33.793471765414445,0,BULLISH
264,5,2022-12-15,2022-12-15,3305.10009765625,2022-12-28,3257.10009765625,0.665,0,9,-1.4523009464687107,0.1,-1.5508486455222419,750167.0985933369,738533.1423056487,31.71853752074334,0,BEARISH_SIDEWAYS
