asset,config_id,model,total_folds,mean_roc_auc,mean_pr_auc,mean_mcc,mean_f1,mean_ppr,mean_return_spread_pct,net_spread_10bps_pct
hdfcbank_ns,C0,logistic_regression,5,0.49729894228565286,0.5700323615318835,0.0016954102973899294,0.5486195619107463,0.6761719209296069,0.6389410487458105,0.5389410487458107
hdfcbank_ns,C0,random_forest,5,0.5029166898879672,0.5774897101501619,0.014891637044889581,0.5268255193235173,0.48189214719536383,0.2925943961825555,0.1925943961825555
hdfcbank_ns,C0,xgboost,5,0.4896779461465527,0.5656195587150721,-0.022462264878189808,0.4906270024129228,0.4517229185260371,0.060174600884905366,-0.03982539911509464
hdfcbank_ns,C5,logistic_regression,5,0.48358285308698007,0.5594537523153675,-0.008309413136407328,0.5785867543153222,0.6694469703436179,0.3259705568933586,0.2259705568933586
hdfcbank_ns,C5,random_forest,5,0.5162991995856995,0.5971611134848438,0.012421402928417053,0.5324733431141909,0.4938800847726993,0.6449093470900403,0.5449093470900404
hdfcbank_ns,C5,xgboost,5,0.49777958968343555,0.5807205160420612,-0.003615961063677785,0.5454787634653405,0.5333377861023914,0.25805590669160355,0.15805590669160352
hdfcbank_ns,C57,logistic_regression,5,0.4789388874534376,0.5578927738584504,-0.003937746085138619,0.5901467788487919,0.6728537873433866,-0.011090118428212512,-0.11109011842821248
hdfcbank_ns,C57,random_forest,5,0.5272551814180246,0.6009064742711681,0.040991963613668976,0.5481823153501663,0.5022567392749996,0.7049387037511028,0.6049387037511028
hdfcbank_ns,C57,xgboost,5,0.5007076278600762,0.5784011185869058,0.019267446204537297,0.5582241254526834,0.5320542758359069,0.47163794028301215,0.37163794028301234
hdfcbank_ns,C7,logistic_regression,5,0.49596727007515773,0.5676158355865313,0.001152616439761303,0.5471376108434589,0.664467175485435,0.7183818858344378,0.6183818858344378
hdfcbank_ns,C7,random_forest,5,0.5121538730524569,0.5784113252927747,0.025629038004247963,0.5326914774748601,0.48614776162375933,0.30532043309655305,0.2053204330965531
hdfcbank_ns,C7,xgboost,5,0.504479478126408,0.5796133542921789,0.020634511077341353,0.5388926622499058,0.4957170462529891,0.48995051701354875,0.38995051701354877
hdfcbank_ns,C8,logistic_regression,5,0.5029624104766865,0.5825085663885423,0.00681693119370057,0.5689969032411453,0.6401045426171426,0.3706326747322812,0.27063267473228125
hdfcbank_ns,C8,random_forest,5,0.5230356332600004,0.5997656417725734,0.022491151011219273,0.5901881212620096,0.5958136767274699,0.39202310224807035,0.29202310224807043
hdfcbank_ns,C8,xgboost,5,0.4854143880988966,0.568574665740664,-0.03144720845266531,0.5584744264241713,0.5808966870737695,-0.025503730915156404,-0.12550373091515646
icicibank_ns,C0,logistic_regression,5,0.5290531376716339,0.5612239350611693,0.01235572242289038,0.44342983993529306,0.45084415005129574,-0.3034945960249901,-0.4034945960249902
icicibank_ns,C0,random_forest,5,0.5287822868312521,0.5690204375566803,0.06753667477916944,0.46510924053712854,0.3764284758463803,0.9271290862104906,0.8271290862104905
icicibank_ns,C0,xgboost,5,0.5345214318765817,0.5747348075654896,0.050777198463894876,0.46801740338814535,0.38919276060484415,0.7681807253236601,0.6681807253236601
icicibank_ns,C5,logistic_regression,5,0.5510991118081646,0.5892967364390825,0.046822228970963095,0.4092108666167983,0.37379510682902894,1.1753897559184923,1.0753897559184922
icicibank_ns,C5,random_forest,5,0.5304546980187002,0.5772893423964388,0.039477554611003524,0.4978948356629454,0.430772447477586,0.5636407304050373,0.4636407304050372
icicibank_ns,C5,xgboost,5,0.5426825714617586,0.5862916595351496,0.04900821423607803,0.5163372629611227,0.45956945002007227,0.5533588099749306,0.4533588099749305
icicibank_ns,C57,logistic_regression,5,0.5441412726291986,0.5790664376630589,0.04347586213849303,0.4056404389952507,0.36103807038672553,1.0828460232084354,0.9828460232084353
icicibank_ns,C57,random_forest,5,0.5223988734611286,0.5714804552958269,0.016303272753730943,0.4776996558343975,0.42063428342031317,-0.15267819035524194,-0.252678190355242
icicibank_ns,C57,xgboost,5,0.5294842239123524,0.5719252879685082,0.038933613788275256,0.5065029153018442,0.45723270440251573,0.31519230598130415,0.21519230598130412
icicibank_ns,C7,logistic_regression,5,0.5281513270404316,0.5583771831726522,0.012794922074061313,0.4442811099180025,0.44209822025960116,-0.07896458914829016,-0.17896458914829022
icicibank_ns,C7,random_forest,5,0.5289165398333255,0.56995146809553,0.049655713306591395,0.44744171655719855,0.35827088630179765,0.964627501809505,0.8646275018095049
icicibank_ns,C7,xgboost,5,0.5304665977098038,0.5667291264900113,0.042882747045298306,0.4651895947467164,0.3863670324278514,0.9106042551563377,0.8106042551563377
icicibank_ns,C8,logistic_regression,5,0.5408027869298369,0.5854301575891377,0.02574299852512475,0.40764685747594126,0.3638833132610732,1.2785634276398816,1.1785634276398818
icicibank_ns,C8,random_forest,5,0.5106039745068283,0.556902887731866,0.0039379072422000075,0.48494004758144554,0.4452780008028904,0.05422875332293048,-0.04577124667706959
icicibank_ns,C8,xgboost,5,0.5320512556004662,0.5665998060289013,0.015612529478573367,0.5049555227441578,0.47169365270529456,0.08096762020585897,-0.019032379794141074
infy_ns,C0,logistic_regression,5,0.5112294159162963,0.5967758676446119,0.015334859769385978,0.5625299733523083,0.6640277120462119,0.7036220375568818,0.6036220375568819
infy_ns,C0,random_forest,5,0.5043517580114091,0.5975826271641415,0.015026720776806678,0.5364135465872886,0.5611522629042718,0.14983027285046588,0.049830272850465866
infy_ns,C0,xgboost,5,0.5117887675155519,0.6093827628943506,0.02334701401315913,0.5137931294181142,0.5243867899587371,0.42368907252082727,0.3236890725208272
infy_ns,C5,logistic_regression,5,0.5256119517138531,0.6032578006639875,-0.0009499752655483279,0.4740559754433904,0.548295629369718,2.6687725794032566,2.5687725794032565
infy_ns,C5,random_forest,5,0.5249978382948222,0.6023577957810364,0.025332928408707843,0.49894427038871136,0.5097372783361593,0.3161097738895729,0.21610977388957286
infy_ns,C5,xgboost,5,0.5331184500007454,0.6075328259589119,0.017517385914183625,0.5107744473385256,0.5224296418012063,0.060009908200591246,-0.03999009179940878
infy_ns,C57,logistic_regression,5,0.5240216590234537,0.6018101228887192,-0.002966904348089902,0.47227383076848517,0.5453082777341669,2.5606903956458917,2.460690395645892
infy_ns,C57,random_forest,5,0.5229140623354268,0.6029616790291314,0.032970583379779164,0.4966001961933736,0.5075800332593005,0.6367144541245717,0.5367144541245717
infy_ns,C57,xgboost,5,0.5264205071608591,0.608858403676643,0.00613795753335249,0.5044558554447623,0.5207387543475943,0.05960319635960179,-0.040396803640398264
infy_ns,C7,logistic_regression,5,0.5140576315016883,0.6002967707403585,0.03601607557776836,0.5819077689646159,0.667345299322885,0.8370197592145615,0.7370197592145614
infy_ns,C7,random_forest,5,0.5158472470965754,0.6064748640640822,0.030324012863700307,0.5374208272785979,0.5602140115420406,0.40013255045854385,0.3001325504585439
infy_ns,C7,xgboost,5,0.5166191768207324,0.609012500842951,0.025073026548964827,0.5189270466938363,0.5313432348285547,0.2679594357766166,0.16795943577661657
infy_ns,C8,logistic_regression,5,0.514199274858866,0.5986268259844801,-0.006604199167720473,0.4695149229849937,0.5331559334952665,1.7258526911892316,1.6258526911892315
infy_ns,C8,random_forest,5,0.539604950018397,0.612251387139803,0.050256520349166625,0.5400530834900101,0.5239197859806967,0.48151971934103593,0.38151971934103585
infy_ns,C8,xgboost,5,0.5334386613372575,0.6134909622881286,0.0255254195367411,0.5350055112900571,0.5143565731985698,0.1796584060866376,0.0796584060866376
reliance_ns,C0,logistic_regression,5,0.5099903542257007,0.564281079341402,0.015885884848212805,0.5099530920592523,0.6282206641082041,-0.4812082964326241,-0.581208296432624
reliance_ns,C0,random_forest,5,0.5338744176573695,0.5973246437925644,0.05473351327368377,0.5287266834383334,0.4861314286570216,0.3369147224278402,0.23691472242784026
reliance_ns,C0,xgboost,5,0.5441584848262987,0.6058141878998086,0.05856154956265021,0.5008302415647254,0.44757096696145215,0.5205589166170409,0.4205589166170409
reliance_ns,C5,logistic_regression,5,0.5071535701833078,0.5565811759726235,0.013626246891528155,0.4688776548775532,0.44885266638938043,-0.13204166814538043,-0.23204166814538044
reliance_ns,C5,random_forest,5,0.5383258782478602,0.590775484402166,0.05616420163089161,0.5375625846710184,0.49500807422731696,1.231930670114177,1.131930670114177
reliance_ns,C5,xgboost,5,0.5475456473519349,0.6019745840261128,0.062430984240026,0.4980338089595481,0.45540944315165116,1.2258528508082334,1.1258528508082333
reliance_ns,C57,logistic_regression,5,0.5056331017997651,0.5567905386967688,0.0066993348142488,0.46549923850061975,0.45541276329073455,-0.1852618588559888,-0.2852618588559888
reliance_ns,C57,random_forest,5,0.5497225791629732,0.6012822066052913,0.06137021585907522,0.5482182151317987,0.5082090961638489,1.2097512873734242,1.1097512873734243
reliance_ns,C57,xgboost,5,0.5471930257588676,0.6002925396480091,0.05263152879739715,0.5205920390688294,0.49455766028751363,1.095195655526587,0.995195655526587
reliance_ns,C7,logistic_regression,5,0.508889421569892,0.567279951284412,0.04077963218206822,0.5109708398317148,0.6032932042477416,0.33275217621226333,0.23275217621226327
reliance_ns,C7,random_forest,5,0.5396274084118368,0.5924324792726348,0.0541271254561266,0.5272002247868899,0.487052202506713,0.5548633091158482,0.4548633091158483
reliance_ns,C7,xgboost,5,0.5510252585371946,0.6030669419955548,0.07040932995360191,0.49729360820757273,0.44605172577585855,0.8831915714000907,0.7831915714000909
reliance_ns,C8,logistic_regression,5,0.5082222496728084,0.5633767762961019,0.04337967928013901,0.49529976328545977,0.5230984147085018,-0.16367106825008648,-0.26367106825008646
reliance_ns,C8,random_forest,5,0.5380099208100605,0.5908522925121676,0.038869309320924694,0.5474038431711892,0.5188123761458331,0.3063696403202501,0.20636964032025004
reliance_ns,C8,xgboost,5,0.5205096692643145,0.5839540509019268,0.022292002090640608,0.5088313819506305,0.48308977351361504,0.3478223972430184,0.24782239724301844
tcs_ns,C0,logistic_regression,5,0.4894360978815834,0.5535468537414682,-0.00011393103964813036,0.5965033486267358,0.6710098472537714,0.26661890663106425,0.16661890663106424
tcs_ns,C0,random_forest,5,0.5607068769053957,0.615645633669859,0.07956809639588695,0.5453845931695052,0.5076749827631294,1.1477626486291448,1.0477626486291447
tcs_ns,C0,xgboost,5,0.567392372885525,0.6224668223628674,0.09444689819449839,0.5260044984378537,0.4628198742990091,0.9827824917844233,0.8827824917844233
tcs_ns,C5,logistic_regression,5,0.5432828798394667,0.6130076544805861,0.03914939899615485,0.46750018165629575,0.410285449065964,0.9323923780522275,0.8323923780522274
tcs_ns,C5,random_forest,5,0.5746381591127943,0.6357828410353823,0.10233379199305222,0.5442373859047527,0.49102568149820736,1.0914862781277606,0.9914862781277605
tcs_ns,C5,xgboost,5,0.5594587875171897,0.6216000119959022,0.08950418125128977,0.5417657693607508,0.4803672749084248,0.7744449491093213,0.6744449491093213
tcs_ns,C57,logistic_regression,5,0.5439291351575941,0.6124484783080577,0.0364740066833311,0.469292918841005,0.4171605764036747,0.8872141525184295,0.7872141525184294
tcs_ns,C57,random_forest,5,0.5725425904710729,0.6307376748348255,0.11075521023309642,0.5599673400320904,0.5083473398972789,1.1604618194016456,1.0604618194016455
tcs_ns,C57,xgboost,5,0.565898581605592,0.6266608341039668,0.09008988271147686,0.5259014945100292,0.4561651342607692,0.8279451751454735,0.7279451751454736
tcs_ns,C7,logistic_regression,5,0.48904470413708284,0.5511406611273598,0.00580603255689798,0.6006361117521546,0.671007884231581,0.3062995796544084,0.2062995796544084
tcs_ns,C7,random_forest,5,0.569067411300708,0.6237772864445853,0.0897202453665528,0.5634008931370239,0.5302270690530981,1.3190917123414179,1.2190917123414178
tcs_ns,C7,xgboost,5,0.5750814760170982,0.6315594307672721,0.09259297566439674,0.5307771954018835,0.4720843815638137,1.0513252103832018,0.9513252103832021
tcs_ns,C8,logistic_regression,5,0.5604459287254917,0.6323815539910733,0.0757097852846211,0.5280508038792433,0.49930437637903147,1.1879733785596782,1.0879733785596781
tcs_ns,C8,random_forest,5,0.5601746562375258,0.6373893812023569,0.09957684436663228,0.5925038379687105,0.5700937942685708,1.2679303182146444,1.1679303182146445
tcs_ns,C8,xgboost,5,0.54868492658283,0.62369433439627,0.0618059059462839,0.554989077788398,0.5169136402306201,0.6181883598159478,0.5181883598159478
