asset,config_id,fold,feature,train_mean,val_mean,mean_shift,train_std,val_std
reliance_ns,C5,1,POSITION_IN_20D_RANGE,0.4902852470012791,0.5947126360541007,0.10442738905282162,0.29032353643032416,0.28532326020041215
reliance_ns,C5,2,POSITION_IN_20D_RANGE,0.5512560933208962,0.5180039211015245,-0.03325217221937171,0.291900688599138,0.29906865905941116
reliance_ns,C5,3,POSITION_IN_20D_RANGE,0.5389067927384344,0.48618181888283846,-0.05272497385559599,0.2949620444771639,0.3021131141315221
reliance_ns,C5,4,POSITION_IN_20D_RANGE,0.5246172736755771,0.567653350949831,0.04303607727425396,0.29779712325959623,0.3015840835419992
reliance_ns,C5,5,POSITION_IN_20D_RANGE,0.5338092556428115,0.538646491598862,0.004837235956050567,0.2990962041587564,0.2972279523744417
reliance_ns,C7,1,MOMENTUM_ACCELERATION,-0.0005506200873403967,0.00013463051584886818,0.0006852506031892649,0.0794226123708773,0.19387704824640617
reliance_ns,C7,2,MOMENTUM_ACCELERATION,-0.0001998505690688334,-0.00016515571465513824,3.469485441369517e-05,0.1493589027263961,0.09289581418384592
reliance_ns,C7,3,MOMENTUM_ACCELERATION,-0.00018801186601507012,-0.0004574468799206237,-0.00026943501390555357,0.13279995570573402,0.05219830694386121
reliance_ns,C7,4,MOMENTUM_ACCELERATION,-0.0002566139406739762,-0.0001809636064178521,7.56503342561241e-05,0.11763278379565568,0.053823094305673364
reliance_ns,C7,5,MOMENTUM_ACCELERATION,-0.00024123519625339734,0.0005428043558718501,0.0007840395521252475,0.10776034533379414,0.06568955327498413
reliance_ns,C57,1,POSITION_IN_20D_RANGE,0.4902852470012791,0.5947126360541007,0.10442738905282162,0.29032353643032416,0.28532326020041215
reliance_ns,C57,1,MOMENTUM_ACCELERATION,0.0002758484630360759,0.00013463051584886818,-0.0001412179471872077,0.076659965577076,0.19387704824640617
reliance_ns,C57,2,POSITION_IN_20D_RANGE,0.5512560933208962,0.5180039211015245,-0.03325217221937171,0.291900688599138,0.29906865905941116
reliance_ns,C57,2,MOMENTUM_ACCELERATION,0.00019339712691037857,-0.00016515571465513824,-0.0003585528415655168,0.15614030078968108,0.09289581418384592
reliance_ns,C57,3,POSITION_IN_20D_RANGE,0.5389067927384344,0.48618181888283846,-0.05272497385559599,0.2949620444771639,0.3021131141315221
reliance_ns,C57,3,MOMENTUM_ACCELERATION,6.0236598750691975e-05,-0.0004574468799206237,-0.0005176834786713157,0.136105606207946,0.05219830694386121
reliance_ns,C57,4,POSITION_IN_20D_RANGE,0.5246172736755771,0.567653350949831,0.04303607727425396,0.29779712325959623,0.3015840835419992
reliance_ns,C57,4,MOMENTUM_ACCELERATION,-8.006594473202824e-05,-0.0001809636064178521,-0.00010089766168582386,0.11933410742023966,0.053823094305673364
reliance_ns,C57,5,POSITION_IN_20D_RANGE,0.5338092556428115,0.538646491598862,0.004837235956050567,0.2990962041587564,0.2972279523744417
reliance_ns,C57,5,MOMENTUM_ACCELERATION,-0.00010161645643043167,0.0005428043558718501,0.0006444208123022818,0.10870393231408737,0.06568955327498413
reliance_ns,C8,1,POSITION_IN_20D_RANGE,0.4902852470012791,0.5947126360541007,0.10442738905282162,0.29032353643032416,0.28532326020041215
reliance_ns,C8,1,MOMENTUM_ACCELERATION,0.0002758484630360759,0.00013463051584886818,-0.0001412179471872077,0.076659965577076,0.19387704824640617
reliance_ns,C8,2,POSITION_IN_20D_RANGE,0.5512560933208962,0.5180039211015245,-0.03325217221937171,0.291900688599138,0.29906865905941116
reliance_ns,C8,2,MOMENTUM_ACCELERATION,0.00019339712691037857,-0.00016515571465513824,-0.0003585528415655168,0.15614030078968108,0.09289581418384592
reliance_ns,C8,3,POSITION_IN_20D_RANGE,0.5389067927384344,0.48618181888283846,-0.05272497385559599,0.2949620444771639,0.3021131141315221
reliance_ns,C8,3,MOMENTUM_ACCELERATION,6.0236598750691975e-05,-0.0004574468799206237,-0.0005176834786713157,0.136105606207946,0.05219830694386121
reliance_ns,C8,4,POSITION_IN_20D_RANGE,0.5246172736755771,0.567653350949831,0.04303607727425396,0.29779712325959623,0.3015840835419992
reliance_ns,C8,4,MOMENTUM_ACCELERATION,-8.006594473202824e-05,-0.0001809636064178521,-0.00010089766168582386,0.11933410742023966,0.053823094305673364
reliance_ns,C8,5,POSITION_IN_20D_RANGE,0.5338092556428115,0.538646491598862,0.004837235956050567,0.2990962041587564,0.2972279523744417
reliance_ns,C8,5,MOMENTUM_ACCELERATION,-0.00010161645643043167,0.0005428043558718501,0.0006444208123022818,0.10870393231408737,0.06568955327498413
tcs_ns,C5,1,POSITION_IN_20D_RANGE,0.5703494435301136,0.5019160725741534,-0.06843337095596025,0.27975193480845456,0.27271639303527107
tcs_ns,C5,2,POSITION_IN_20D_RANGE,0.5233328732645272,0.6138284070988631,0.09049553383433595,0.27665067695163,0.26703447640787087
tcs_ns,C5,3,POSITION_IN_20D_RANGE,0.5601609252164417,0.5343669559329607,-0.02579396928348099,0.27631476555988543,0.2929282870603131
tcs_ns,C5,4,POSITION_IN_20D_RANGE,0.5527000794120132,0.5664780615731563,0.01377798216114312,0.2814135458252066,0.29536308096998637
tcs_ns,C5,5,POSITION_IN_20D_RANGE,0.5557969148165418,0.5570043852924502,0.001207470475908412,0.28462665985093666,0.29307266396337517
tcs_ns,C7,1,MOMENTUM_ACCELERATION,-0.004824241042553722,-0.00022844754852808691,0.0045957934940256346,0.2784654028580547,0.07601457302257272
tcs_ns,C7,2,MOMENTUM_ACCELERATION,-0.0019817950297410956,-0.0003174773067988867,0.001664317722942209,0.18200397183770528,0.0662541635312384
tcs_ns,C7,3,MOMENTUM_ACCELERATION,-0.0013462596452887873,-7.607911057792727e-05,0.00127018053471086,0.14881559672627012,0.04949449605476999
tcs_ns,C7,4,MOMENTUM_ACCELERATION,-0.0009952612828908413,0.00027606849596455553,0.0012713297788553967,0.129232226231116,0.045761056290843934
tcs_ns,C7,5,MOMENTUM_ACCELERATION,-0.0007194960982714747,-0.00015786577960923403,0.0005616303186622407,0.1163249617743807,0.049784096987083866
tcs_ns,C57,1,POSITION_IN_20D_RANGE,0.5703494435301136,0.5019160725741534,-0.06843337095596025,0.27975193480845456,0.27271639303527107
tcs_ns,C57,1,MOMENTUM_ACCELERATION,-0.004931639749447408,-0.00022844754852808691,0.00470319220091932,0.32020773836669114,0.07601457302257272
tcs_ns,C57,2,POSITION_IN_20D_RANGE,0.5233328732645272,0.6138284070988631,0.09049553383433595,0.27665067695163,0.26703447640787087
tcs_ns,C57,2,MOMENTUM_ACCELERATION,-0.001700351220209439,-0.0003174773067988867,0.0013828739134105522,0.1897479018703362,0.0662541635312384
tcs_ns,C57,3,POSITION_IN_20D_RANGE,0.5601609252164417,0.5343669559329607,-0.02579396928348099,0.27631476555988543,0.2929282870603131
tcs_ns,C57,3,MOMENTUM_ACCELERATION,-0.001137577012818581,-7.607911057792727e-05,0.0010614979022406537,0.15208710931166983,0.04949449605476999
tcs_ns,C57,4,POSITION_IN_20D_RANGE,0.5527000794120132,0.5664780615731563,0.01377798216114312,0.2814135458252066,0.29536308096998637
tcs_ns,C57,4,MOMENTUM_ACCELERATION,-0.0008305412059870357,0.00027606849596455553,0.0011066097019515912,0.13094256134824853,0.045761056290843934
tcs_ns,C57,5,POSITION_IN_20D_RANGE,0.5557969148165418,0.5570043852924502,0.001207470475908412,0.28462665985093666,0.29307266396337517
tcs_ns,C57,5,MOMENTUM_ACCELERATION,-0.0005818118881582355,-0.00015786577960923403,0.0004239461085490015,0.11730960393196249,0.049784096987083866
tcs_ns,C8,1,POSITION_IN_20D_RANGE,0.5703494435301136,0.5019160725741534,-0.06843337095596025,0.27975193480845456,0.27271639303527107
tcs_ns,C8,1,MOMENTUM_ACCELERATION,-0.004931639749447408,-0.00022844754852808691,0.00470319220091932,0.32020773836669114,0.07601457302257272
tcs_ns,C8,2,POSITION_IN_20D_RANGE,0.5233328732645272,0.6138284070988631,0.09049553383433595,0.27665067695163,0.26703447640787087
tcs_ns,C8,2,MOMENTUM_ACCELERATION,-0.001700351220209439,-0.0003174773067988867,0.0013828739134105522,0.1897479018703362,0.0662541635312384
tcs_ns,C8,3,POSITION_IN_20D_RANGE,0.5601609252164417,0.5343669559329607,-0.02579396928348099,0.27631476555988543,0.2929282870603131
tcs_ns,C8,3,MOMENTUM_ACCELERATION,-0.001137577012818581,-7.607911057792727e-05,0.0010614979022406537,0.15208710931166983,0.04949449605476999
tcs_ns,C8,4,POSITION_IN_20D_RANGE,0.5527000794120132,0.5664780615731563,0.01377798216114312,0.2814135458252066,0.29536308096998637
tcs_ns,C8,4,MOMENTUM_ACCELERATION,-0.0008305412059870357,0.00027606849596455553,0.0011066097019515912,0.13094256134824853,0.045761056290843934
tcs_ns,C8,5,POSITION_IN_20D_RANGE,0.5557969148165418,0.5570043852924502,0.001207470475908412,0.28462665985093666,0.29307266396337517
tcs_ns,C8,5,MOMENTUM_ACCELERATION,-0.0005818118881582355,-0.00015786577960923403,0.0004239461085490015,0.11730960393196249,0.049784096987083866
hdfcbank_ns,C5,1,POSITION_IN_20D_RANGE,0.49126022835126887,0.6108180343133525,0.1195578059620836,0.24744423945062732,0.2534934400209254
hdfcbank_ns,C5,2,POSITION_IN_20D_RANGE,0.5608704442989471,0.5609995410326277,0.00012909673368066699,0.2577452616785518,0.29303173459397147
hdfcbank_ns,C5,3,POSITION_IN_20D_RANGE,0.5609183696711573,0.5923682087321888,0.03144983906103149,0.27132345176400735,0.2875077208545756
hdfcbank_ns,C5,4,POSITION_IN_20D_RANGE,0.5694394410285367,0.5866461487000617,0.01720670767152499,0.2761143688921695,0.28308526443061816
hdfcbank_ns,C5,5,POSITION_IN_20D_RANGE,0.5731137493454912,0.5525779477735281,-0.020535801571963108,0.2776747391643949,0.28670467402685895
hdfcbank_ns,C7,1,MOMENTUM_ACCELERATION,-0.0015806752669350222,-5.186198973135035e-05,0.0015288132772036719,0.06865223393947487,0.06668587047455349
hdfcbank_ns,C7,2,MOMENTUM_ACCELERATION,-0.0008002203121636451,-5.47490686715977e-05,0.0007454712434920474,0.06764114667073526,0.08804764666241961
hdfcbank_ns,C7,3,MOMENTUM_ACCELERATION,-0.000545940532348556,-0.0002828815539114112,0.0002630589784371448,0.07521113948380151,0.04791553736979256
hdfcbank_ns,C7,4,MOMENTUM_ACCELERATION,-0.0004789800651100104,-0.00011918613521952872,0.0003597939298904817,0.06928486543552116,0.03218448723039133
hdfcbank_ns,C7,5,MOMENTUM_ACCELERATION,-0.0004058543798998366,0.00030812906215426706,0.0007139834420541037,0.06352089763866796,0.056718499363345866
hdfcbank_ns,C57,1,POSITION_IN_20D_RANGE,0.49126022835126887,0.6108180343133525,0.1195578059620836,0.24744423945062732,0.2534934400209254
hdfcbank_ns,C57,1,MOMENTUM_ACCELERATION,-0.00042270979442002565,-5.186198973135035e-05,0.0003708478046886753,0.05269739000475965,0.06668587047455349
hdfcbank_ns,C57,2,POSITION_IN_20D_RANGE,0.5608704442989471,0.5609995410326277,0.00012909673368066699,0.2577452616785518,0.29303173459397147
hdfcbank_ns,C57,2,MOMENTUM_ACCELERATION,-0.00020679084575440744,-5.47490686715977e-05,0.00015204177708280975,0.06121419030553897,0.08804764666241961
hdfcbank_ns,C57,3,POSITION_IN_20D_RANGE,0.5609183696711573,0.5923682087321888,0.03144983906103149,0.27132345176400735,0.2875077208545756
hdfcbank_ns,C57,3,MOMENTUM_ACCELERATION,-0.00015034744435718376,-0.0002828815539114112,-0.00013253410955422747,0.07232964935347597,0.04791553736979256
hdfcbank_ns,C57,4,POSITION_IN_20D_RANGE,0.5694394410285367,0.5866461487000617,0.01720670767152499,0.2761143688921695,0.28308526443061816
hdfcbank_ns,C57,4,MOMENTUM_ACCELERATION,-0.00018625645497586204,-0.00011918613521952872,6.707031975633332e-05,0.06659797763019312,0.03218448723039133
hdfcbank_ns,C57,5,POSITION_IN_20D_RANGE,0.5731137493454912,0.5525779477735281,-0.020535801571963108,0.2776747391643949,0.28670467402685895
hdfcbank_ns,C57,5,MOMENTUM_ACCELERATION,-0.00017193430582298765,0.00030812906215426706,0.0004800633679772547,0.060901354861904136,0.056718499363345866
hdfcbank_ns,C8,1,POSITION_IN_20D_RANGE,0.49126022835126887,0.6108180343133525,0.1195578059620836,0.24744423945062732,0.2534934400209254
hdfcbank_ns,C8,1,MOMENTUM_ACCELERATION,-0.00042270979442002565,-5.186198973135035e-05,0.0003708478046886753,0.05269739000475965,0.06668587047455349
hdfcbank_ns,C8,2,POSITION_IN_20D_RANGE,0.5608704442989471,0.5609995410326277,0.00012909673368066699,0.2577452616785518,0.29303173459397147
hdfcbank_ns,C8,2,MOMENTUM_ACCELERATION,-0.00020679084575440744,-5.47490686715977e-05,0.00015204177708280975,0.06121419030553897,0.08804764666241961
hdfcbank_ns,C8,3,POSITION_IN_20D_RANGE,0.5609183696711573,0.5923682087321888,0.03144983906103149,0.27132345176400735,0.2875077208545756
hdfcbank_ns,C8,3,MOMENTUM_ACCELERATION,-0.00015034744435718376,-0.0002828815539114112,-0.00013253410955422747,0.07232964935347597,0.04791553736979256
hdfcbank_ns,C8,4,POSITION_IN_20D_RANGE,0.5694394410285367,0.5866461487000617,0.01720670767152499,0.2761143688921695,0.28308526443061816
hdfcbank_ns,C8,4,MOMENTUM_ACCELERATION,-0.00018625645497586204,-0.00011918613521952872,6.707031975633332e-05,0.06659797763019312,0.03218448723039133
hdfcbank_ns,C8,5,POSITION_IN_20D_RANGE,0.5731137493454912,0.5525779477735281,-0.020535801571963108,0.2776747391643949,0.28670467402685895
hdfcbank_ns,C8,5,MOMENTUM_ACCELERATION,-0.00017193430582298765,0.00030812906215426706,0.0004800633679772547,0.060901354861904136,0.056718499363345866
infy_ns,C5,1,POSITION_IN_20D_RANGE,0.493823967248985,0.6148890136324681,0.12106504638348309,0.2995207103607792,0.2727503660219713
infy_ns,C5,2,POSITION_IN_20D_RANGE,0.564311744727459,0.5418231498804285,-0.022488594847030585,0.2903579546265749,0.29674939159687375
infy_ns,C5,3,POSITION_IN_20D_RANGE,0.5559631657370995,0.5417870133133581,-0.014176152423741373,0.29288997149246054,0.3071640814984228
infy_ns,C5,4,POSITION_IN_20D_RANGE,0.5521222555772296,0.5315457765276426,-0.020576479049587038,0.2968473225507087,0.27910043778598015
infy_ns,C5,5,POSITION_IN_20D_RANGE,0.547728368637972,0.5792028979468119,0.03147452930883987,0.29323815079138676,0.2936624382069129
infy_ns,C7,1,MOMENTUM_ACCELERATION,-0.0009213514566328772,-1.596147412421602e-05,0.0009053899825086612,0.13700703703513492,0.0603565404523994
infy_ns,C7,2,MOMENTUM_ACCELERATION,-0.00045915237163950535,-0.00013022407135849482,0.00032892830028101054,0.10508111050906688,0.06753858669590439
infy_ns,C7,3,MOMENTUM_ACCELERATION,-0.0003469551319732125,-0.00026030693289263746,8.664819908057504e-05,0.09396316548080144,0.05760336153572999
infy_ns,C7,4,MOMENTUM_ACCELERATION,-0.0003248992267527027,-2.5457803004443176e-05,0.0002994414237482595,0.08616852351028134,0.04665965718493984
infy_ns,C7,5,MOMENTUM_ACCELERATION,-0.0002640397806287319,9.590327837430422e-05,0.0003599430590030361,0.07973536929447814,0.06071711062728945
infy_ns,C57,1,POSITION_IN_20D_RANGE,0.493823967248985,0.6148890136324681,0.12106504638348309,0.2995207103607792,0.2727503660219713
infy_ns,C57,1,MOMENTUM_ACCELERATION,3.721168442000672e-05,-1.596147412421602e-05,-5.317315854422274e-05,0.11509236227303611,0.0603565404523994
infy_ns,C57,2,POSITION_IN_20D_RANGE,0.564311744727459,0.5418231498804285,-0.022488594847030585,0.2903579546265749,0.29674939159687375
infy_ns,C57,2,MOMENTUM_ACCELERATION,6.252643150402412e-06,-0.00013022407135849482,-0.00013647671450889724,0.08745897100320074,0.06753858669590439
infy_ns,C57,3,POSITION_IN_20D_RANGE,0.5559631657370995,0.5417870133133581,-0.014176152423741373,0.29288997149246054,0.3071640814984228
infy_ns,C57,3,MOMENTUM_ACCELERATION,-4.441244460507943e-05,-0.00026030693289263746,-0.00021589448828755801,0.08062618034307692,0.05760336153572999
infy_ns,C57,4,POSITION_IN_20D_RANGE,0.5521222555772296,0.5315457765276426,-0.020576479049587038,0.2968473225507087,0.27910043778598015
infy_ns,C57,4,MOMENTUM_ACCELERATION,-0.0001029072539677975,-2.5457803004443176e-05,7.744945096335433e-05,0.07508081288382844,0.04665965718493984
infy_ns,C57,5,POSITION_IN_20D_RANGE,0.547728368637972,0.5792028979468119,0.03147452930883987,0.29323815079138676,0.2936624382069129
infy_ns,C57,5,MOMENTUM_ACCELERATION,-8.636875239906678e-05,9.590327837430422e-05,0.000182272030773371,0.06998299711446616,0.06071711062728945
infy_ns,C8,1,POSITION_IN_20D_RANGE,0.493823967248985,0.6148890136324681,0.12106504638348309,0.2995207103607792,0.2727503660219713
infy_ns,C8,1,MOMENTUM_ACCELERATION,3.721168442000672e-05,-1.596147412421602e-05,-5.317315854422274e-05,0.11509236227303611,0.0603565404523994
infy_ns,C8,2,POSITION_IN_20D_RANGE,0.564311744727459,0.5418231498804285,-0.022488594847030585,0.2903579546265749,0.29674939159687375
infy_ns,C8,2,MOMENTUM_ACCELERATION,6.252643150402412e-06,-0.00013022407135849482,-0.00013647671450889724,0.08745897100320074,0.06753858669590439
infy_ns,C8,3,POSITION_IN_20D_RANGE,0.5559631657370995,0.5417870133133581,-0.014176152423741373,0.29288997149246054,0.3071640814984228
infy_ns,C8,3,MOMENTUM_ACCELERATION,-4.441244460507943e-05,-0.00026030693289263746,-0.00021589448828755801,0.08062618034307692,0.05760336153572999
infy_ns,C8,4,POSITION_IN_20D_RANGE,0.5521222555772296,0.5315457765276426,-0.020576479049587038,0.2968473225507087,0.27910043778598015
infy_ns,C8,4,MOMENTUM_ACCELERATION,-0.0001029072539677975,-2.5457803004443176e-05,7.744945096335433e-05,0.07508081288382844,0.04665965718493984
infy_ns,C8,5,POSITION_IN_20D_RANGE,0.547728368637972,0.5792028979468119,0.03147452930883987,0.29323815079138676,0.2936624382069129
infy_ns,C8,5,MOMENTUM_ACCELERATION,-8.636875239906678e-05,9.590327837430422e-05,0.000182272030773371,0.06998299711446616,0.06071711062728945
icicibank_ns,C5,1,POSITION_IN_20D_RANGE,0.6246727261541907,0.5244456359798362,-0.1002270901743545,0.24853044375145014,0.28077367758892235
icicibank_ns,C5,2,POSITION_IN_20D_RANGE,0.5654189747303585,0.5601323211853515,-0.005286653545007014,0.272467329148003,0.28845479895263965
icicibank_ns,C5,3,POSITION_IN_20D_RANGE,0.5634547635318183,0.5107640529659127,-0.052690710565905685,0.27846321548951497,0.30660649794357764
icicibank_ns,C5,4,POSITION_IN_20D_RANGE,0.5491811992862993,0.5516074221119487,0.0024262228256494156,0.2872665596402409,0.29533878927014745
icicibank_ns,C5,5,POSITION_IN_20D_RANGE,0.5496993148632698,0.5889325978828384,0.03923328301956852,0.2889734385740276,0.29242643290186465
icicibank_ns,C7,1,MOMENTUM_ACCELERATION,-0.0014795517823731968,0.0008291444618970746,0.0023086962442702714,0.0788684036227938,0.12278652906202307
icicibank_ns,C7,2,MOMENTUM_ACCELERATION,-0.00029582025349280246,-0.0007785102903996626,-0.00048269003690686014,0.1037113223152569,0.08786919815178579
icicibank_ns,C7,3,MOMENTUM_ACCELERATION,-0.00045942432850209884,-0.00027262511782710986,0.00018679921067498898,0.09860973296132518,0.06776429501668411
icicibank_ns,C7,4,MOMENTUM_ACCELERATION,-0.0004121376342378735,0.00016235311846709376,0.0005744907527049672,0.09177706316028288,0.06412421307534219
icicibank_ns,C7,5,MOMENTUM_ACCELERATION,-0.0002958683840484194,-3.0341213399104478e-05,0.00026552717064931493,0.08688717251218574,0.06865056424818973
icicibank_ns,C57,1,POSITION_IN_20D_RANGE,0.6246727261541907,0.5244456359798362,-0.1002270901743545,0.24853044375145014,0.28077367758892235
icicibank_ns,C57,1,MOMENTUM_ACCELERATION,-0.0015825504316929711,0.0008291444618970746,0.0024116948935900455,0.08440565910097145,0.12278652906202307
icicibank_ns,C57,2,POSITION_IN_20D_RANGE,0.5654189747303585,0.5601323211853515,-0.005286653545007014,0.272467329148003,0.28845479895263965
icicibank_ns,C57,2,MOMENTUM_ACCELERATION,-0.00015676854491646582,-0.0007785102903996626,-0.0006217417454831967,0.10871879741503782,0.08786919815178579
icicibank_ns,C57,3,POSITION_IN_20D_RANGE,0.5634547635318183,0.5107640529659127,-0.052690710565905685,0.27846321548951497,0.30660649794357764
icicibank_ns,C57,3,MOMENTUM_ACCELERATION,-0.00038777140687464934,-0.00027262511782710986,0.00011514628904753948,0.10145412036690263,0.06776429501668411
icicibank_ns,C57,4,POSITION_IN_20D_RANGE,0.5491811992862993,0.5516074221119487,0.0024262228256494156,0.2872665596402409,0.29533878927014745
icicibank_ns,C57,4,MOMENTUM_ACCELERATION,-0.00035657904038914856,0.00016235311846709376,0.0005189321588562423,0.09352341466839088,0.06412421307534219
icicibank_ns,C57,5,POSITION_IN_20D_RANGE,0.5496993148632698,0.5889325978828384,0.03923328301956852,0.2889734385740276,0.29242643290186465
icicibank_ns,C57,5,MOMENTUM_ACCELERATION,-0.0002457619991627338,-3.0341213399104478e-05,0.00021542078576362934,0.08806619242966691,0.06865056424818973
icicibank_ns,C8,1,POSITION_IN_20D_RANGE,0.6246727261541907,0.5244456359798362,-0.1002270901743545,0.24853044375145014,0.28077367758892235
icicibank_ns,C8,1,MOMENTUM_ACCELERATION,-0.0015825504316929711,0.0008291444618970746,0.0024116948935900455,0.08440565910097145,0.12278652906202307
icicibank_ns,C8,2,POSITION_IN_20D_RANGE,0.5654189747303585,0.5601323211853515,-0.005286653545007014,0.272467329148003,0.28845479895263965
icicibank_ns,C8,2,MOMENTUM_ACCELERATION,-0.00015676854491646582,-0.0007785102903996626,-0.0006217417454831967,0.10871879741503782,0.08786919815178579
icicibank_ns,C8,3,POSITION_IN_20D_RANGE,0.5634547635318183,0.5107640529659127,-0.052690710565905685,0.27846321548951497,0.30660649794357764
icicibank_ns,C8,3,MOMENTUM_ACCELERATION,-0.00038777140687464934,-0.00027262511782710986,0.00011514628904753948,0.10145412036690263,0.06776429501668411
icicibank_ns,C8,4,POSITION_IN_20D_RANGE,0.5491811992862993,0.5516074221119487,0.0024262228256494156,0.2872665596402409,0.29533878927014745
icicibank_ns,C8,4,MOMENTUM_ACCELERATION,-0.00035657904038914856,0.00016235311846709376,0.0005189321588562423,0.09352341466839088,0.06412421307534219
icicibank_ns,C8,5,POSITION_IN_20D_RANGE,0.5496993148632698,0.5889325978828384,0.03923328301956852,0.2889734385740276,0.29242643290186465
icicibank_ns,C8,5,MOMENTUM_ACCELERATION,-0.0002457619991627338,-3.0341213399104478e-05,0.00021542078576362934,0.08806619242966691,0.06865056424818973
