asset,model,config_id,total_folds,mean_strat_cum_return_pct,mean_buy_hold_return_pct,mean_win_rate_pct,mean_profit_factor,mean_max_drawdown_pct,mean_sharpe,mean_filtered_cum_return_pct,mean_filtered_precision_pct
hdfcbank_ns,logistic_regression,C0,5,25993.98768216978,4973429.076761005,56.294238268307716,1.8157836600573023,71.6606106993044,2.183930540036749,6850.024986822913,56.98182218043997
hdfcbank_ns,logistic_regression,C5,5,33197.83110146592,4973429.076761005,55.451232270812554,1.601279675227575,81.49911021197586,2.1568896974930096,12625.37903623825,56.225555490425336
hdfcbank_ns,logistic_regression,C57,5,25369.170178904136,4973429.076761005,55.663311204355246,1.6140299069746198,82.47457465268234,2.1977157776494134,7712.470543023952,55.48107801120501
hdfcbank_ns,logistic_regression,C7,5,27896.876256576787,4973429.076761005,57.145604106782386,2.1373565867612183,71.61749085023409,2.3080633338220387,20349.95314551351,57.92337537506951
hdfcbank_ns,logistic_regression,C8,5,26216.24962964056,4973429.076761005,55.88729748894672,1.602240064513714,84.27910302059891,2.209448507840222,18253.12254059921,58.272049188152884
hdfcbank_ns,random_forest,C0,5,36273.54421287883,4973429.076761005,57.97898228105352,1.6903626351336516,82.05954220236625,2.153621776122602,3529.365178892813,57.436414007854886
hdfcbank_ns,random_forest,C5,5,12779.318180857344,4973429.076761005,57.48485733182238,1.8520655697210535,74.77402329724686,2.398701892841571,4448.24041464664,59.63651128161782
hdfcbank_ns,random_forest,C57,5,20326.332498195858,4973429.076761005,59.02764930316749,1.9158721537868986,76.10759596149073,2.4861738036064605,7811.453935471303,62.012976037906874
hdfcbank_ns,random_forest,C7,5,23529.833502430425,4973429.076761005,58.59151351297983,1.7422360224456939,79.54011750601457,2.234438775917739,7465.6366892347505,58.74181562159624
hdfcbank_ns,random_forest,C8,5,17169.799861784475,4973429.076761005,57.3195681812405,1.7256435498350782,82.25049984067135,2.4100072817131144,4990.058108875718,59.43515988513642
hdfcbank_ns,xgboost,C0,5,9943.933505129218,4973429.076761005,55.593331700223025,1.6326031725575185,77.59130558003211,1.9151955332013852,4253.9074472298435,55.90638295999831
hdfcbank_ns,xgboost,C5,5,24478.584977277933,4973429.076761005,56.45461634014419,1.6448118563897247,80.2088831375348,2.1393823545347965,22793.80993186031,57.919923884331595
hdfcbank_ns,xgboost,C57,5,63858.69120906161,4973429.076761005,57.540945158133994,1.7123426264474115,81.33866973433535,2.309298999050573,24917.736179504504,58.68420394003746
hdfcbank_ns,xgboost,C7,5,17472.352623684466,4973429.076761005,57.97956155735227,1.7861487978142967,78.33902363311502,2.403821404890365,6995.5037483455835,59.05532862651339
hdfcbank_ns,xgboost,C8,5,4989.600276435543,4973429.076761005,55.21296581448218,1.5312741773597085,84.80768009504246,1.9307793521116392,3207.6778844352716,56.16132536755444
icicibank_ns,logistic_regression,C0,5,1516.8923544348213,289366.219793429,53.73818943719473,1.792850923846364,74.4310818243106,1.113080572408294,545.9333073027198,44.832385513319366
icicibank_ns,logistic_regression,C5,5,8951.322517304707,289366.219793429,58.88771240270938,4.083444064840522,60.28282272144503,1.746882468258012,4538.632397078373,49.2049769899707
icicibank_ns,logistic_regression,C57,5,29876.99308746202,289366.219793429,56.06649975283516,3.5241074488155264,62.08874309991541,1.6734073165172478,7782.490189081066,47.01663681873588
icicibank_ns,logistic_regression,C7,5,799.8358775295866,289366.219793429,52.8937442903354,1.612640668454724,75.12798043729198,1.1437261113626156,755.5833826133776,64.74129354261675
icicibank_ns,logistic_regression,C8,5,288391.6973030992,289366.219793429,52.306258161003825,2.604478791485289,70.94291357637493,1.4363430329065237,162922.78219283337,61.43230152161758
icicibank_ns,random_forest,C0,5,6754.833077174676,289366.219793429,58.471850702400765,1.6987607527786412,86.38171307351392,1.7348454180431503,2170.756716015324,58.79300668287042
icicibank_ns,random_forest,C5,5,5951.786959085782,289366.219793429,55.46241125985372,1.4803062851986921,94.74452793482571,1.3947946436108105,1009.2157074690537,57.636423476893405
icicibank_ns,random_forest,C57,5,748.2100529720552,289366.219793429,53.877994943257576,1.3080262829399225,95.75406414652412,0.8578794968503267,630.5895165005177,56.59454057703294
icicibank_ns,random_forest,C7,5,3307.50201323174,289366.219793429,57.310264439697946,1.7545193340586003,85.81188135911727,1.7068393826336759,2161.8925873153994,60.175214485172404
icicibank_ns,random_forest,C8,5,1236.8957531597928,289366.219793429,53.39868986982354,1.3763429066427784,91.04826074321586,1.0891554944480006,465.0408177354535,52.16388857336287
icicibank_ns,xgboost,C0,5,6088.828920477439,289366.219793429,56.76068863814579,1.6242997447085898,90.85888466692319,1.6767960007516216,1719.79755581015,57.97822631758568
icicibank_ns,xgboost,C5,5,13052.644774074812,289366.219793429,55.561073415102854,1.449606370777469,95.54816773793536,1.3873112844054776,21654.546379051953,57.78437432885074
icicibank_ns,xgboost,C57,5,1876.4248418601408,289366.219793429,54.88344276298768,1.4001898579874845,95.83057026415234,1.1654741909838762,2709.0105539045435,56.13512426004201
icicibank_ns,xgboost,C7,5,4119.388413652595,289366.219793429,56.02759841197141,1.6322170196355241,89.40125246730268,1.6839776618518687,1709.5823819207326,56.74858315843618
icicibank_ns,xgboost,C8,5,4987.784845980854,289366.219793429,53.67438068259398,1.3649344128996639,96.75511982688899,1.1439326118613053,6722.405634749279,55.78169334002222
infy_ns,logistic_regression,C0,5,4345.808685712091,34265008.537178285,61.03276396909052,2.3898911106116154,81.1853082679485,1.675261523540558,1185.2460531133695,65.26308215818585
infy_ns,logistic_regression,C5,5,538.2192311312521,34265008.537178285,63.8146921015748,20.78438456731092,77.06422765750139,1.0025579055439429,294.0345741134563,64.2859490416854
infy_ns,logistic_regression,C57,5,487.8289571409305,34265008.537178285,63.77502331096561,20.772760886513744,77.0231540191204,0.9540633773811027,307.0338149990163,64.12998566946635
infy_ns,logistic_regression,C7,5,6736.669196635532,34265008.537178285,61.596034363027364,3.0822906117180255,79.55235111376349,1.9859041023580306,915.3005173024214,63.97334163511784
infy_ns,logistic_regression,C8,5,467.019557676276,34265008.537178285,63.85537783206934,20.786470415754085,75.44361501919414,0.9227432876592339,212.92190961837224,63.756170263968734
infy_ns,random_forest,C0,5,3174.593043925645,34265008.537178285,58.1676133699488,1.546767130927983,85.10644683364502,1.3685919666959379,1006.2062615789383,60.700109686989464
infy_ns,random_forest,C5,5,1802.1574756846644,34265008.537178285,57.705553492128644,1.6931084837805486,79.02320063971011,1.2990682203693922,410.7905633013852,62.689904964573905
infy_ns,random_forest,C57,5,1127.0708575162512,34265008.537178285,61.91223837388898,5.08628400213475,76.01663536773813,1.3433576374663803,289.99088677784306,66.28762985827608
infy_ns,random_forest,C7,5,2775.1075826811084,34265008.537178285,60.718415734220144,1.9363613609795816,79.7112281707443,1.5389664702419696,3220.5360511504446,63.28398869089003
infy_ns,random_forest,C8,5,5587.854739412892,34265008.537178285,62.35468544502114,2.6574108244051646,79.36668751691744,1.7623489657633242,687.2486827698106,63.08118969064833
infy_ns,xgboost,C0,5,3951.8381087403936,34265008.537178285,59.94202352763399,1.9437578649256018,79.27481033724129,1.536308830813534,3499.419429214654,61.81253700885272
infy_ns,xgboost,C5,5,3954.9363907757725,34265008.537178285,58.64095877695424,1.8309175576979364,81.10940902546082,1.2835969833441474,6799.577143777919,60.09460312130723
infy_ns,xgboost,C57,5,828.2412195886433,34265008.537178285,59.509600411731526,2.166639530353482,82.65016693349733,1.143894961803938,1668.9133794929096,60.72891908081498
infy_ns,xgboost,C7,5,5705.701944967912,34265008.537178285,60.37892952749895,1.9271361066919475,77.12124803541826,1.4440628441480117,2767.6372424874376,63.34249480310594
infy_ns,xgboost,C8,5,21758.02405980261,34265008.537178285,59.985591716065144,2.0428142915661796,83.19827206299011,1.608393859081573,7014.330580787035,61.624255870158585
reliance_ns,logistic_regression,C0,5,124505.18577615311,4633762559.572087,53.15119784712377,1.2650903511866722,92.97727144753898,0.9964785499542043,251.34063147935075,56.46982496194825
reliance_ns,logistic_regression,C5,5,6130.461930973765,4633762559.572087,54.49720554586034,1.460783813561686,80.78664467508064,1.1701706547935138,705.3624300398833,56.70457614398926
reliance_ns,logistic_regression,C57,5,4339.089891337552,4633762559.572087,53.49067570604373,1.4026924195274553,80.9505916567761,1.092640901100911,620.5230764313951,55.357555782725996
reliance_ns,logistic_regression,C7,5,39950.223061291435,4633762559.572087,56.07594946703867,1.741558381536032,77.89716630570132,1.3712183297729512,619.9806004472401,58.29903160878852
reliance_ns,logistic_regression,C8,5,9283.634580501066,4633762559.572087,58.05878510929292,1.6841313143737673,76.69648717974938,1.1801296469103524,422.92233297612427,57.90334955215914
reliance_ns,random_forest,C0,5,23762.484486003723,4633762559.572087,57.91641923173133,1.6956608217538487,79.04966777610345,1.753709159710229,2866.4306370062754,60.23128270197983
reliance_ns,random_forest,C5,5,1625417.6914439038,4633762559.572087,57.77150636550963,2.0386103934091877,79.11713105250399,1.7578420229355953,184784.21944488102,58.68821486187085
reliance_ns,random_forest,C57,5,6323125.549692348,4633762559.572087,57.914775920551676,2.014849492817216,81.3649859780294,1.772634818474089,919555.9967922649,60.4244515818668
reliance_ns,random_forest,C7,5,33311.57296152481,4633762559.572087,57.88573247203883,1.7511912596307728,83.09634072071695,1.9071993051509657,4911.360510567327,59.58806314199566
reliance_ns,random_forest,C8,5,1861655.4458694714,4633762559.572087,57.4527392205536,1.9492039457268728,84.3366336440939,1.3206849588924736,101187.93369620143,59.80014858567907
reliance_ns,xgboost,C0,5,9088.665443239735,4633762559.572087,58.04900446248086,1.7830012111434548,83.50569983630662,1.6556208246242634,1963.5868471925626,59.08844013567083
reliance_ns,xgboost,C5,5,658676.0736137402,4633762559.572087,58.435256666857285,2.1610262602899075,78.39564967377831,1.5841557672918578,109666.44861044413,59.0953871335205
reliance_ns,xgboost,C57,5,5916375.206507948,4633762559.572087,57.53569833313039,2.046322757089272,83.28070866412354,1.471884818372866,2416695.4187168907,60.40155510967094
reliance_ns,xgboost,C7,5,14958.268599932606,4633762559.572087,58.77200732440186,1.9877004998369756,77.91663886858957,1.9872876429093673,5633.8775464900455,59.89086429497993
reliance_ns,xgboost,C8,5,972894.2392307958,4633762559.572087,56.52106326165233,1.8768843306218055,83.20574340371172,1.160429326649655,173125.4174570795,57.76416939974788
tcs_ns,logistic_regression,C0,5,315963.3567446718,22715330.93382535,55.3003892998297,1.5739684345188871,86.25514725703975,1.9099832539796338,16925.30512707016,54.249934785329444
tcs_ns,logistic_regression,C5,5,4488.352476530945,22715330.93382535,59.814205718361,2.520044498585995,75.38479093554737,1.7839376413277364,1187.3280757974942,61.33523541350302
tcs_ns,logistic_regression,C57,5,3159.586690757775,22715330.93382535,59.447527561315674,2.4845301885436255,76.48202000126498,1.7868577174455396,1297.0638200546987,61.709028398257715
tcs_ns,logistic_regression,C7,5,231325.5084857973,22715330.93382535,55.63445433049565,1.59034449724694,87.33524402770534,1.9677654708893004,8487.37078343118,54.91245079710423
tcs_ns,logistic_regression,C8,5,9011.766538279395,22715330.93382535,62.368222694656424,4.268429748350281,70.90794552458266,2.1026344373583847,2715.2332479355237,64.81787734493018
tcs_ns,random_forest,C0,5,32341.144425446542,22715330.93382535,60.33708631553172,2.3671102457335307,67.24287782096596,2.3990302851966954,2105.437090321566,61.81742862382953
tcs_ns,random_forest,C5,5,14052.223703702273,22715330.93382535,62.29809497160124,2.465360666047917,66.06056030801336,2.5515665685784246,2717.894615636795,66.1614849986586
tcs_ns,random_forest,C57,5,20990.653733041137,22715330.93382535,61.952601147273725,2.45424196687897,69.11856058035734,2.677250559202416,3290.4173974804507,65.0914185623927
tcs_ns,random_forest,C7,5,44216.49433886568,22715330.93382535,60.63452631360398,2.3194936398284365,67.22738211993831,2.5566243201155263,3680.667158833483,63.89310728068486
tcs_ns,random_forest,C8,5,532949.8049457246,22715330.93382535,61.32119898017767,2.6190987907834162,77.53869090101043,2.7001663034875003,18021.91290732593,64.13847049434676
tcs_ns,xgboost,C0,5,21585.685645516718,22715330.93382535,62.26819429183566,2.7151057103851053,66.28574956846329,2.427966702310635,4589.241579081256,64.0986059574311
tcs_ns,xgboost,C5,5,7679.4668386212325,22715330.93382535,60.850453718513656,2.0671300559025267,73.33330135908271,2.3852800192909713,6877.679297012423,62.842293342810564
tcs_ns,xgboost,C57,5,7716.0881473602585,22715330.93382535,61.221896797858555,2.186026371336305,72.77995620664709,2.444692280121915,5949.619166238019,63.90072933377742
tcs_ns,xgboost,C7,5,14530.939172785156,22715330.93382535,61.891829019138555,2.6593271727608077,63.645630317014714,2.626133735478798,4586.482341785329,63.36003243130772
tcs_ns,xgboost,C8,5,22407.26483720054,22715330.93382535,59.47802315759115,2.0662641131385335,78.45520547052774,2.251297427033088,13309.13815186215,61.323991892840326
