sim_seed,mean_cum_return_pct,mean_sharpe
0,62.269693321718705,0.6903703079024368
1,62.00261345298028,0.733134121151026
2,78.7964622660497,0.6496591731366769
3,62.88504425784528,0.7972102321691807
4,55.084618798144255,0.6252900735208773
5,30.743671590544853,0.42630329649350285
6,41.327199687391456,0.45197489781463335
7,24.966614646843702,0.3456111374800956
8,22.501554123176824,0.3436123822429601
9,69.6491666502945,0.8616456461311811
10,38.59220724846819,0.35292031962400994
11,43.390504527118004,0.37183212401418936
12,50.49005613696738,0.5923902563503796
13,64.13118601861122,0.8425779214379236
14,63.921484583832964,0.7965561318002393
15,31.251031249526896,0.4497444987255137
16,48.73612797225522,0.6514385590433559
17,18.87888019958682,0.3345082863377999
18,30.01318661281539,0.4429875800632814
19,34.07586827553949,0.47824902454385326
20,70.45307820407291,0.614126388780914
21,76.25548653171073,0.7472262617303423
22,41.11219014258945,0.5168912203253628
23,29.204144197135612,0.41418498159008676
24,71.40343693520957,0.795718418823596
25,8.094120362098968,0.24222166434630368
26,78.40433278105118,0.786777017959471
27,26.359873747529218,0.44374341218196456
28,21.7301722860808,0.39361276754434177
29,29.016092475302724,0.43719836916017824
30,34.258718784738555,0.49919541485277075
31,20.285629447688727,0.3195237611974525
32,13.454811303835111,0.22170412524211608
33,65.45379486423056,0.6433332360257079
34,30.132556162502897,0.37915416427000287
35,37.096265957871424,0.5671008923944368
36,34.65434282025,0.5341986345345082
37,42.15937837403321,0.601907555253592
38,23.315412248283263,0.2704797072327105
39,68.95244227548713,0.5794603461328312
40,49.46103042373768,0.45477743797009085
41,35.8939431833729,0.5615139690810313
42,62.90621114840807,0.710828691942823
43,33.14901422895482,0.5013036977755099
44,40.6118033735635,0.6164897104050538
45,37.30543375087832,0.5231329964757669
46,31.030937719843717,0.4717838325819998
47,71.24870244616542,0.8016888044186331
48,29.51993506451264,0.44915103207657464
49,57.36693252260587,0.6016045262060163
50,80.2884032349506,0.9140034224605108
51,84.4612572498693,0.6812468340659203
52,15.636611965723494,0.32210533177822753
53,-2.8961049627003197,0.029302088765534813
54,34.5117605928137,0.5341440529360595
55,39.017215410959,0.5334651944552924
56,33.00255343410112,0.425219607076746
57,31.03076486756101,0.4496741620582343
58,61.76948585097277,0.75731622055767
59,24.451427865932498,0.30384579275407175
60,40.411736796054846,0.5607217884903033
61,18.047494132583033,0.29495688068311
62,56.78261537154481,0.4958715354832776
63,32.05302084317297,0.4577391353884207
64,11.239718289409529,0.18225037818385012
65,49.552425860513566,0.6741121357889176
66,36.17342874934975,0.5511546802868386
67,45.2747328744626,0.5491162486335088
68,35.620090820294465,0.4901477529893029
69,52.038538613989374,0.4867201838841771
70,64.83272531963047,0.544641534411167
71,39.91714844257897,0.5551594585120614
72,30.62351921923123,0.48596410662262385
73,25.774028550340553,0.36213734648569607
74,39.388711672961456,0.5326298126994743
75,30.77518709931864,0.4120744868389399
76,32.759488100631344,0.49923353230516965
77,28.45871946035577,0.4830906843698097
78,35.36962564615626,0.4616892671299323
79,50.433050639824025,0.6438911251529875
80,41.49046572455025,0.5551908897306922
81,86.35971883896687,0.8891149081801586
82,59.89484183242968,0.721600897907018
83,62.09910977565208,0.5158953085573567
84,41.560354270419786,0.5158992870521623
85,23.57474483929397,0.3193360796783762
86,46.23020883775246,0.4707936583337271
87,21.327015966530418,0.32079135854892427
88,56.095525827243776,0.6045957070127754
89,59.36026206036887,0.5358531206234378
90,52.85735403667341,0.6096707449362571
91,36.79902357454229,0.5247084605327794
92,37.036408714756234,0.4683874812259571
93,58.67529107085257,0.6370211607400371
94,36.313555769116206,0.5311923900064375
95,61.921378869728855,0.6672808133702886
96,52.52699870920893,0.6382590587130827
97,23.060458674265792,0.3859769439596515
98,65.61756127429376,0.7486636188992171
99,18.935171464426713,0.3426173375659754
100,28.52801836256456,0.43818540635879544
101,51.217974718922065,0.7031567423274911
102,43.56339874136613,0.5369199327657934
103,52.013466822984654,0.6487459062380637
104,56.98410841055073,0.6349038245865406
105,16.111837576592002,0.27810206395320114
106,28.108121790249562,0.45520432416324896
107,55.825771691658055,0.5956674970676182
108,57.96992331397691,0.597023599145411
109,37.73775827047498,0.5079073234522062
110,33.74834715144123,0.4699091964442313
111,42.65082193941588,0.47886666082747353
112,50.772564190206445,0.536400215715026
113,62.28730936810244,0.6949255560387522
114,42.70841297971609,0.5567123176706433
115,30.009173542065998,0.4462661617537135
116,18.40061263162109,0.2796688998411664
117,61.76679108286089,0.7711988247630123
118,53.817329801237896,0.5727004243622978
119,38.00349224346035,0.5735125925617677
120,38.50134034371085,0.5527827889003919
121,58.95061837907174,0.5996479722018961
122,10.444069196295823,0.20717933729064283
123,34.351444559220155,0.41740645182455893
124,59.57604111858393,0.7000125509897741
125,46.27858394824487,0.5503470923534075
126,46.40257065618655,0.5376498677464816
127,73.04227471178616,0.6800789411171173
128,86.3116551035651,0.777447898071778
129,21.98064385759445,0.3857476114773972
130,20.03302895316993,0.37939158879469154
131,68.31587644463734,0.6148373963376161
132,34.71691430914814,0.5204099885534126
133,58.73902701900026,0.6934423516400214
134,53.12110809741375,0.6577118126346905
135,46.5811289330924,0.5897285644239102
136,52.47294977275906,0.6113936324237933
137,40.636897528838375,0.4981316519212092
138,62.678902403287466,0.7425923433576035
139,28.60520705635671,0.46798588937750446
140,58.95359586387324,0.5486637360000033
141,41.25386165549495,0.6483693207419723
142,62.49555675378146,0.758454046612487
143,40.60095593378445,0.5436919521026954
144,35.05428302634995,0.48626464860088137
145,24.52350398731338,0.2880432225711035
146,41.01479411511506,0.4474851019805196
147,31.072994877725904,0.38706933293768536
148,66.16637378076925,0.7096682481414177
149,52.24951533600887,0.5206256791654048
150,25.520529788015075,0.37870216538833457
151,63.20725898437055,0.6018036546038679
152,48.14348612454712,0.5175648639273704
153,23.633693027987,0.43047691348759365
154,33.510627092899895,0.4990587778298754
155,19.172705411384246,0.3051048522307298
156,43.736559966192445,0.5104287716007607
157,33.95571814934974,0.4123367343942458
158,36.24096043427373,0.42513181693422847
159,55.70569715114026,0.7251603089965657
160,27.648607558711984,0.455047717180027
161,14.764709499983988,0.27037975710017886
162,32.35488307946976,0.4506538544777691
163,65.12749255077635,0.6199062270758579
164,55.2561664148313,0.6618537657318667
165,45.21544422690044,0.576412136650838
166,48.53162572099967,0.6143247885175588
167,41.446525832638805,0.5827987772505538
168,25.66314145276367,0.4483987220437939
169,38.92914433279475,0.43151456880541234
170,62.73037168984573,0.7508280875341276
171,63.66078413541419,0.7680296383549157
172,19.28492205874483,0.30092383150545615
173,40.77543480047611,0.5695379602452739
174,71.50966734362159,0.8328786212213043
175,35.773252390453884,0.4583887691719443
176,54.80438704427307,0.6737662302084976
177,59.11129945839447,0.6334221860657574
178,31.29786232640767,0.41679306349717776
179,29.803170989720797,0.41602715127001577
180,16.994233777196904,0.3528406302872372
181,5.1419724354437175,0.13274794469148715
182,52.50999248528211,0.5469929324109049
183,63.940555296390336,0.7251082974498873
184,34.57838034032973,0.4990249050971429
185,19.14684642866147,0.22905314761653184
186,59.206933903901735,0.7701476056793078
187,18.61983320901428,0.34414085334134337
188,25.211895985120236,0.32345383066769584
189,73.33059409498205,0.8453837418912332
190,59.65822894654802,0.6831745520607446
191,24.734667932618287,0.3775240426082508
192,20.317915420823887,0.31356683439038263
193,36.006122303724794,0.4669679322959152
194,13.93818383801756,0.21089916523680913
195,70.049016876641,0.7537794166785188
196,54.99242711845839,0.7070582455354745
197,68.91907753332596,0.8188598364509619
198,19.778411676982554,0.31199210359774054
199,86.42074966947541,0.7607703705815692
200,54.5515933882494,0.5813898446851252
201,39.57986874713036,0.6180323244831272
202,22.82367758884184,0.35918420016894465
203,34.23116610877173,0.46006501132870925
204,92.09603685291185,0.8131658385846168
205,35.412372036821964,0.5246370607177696
206,14.522052277343699,0.2862587236101802
207,81.02659775175678,0.8866456937289039
208,5.093659154069279,0.18835671408525306
209,62.05634686844106,0.7130170505486972
210,80.49346840079353,0.8708486438895022
211,41.74633412901959,0.5332924351808517
212,47.01977627886053,0.4416846157784648
213,25.490899760733114,0.4068002106789869
214,59.9445584946444,0.630026830249522
215,40.693598296051206,0.4580200669878751
216,41.30527072866582,0.5409388910488465
217,35.247850327399554,0.41053211614431157
218,68.26902121300972,0.6823435571693607
219,76.11251850615325,0.8578730320054241
220,32.7580480288115,0.4303604671312943
221,30.27235968553176,0.4338631868640552
222,43.0774010519237,0.517316519227325
223,46.011991963048374,0.4948497974535215
224,22.590464794750762,0.3520970470666837
225,46.98163659714985,0.5639218370281939
226,31.10635212522118,0.3927598074470743
227,36.521701780961024,0.508355485845315
228,25.548071983623444,0.39846808210346046
229,63.89370273583978,0.7156171823840511
230,28.68911285007645,0.3320050866379901
231,9.990515859961636,0.22993620676877322
232,22.450745791219788,0.3060887785787811
233,37.43676064291705,0.5825792209114754
234,40.29404437853289,0.4130272637210183
235,59.51300565358633,0.6388747424008201
236,40.57111650686205,0.3278951143920981
237,50.30863941006232,0.5276081361394771
238,48.79749838681085,0.5911941105130205
239,62.76774982616165,0.6742447003552172
240,46.66756225641912,0.589036005845049
241,85.18501936266955,0.8474429540180294
242,60.301090182061316,0.7571070740365802
243,45.64174664535585,0.5383611389374928
244,26.253066682587708,0.4276547060182175
245,64.74796516962421,0.6722497805407287
246,23.828218967988185,0.3868750992526339
247,68.0616513122039,0.6930753369124775
248,48.242812886341525,0.6231920765498417
249,52.2814787553221,0.6855460657939334
250,14.369115400744084,0.15166696094433502
251,27.56626228431706,0.4478265777242386
252,34.26862778780319,0.41414413263257066
253,31.562727206467873,0.4648794592074135
254,29.9286535040288,0.4389200623168478
255,32.80988790922392,0.5081466583418845
256,12.553679378658313,0.2262845026798416
257,43.82374876415111,0.6342948718547426
258,54.780905934002575,0.6438479196871472
259,24.439690185342805,0.3529190392012017
260,42.80371458167704,0.5579419910927965
261,28.16674048691498,0.4229225874376937
262,40.547002187425186,0.5227040154612046
263,41.308388340391126,0.61241086633543
264,11.621870141856338,0.2674911239264405
265,48.65365891522466,0.47937137925357814
266,50.867473154085204,0.6385081821239974
267,59.24284502352092,0.7337528878927229
268,37.121288886691154,0.44659322275452434
269,40.197995758570684,0.5029538664436546
270,64.48916289376402,0.7133949748277215
271,46.29147641176513,0.43236596567591035
272,69.35527794910129,0.6959013886387713
273,33.71362200931838,0.4489520871217742
274,25.0629904923674,0.382636736196538
275,25.64558776049837,0.355167862545806
276,41.44815841690192,0.5782918779539324
277,42.929443411667215,0.5356486780149108
278,33.238512246627224,0.4207737686439993
279,26.820349147277447,0.3698844063949559
280,29.832133041378206,0.39327518930960204
281,39.25508676473986,0.47197521553763694
282,40.77886617093306,0.5675929800521178
283,38.093134568594124,0.5330936547900749
284,54.32006942249268,0.6526726729697453
285,55.63330380404527,0.628551316631298
286,31.305168264499947,0.4218124770233825
287,54.818921292671426,0.5655438168726565
288,47.138736237530345,0.5668028266566625
289,32.53394319558102,0.43834474916191013
290,44.760682330763665,0.5362245783055509
291,24.751351265793197,0.36301185168480676
292,20.71622086833085,0.2925576334050077
293,9.057987075803833,0.1953486041316413
294,59.87725336043371,0.5859427375831677
295,49.92398629992438,0.5681652362474697
296,57.46284765150544,0.6239305388753508
297,22.34259100388884,0.2647785218670574
298,61.21938281007833,0.777887172259032
299,20.32170958992038,0.17678924246870759
300,47.62612986044638,0.5053186922321043
301,50.878920197196564,0.5283139479978153
302,12.17536190052072,0.28837413755500385
303,23.55433144085668,0.4231242807768904
304,26.15933736994966,0.3638014924551778
305,49.380124167409214,0.5909167919806604
306,23.319012862999834,0.35770566201202414
307,50.20486489249246,0.4832641682929125
308,37.27545721133684,0.5268726609785791
309,56.902804347087056,0.541542719833087
310,67.62716636865309,0.6586835126598592
311,40.15616705247906,0.511583700089699
312,56.01852987753656,0.6462140021916312
313,42.21910788291912,0.5582685693450866
314,33.51967854275896,0.3790943140662935
315,46.34226308437447,0.4352686067592801
316,10.763233035300596,0.28419003107689
317,65.52674498284898,0.6376463449909461
318,55.98520411733536,0.5506747521513449
319,18.87137308035164,0.32038884019686686
320,2.7909496391560675,0.1488190418719309
321,30.884552624350977,0.41185047419983317
322,32.277865886350504,0.4960378696732211
323,22.410619059080105,0.4011270293813631
324,53.631709606513915,0.6200964510365982
325,48.17594693022079,0.5407347510927115
326,33.01421653398036,0.395383125518763
327,66.48970958957509,0.6433111503091192
328,35.36910282572272,0.47664132905649426
329,23.977579811920982,0.30883855740322963
330,84.27860800860091,0.7314915029177886
331,13.661975871362737,0.30490669870180537
332,27.858161788688808,0.431217325847025
333,32.69336216492833,0.4351106399691396
334,16.745788508886353,0.2839439016873103
335,73.87949055748481,0.5793719707612286
336,49.0389217612025,0.5956517315012718
337,81.2298980571615,0.830508348947024
338,51.26216009423085,0.5718691837290485
339,51.76261688592017,0.546110904977805
340,29.46056085637929,0.4552832122668322
341,45.64888628946329,0.5740277496262556
342,54.87436380996992,0.6377798599912823
343,60.805148938327704,0.5983105346962839
344,39.06502289696427,0.44925229076145046
345,43.53562416970171,0.5624948861373745
346,36.416522125589736,0.5198773618192022
347,30.128798061193994,0.3311783453538746
348,44.70996471721177,0.6259845582739171
349,47.5017867728172,0.6159366603782898
350,23.469724518621383,0.3725180978090502
351,17.537831623038866,0.33320828313835554
352,27.03380286879379,0.42925593532363476
353,54.414601579194844,0.5999263589825237
354,31.76984959784909,0.3379933227239634
355,23.35296218545163,0.40370003361073525
356,4.642388093689737,0.11744650362831928
357,33.88734946055615,0.41980532017463446
358,33.213256795813,0.4524778315349004
359,38.09480072286357,0.41203365242625745
360,44.996512295561956,0.6288883006972209
361,47.09996125349349,0.4882771848323005
362,24.08714299568084,0.34299154200826426
363,22.726551259716068,0.3844867658852265
364,30.810502657895107,0.4783554877483616
365,17.771120010798313,0.33558248108767164
366,71.39346565169248,0.7737823495938162
367,23.69863195954148,0.17439107658061664
368,90.18645484678348,0.6797059564413042
369,52.390668941201476,0.5655498706795198
370,34.71025291509862,0.4443299443474724
371,22.241606542775926,0.38629534503509955
372,26.70739480135282,0.38080769515372337
373,60.42507939767071,0.6245744755755553
374,53.09776730525582,0.6299872712772636
375,55.53843461513075,0.6326678274796104
376,38.34256590361128,0.5171182532098749
377,55.193612523043086,0.5071842044696968
378,43.94642330167212,0.530562843445252
379,37.385854119251,0.4516777587487034
380,41.799825397401165,0.5367656926747547
381,30.09310524064831,0.429218713835532
382,60.59802234387837,0.7347792185044636
383,9.816203888173689,0.21346559930653913
384,40.33197309434529,0.38207503584046687
385,44.96017382596048,0.544278130732968
386,41.84497146052678,0.5252954352351342
387,45.93554265738475,0.621599354552671
388,57.02010485001985,0.5524799367579961
389,29.07826235899189,0.3446346251210007
390,26.857007603099085,0.4287738227895521
391,62.01277247343304,0.7429922540388845
392,47.76476410532943,0.5984919571043339
393,40.5473390673296,0.48003252547029096
394,57.77446678795091,0.5953222421148762
395,32.73461652014943,0.346429081695413
396,35.34105293171345,0.5176910115084866
397,41.47973315706646,0.3975612351204239
398,49.014658066867455,0.6180020684142722
399,78.3845607903334,0.6986641390967836
400,98.51836861756345,0.7128089469855237
401,53.605321782930595,0.6182256468450499
402,62.84784576393959,0.7140486113682817
403,26.43421802836213,0.31206263116983063
404,20.195764577911206,0.3583328793633282
405,49.97313080554387,0.6132825952589404
406,40.59160127284216,0.5106819828318513
407,26.913568074320615,0.46965391045863925
408,42.262159158074404,0.48773671338366303
409,21.708868063178063,0.2848806510040411
410,37.663206311038486,0.46998757097311755
411,58.735473660945885,0.6529875480062388
412,27.4518167176552,0.36374902018488436
413,44.61998574408587,0.5651966958685662
414,46.51156194958663,0.5544795946623952
415,27.799015980661476,0.41310552846498433
416,11.489880741870035,0.2356838996005278
417,22.453798165930614,0.40620183355121264
418,63.17905981855157,0.6850274673512662
419,33.700888802895676,0.48897497101672993
420,78.17607364102521,0.7242180070542523
421,54.686008862878154,0.6622257656531136
422,27.422632015719977,0.34180972152329747
423,57.16949744392646,0.6176905860000413
424,11.291711857104286,0.25525840295884106
425,47.14020387904094,0.4942130107203207
426,46.9090938289388,0.5947428067407483
427,46.38245092664481,0.5555272097797692
428,47.90574521475902,0.673065795197813
429,14.896399191539384,0.24152571120158678
430,67.82687939788897,0.700249292246476
431,43.52306523705437,0.47122545353602396
432,47.20710751712073,0.44994250325477714
433,58.46664236477519,0.6785448271212983
434,39.39432167055028,0.5610570602557061
435,61.01677244281184,0.6407185838437263
436,10.901812053652105,0.2559866543845192
437,13.28804827589488,0.26572169085484487
438,27.63558508414426,0.4524841171829818
439,29.189333136387233,0.40684599108277303
440,36.14272821311463,0.544309411135755
441,39.236368126166745,0.583530249245382
442,36.11919707986676,0.4943341421082922
443,44.91758254336407,0.4506975691335974
444,45.683591334002095,0.596012024554524
445,35.11468482543181,0.48866028415332063
446,42.68318164676232,0.5486970177354392
447,61.31382356522694,0.7635428088166323
448,27.98578444730444,0.22460985075302956
449,32.1708503096929,0.44354557564353136
450,20.567001267230122,0.38921040202400004
451,51.20526244147995,0.5915500162261381
452,46.19859421319666,0.4846928765029663
453,21.280953030816242,0.3590916210298641
454,91.6622569230378,0.7171567625755009
455,71.2085515819258,0.7618205694738205
456,45.21068640967173,0.49367406351912874
457,40.79815693926929,0.5238683922139284
458,14.152446631038515,0.27075888215188526
459,86.06879623896664,0.8254572633743098
460,11.157897370193744,0.14239400420586917
461,14.248756949819603,0.24222989289780905
462,70.58037286142283,0.7397949103108209
463,58.62151589865233,0.6216457254872308
464,27.24858805805718,0.40314245674715743
465,61.77221364072151,0.7877362883853485
466,12.329419365408116,0.2719076653332096
467,6.818302948080519,0.20864238438470917
468,20.59862789426589,0.3370821114079683
469,29.942516881339014,0.3519532893406221
470,62.58633997731122,0.7199573999532625
471,24.56949040796646,0.4002706421266189
472,52.115240490867805,0.6522390999207454
473,24.61185811648358,0.29960105204428406
474,27.224320669061086,0.4286208193310169
475,34.96145645198648,0.43356305692484176
476,40.586103896786696,0.538799513640938
477,30.526231573644633,0.4890952739335009
478,38.05660336194357,0.4318863599476038
479,55.83612245867297,0.5546819380572572
480,50.37186351196751,0.5434543234422912
481,33.44588554913996,0.48880410520759465
482,74.57791602028996,0.6376083907732036
483,44.22950641913927,0.39223205615504914
484,41.70821063808673,0.6193588872895336
485,30.913561584210264,0.31833736972254345
486,54.43765303367633,0.5303528290404449
487,3.8791364399094888,0.12877506174573985
488,41.488662346730536,0.5235710126875459
489,9.235594922136936,0.18609004125608533
490,22.461387349668335,0.4217889755129306
491,22.328733885425237,0.3890033516907199
492,64.35039292335227,0.6832201381204632
493,9.440307185131372,0.22790262448258378
494,42.95253088666903,0.5643147014180661
495,94.98031861200961,0.9571519940523702
496,45.62869320094792,0.5852953903942023
497,17.297173839743994,0.24346137607953033
498,33.51656854626989,0.401903175630109
499,27.437732638928576,0.426747441654482
500,18.285795994491828,0.3535251851282043
501,49.83194937826689,0.5855199315248504
502,36.36727681355898,0.5885239395428858
503,26.689006721756847,0.39824799851076065
504,51.83636303697815,0.6337643575173804
505,87.04887980274506,0.7439418634779656
506,87.40949540321033,0.8183060213845762
507,42.051416512369144,0.5810406125966036
508,26.01577895379877,0.37630460972813257
509,46.967862772753094,0.6628481595928809
510,73.04225349397521,0.6432343862383089
511,38.348913393593506,0.5038766269564814
512,21.030502328612098,0.33978906078857657
513,44.32091324372506,0.5753254513628756
514,63.467546674397944,0.7063457235175978
515,68.67457634583634,0.8174727807848468
516,47.706502017188726,0.46533211025912263
517,25.43794640228422,0.41219520219014527
518,45.77393836430856,0.5488658201968359
519,23.542265605634547,0.3592959895313754
520,41.90994731563776,0.5909369958864324
521,29.93346030771225,0.4342494913684331
522,53.38330579161552,0.6625346139648689
523,32.89206676688922,0.5053011977082804
524,37.88787848037252,0.5493296785944333
525,49.705768198925526,0.5035406668434079
526,62.0076760341491,0.5935041453627908
527,43.47512038863682,0.49328380858238735
528,23.136443235684027,0.40526534817172644
529,35.964053168179014,0.39223060936218124
530,52.368237256758654,0.5855400742962432
531,53.54663711936901,0.6300916257162305
532,34.02663937178264,0.5018503999544578
533,15.706601758084673,0.3475862846162518
534,20.503911286338482,0.28940456850153656
535,46.71184388552356,0.5861528830152132
536,30.1177598631575,0.475046591526076
537,41.138078837238126,0.5461055656455474
538,66.13443191329762,0.7648006769610727
539,45.6257527342142,0.571829515855182
540,32.05441981595868,0.4416607252172458
541,39.9643144891323,0.5899602724898092
542,26.302059549323765,0.3512990284055883
543,41.0684006009571,0.4291184811858022
544,24.527632795488344,0.3066367351241138
545,44.93253654023727,0.5921265191689381
546,39.38024130773779,0.3867167026773063
547,19.752541833819308,0.35818080038736505
548,49.46854520786991,0.6560942041900126
549,44.511548856551975,0.5377540718352412
550,39.20852842357905,0.515580544066501
551,75.8376310804945,0.7733264977273695
552,41.848111207992,0.6033360541498002
553,7.681545667471053,0.1477170132722967
554,74.79940837994744,0.8122667072181526
555,42.09718553202536,0.5089779382808557
556,55.63756741502327,0.6815297610559562
557,32.59480905361351,0.4047387551525074
558,36.7037210208297,0.44484647454494797
559,62.33426907925478,0.6223603770445569
560,37.39496552448852,0.5964297969997155
561,35.51180159729192,0.450955167561471
562,27.318221561274612,0.37398675115384755
563,60.33262047487244,0.575166048734504
564,25.859932671296697,0.42161835636896416
565,38.8747268048441,0.5554787851439423
566,22.412670911079818,0.2667289809844613
567,4.771295460659665,0.16985817604924952
568,46.88166341161859,0.5069124640583124
569,53.99002653639442,0.6906388388413982
570,14.254710830147612,0.24933575049647808
571,62.36127100174482,0.6523930878513575
572,31.077459801671846,0.3714387592546848
573,41.860503603619,0.5524257681326354
574,24.751535708348772,0.39164120123487445
575,70.22741870834014,0.7446311820374961
576,54.72411962182944,0.526644584732884
577,18.18530048583708,0.3572721191132777
578,49.198558377938724,0.6255453041773356
579,43.09468411891637,0.5338097323949292
580,45.87500355819801,0.5941881075219883
581,31.157418642429292,0.31828090461363756
582,22.873161259717392,0.24575705503085538
583,8.945671958299133,0.19275551003938823
584,27.869065939804415,0.46160863694820425
585,32.81486246065175,0.4803489485441591
586,96.2826169142858,1.0050678790972416
587,55.85505525032848,0.6251046973122558
588,18.10898598155524,0.2870393197492029
589,68.99184854672504,0.7067092996893364
590,84.04046483935664,0.9706497732064548
591,23.54171769650096,0.4014290547994747
592,8.800184712142059,0.1958359983220745
593,67.19913286766302,0.6788065609253611
594,27.258141974021356,0.33648279114299645
595,62.79746713257894,0.7749269292451693
596,48.16530416593937,0.6082111106642303
597,73.34307528414475,0.669782959935844
598,27.006274805051238,0.45962953509273613
599,31.851730614545477,0.384018624182844
600,19.95645738581938,0.3703068017727584
601,22.161933012802603,0.26275548612333566
602,40.976056850848714,0.47972522476219603
603,33.69735999100284,0.40675732622520205
604,43.36075072650767,0.619919186296149
605,44.14055694740579,0.42427518865474473
606,32.604648679903015,0.4718148035804991
607,29.71051670492276,0.48585025136755655
608,34.15534349466996,0.46722997567082186
609,30.96805943800432,0.47744848353827535
610,58.103812072956316,0.6976838625845048
611,55.16176030191607,0.6956299115435833
612,33.42636464657149,0.4225076506662349
613,39.258280180318174,0.47908070907668965
614,39.95262766353556,0.5110572025081261
615,53.84800065841002,0.7027931969228336
616,32.801569358176344,0.5048180275001245
617,33.86341891587716,0.4798870337285618
618,40.961455930587874,0.5976580311710464
619,17.613269536051924,0.33855486038443966
620,41.89146080202582,0.5085975082071286
621,63.43526001665832,0.753548106256049
622,62.64782809294392,0.6764511555911665
623,56.328682673544634,0.5909839838467661
624,43.33875481954935,0.5008436341147167
625,58.65061074108927,0.718581442607797
626,32.49644503760106,0.40169471007524604
627,47.804795084125566,0.6485361067373401
628,29.666013117198922,0.3645993099023871
629,38.98803817364893,0.45687593876460486
630,59.28283677861266,0.6723170990004796
631,32.35071270214012,0.4862420634748279
632,44.69640983484972,0.6197980774873162
633,25.026297516451972,0.40489623657788865
634,55.346850467996134,0.6193437237146423
635,52.944879532999494,0.6345083344516067
636,52.97871005650883,0.7089388316093618
637,23.465091983127365,0.377695972088932
638,32.15782126428415,0.48536388069559333
639,15.433886831956439,0.2337401120982589
640,55.70038494590858,0.6383130184301475
641,26.541521532948412,0.38616103193334284
642,42.004296711786914,0.5958694809046621
643,66.44684601279542,0.7117098394762884
644,48.56192158822621,0.4838718632196355
645,43.066069868750674,0.5199509814923708
646,41.80480857986284,0.5567776857856204
647,53.225903229123176,0.5727976737398042
648,67.1492248929226,0.6618008052948067
649,91.90589296280737,0.7236866112359271
650,43.35501232819349,0.6103534550327601
651,51.87282118866742,0.5372987322349707
652,63.19477190942306,0.7127321882200702
653,28.544121411128764,0.434953124900188
654,45.82509181275885,0.5854399989794208
655,49.21947885232858,0.5060082247716498
656,42.164226488774084,0.6138535505448265
657,57.56223330319599,0.609996020880687
658,45.324887611512,0.6253205745921202
659,54.06440418635047,0.6346018168769333
660,40.10323626791373,0.42744547708743036
661,48.136268595164346,0.5909760468122689
662,86.11640970524255,0.8189324872334452
663,52.488394519008764,0.6271667098238205
664,37.09368682155863,0.45676120663540054
665,54.8178749849706,0.6421276940111112
666,32.82494337153603,0.4217263636955256
667,6.966379483450135,0.19985648356834337
668,28.103811739583865,0.4351523958099147
669,49.05224642664433,0.541335567416847
670,42.118033845005606,0.5409757265426189
671,27.038518910723106,0.3454962439893969
672,51.234763065564835,0.6471999966985111
673,39.44710097401077,0.5199682692123119
674,74.1970180227038,0.7488874716231686
675,62.92199276127419,0.8036453415087251
676,43.559387343964175,0.6250894055729946
677,14.551743451973914,0.3109442104508676
678,65.43630647400822,0.6206938103775861
679,47.67408427354557,0.46356580444262807
680,43.91832693855243,0.611613806599795
681,34.46757971452407,0.4028365383387474
682,12.815001504458172,0.2927422467454258
683,43.751757222918,0.5334813143657614
684,31.289256812413186,0.39884035072370194
685,31.810885655505906,0.4701706490601122
686,28.151565692615367,0.3148795843786394
687,46.69767782020408,0.4841017661270605
688,34.53438649891683,0.483707628253212
689,28.272353906692718,0.4367567087664767
690,63.0212823786468,0.7420811207835284
691,35.506749838779584,0.5199988683138131
692,15.044260549405639,0.2302623352587317
693,66.60143795087053,0.6177524269407949
694,37.34540596621941,0.5634963555718415
695,71.06155638272314,0.6530670850034442
696,52.65848735066665,0.5970848502153288
697,54.26786217283609,0.4640851786641432
698,38.68300267550077,0.5355170613115008
699,53.89923777692552,0.6943883491378486
700,75.65231399977863,0.846828254378854
701,48.732558274199604,0.5874437332316516
702,31.113146579654074,0.3874909672422163
703,20.94632900723825,0.3701271816688068
704,53.688138365970666,0.6501003277318795
705,35.02710336497624,0.3825250232744414
706,74.05264803695906,0.7316412807852852
707,29.509568428976962,0.41584820761242663
708,36.399327970177005,0.4475589949458468
709,40.52867645846187,0.5600505128437568
710,38.80645260203017,0.5535440279788542
711,59.56326125021923,0.7298397479305427
712,31.925510688913327,0.4948288586665893
713,58.548637948978566,0.5867103838485603
714,33.88756240268498,0.5358356978992831
715,12.528936389252042,0.27852524770930354
716,43.04551180010659,0.42922436210786535
717,26.06432463025921,0.3983211145858571
718,27.09211271748554,0.40910954940919897
719,38.08305830736989,0.5219247356704259
720,41.43046051723981,0.5174945594403776
721,64.60899536961594,0.7991082873682986
722,46.58617314827475,0.5292973857744696
723,16.12279387534816,0.3115174095454553
724,47.74316565145,0.6327131820003193
725,53.8878832258824,0.6234132179820102
726,48.29013753890958,0.5275487364789994
727,8.247114973552467,0.23107553958315935
728,57.803968390752765,0.687604731445262
729,53.58709028975794,0.6785823857716361
730,41.36974911057881,0.6000746542970616
731,56.82129295398529,0.6716390725588003
732,17.369606421883645,0.32375637026452886
733,40.21639226840033,0.4960055144472092
734,60.66852120386096,0.6892567899933665
735,0.3535033386751742,0.046408361581283294
736,29.483322406986424,0.39232793191049875
737,21.745157363140763,0.2272239698321381
738,40.37138518039237,0.5280004091087065
739,22.19116885083739,0.33402910602147434
740,51.91961446717393,0.5200604974305435
741,66.77145972814789,0.782520268331194
742,48.18107844436488,0.6006658940434171
743,56.33083571363868,0.6567405041016414
744,9.57079121042175,0.2188436780889278
745,20.348186767683504,0.3213363897668001
746,36.62201792038036,0.492196095640269
747,63.27018083332075,0.7868225130823066
748,53.9102092936446,0.5397459190104668
749,32.553766277598626,0.44265970033567437
750,39.16853703980715,0.5150184241684831
751,35.178036690021756,0.4920318252173302
752,29.06991373001904,0.33004155965845755
753,43.44202151390404,0.601804813982004
754,32.632201623452076,0.46071471785384854
755,33.81707877206037,0.4638963753584556
756,43.08872768275566,0.40659574749344785
757,40.246553319005,0.5278390023485295
758,46.81918025684452,0.49920541313943156
759,44.41975756230187,0.3870650865748598
760,39.4141120063985,0.5188342200169048
761,26.013697800441253,0.2950355963386948
762,21.848290356988265,0.28549138728335643
763,46.6883846743073,0.6439911877666233
764,25.445772271045225,0.4077352543763764
765,30.68020452779934,0.4735989716678263
766,37.122041458230846,0.5617171554448508
767,7.876906332190512,0.19976269755746642
768,8.486104029878925,0.24693310868496443
769,34.492437472633874,0.3135265378354271
770,32.15174935918777,0.5400386881843853
771,56.37024214623999,0.5842660911004816
772,30.828851455873984,0.42201299016805205
773,58.553907821602614,0.6147104170425152
774,7.832028717223679,0.20827966155261687
775,44.65906370767867,0.5639108172570328
776,39.995587246277196,0.45126841694824293
777,48.56385548166321,0.6232491202535402
778,24.83360755616889,0.36484766064198804
779,38.30887040712544,0.5456103663070214
780,80.19183101651474,0.8162342876720894
781,46.518214960048304,0.6006737941209469
782,32.782805341599826,0.5031883847112425
783,11.310556408784706,0.2755530902335348
784,51.940121753373646,0.5837859672554853
785,24.47110855604921,0.4009021987374374
786,56.97441854752192,0.6182192811811027
787,48.75461757988951,0.6273996962081132
788,56.31867035563363,0.6877344118477983
789,43.39258250359988,0.592010614142585
790,29.4499372118275,0.4080177072649379
791,62.08500259973594,0.6490679040331321
792,51.52855022344427,0.6826300207291968
793,38.91280399548595,0.4695661066343925
794,51.8952147401752,0.6376153071298689
795,61.62062999438136,0.6138719672773909
796,16.303918091634966,0.27449339736737444
797,39.0736356336646,0.4924814836242108
798,52.992402340251445,0.6465800546368163
799,30.49765593886263,0.3364101172956316
800,42.47791417312861,0.6013751193942698
801,23.97210378275033,0.3519269186753285
802,39.79581197552078,0.5144028942376833
803,44.80031633615256,0.5282831910455092
804,37.63135725225097,0.46468852519670634
805,35.54002278883352,0.5045564523644849
806,36.228978916050764,0.4790260744793639
807,40.395833329504015,0.41543450953889927
808,95.3530904623409,0.74134101351833
809,59.300137633243835,0.6841357800446308
810,40.88017436183479,0.5326128882035355
811,42.50484860150362,0.642866743008072
812,46.189821223647144,0.48176762107376747
813,47.12026936753764,0.5537894353353139
814,61.98716283235568,0.6857429896233738
815,15.096421294669017,0.28166010683532117
816,83.93313052212947,0.9270225378198287
817,36.89830708383931,0.5283015607706152
818,56.190169875739606,0.5391742583814129
819,25.747595184980263,0.41630555165880906
820,38.33620176068348,0.514883016245542
821,24.22653718978036,0.32159706361117524
822,49.51008225406336,0.4744349998249361
823,66.17052518196036,0.6928286078810828
824,48.63874861032012,0.5024519654726121
825,8.693217987123848,0.21000972433145576
826,78.69623948489101,0.8687971369132155
827,88.69751664220732,0.710980642803745
828,57.68216836624962,0.6471504011204199
829,35.14931810004844,0.4421427492415241
830,29.189280067530063,0.44231432012958216
831,3.7558571955866498,0.14558632462495025
832,47.73465304055461,0.6437889117933913
833,33.08388489026763,0.28348250030604094
834,11.98694105127166,0.18771765947856062
835,41.532474175317226,0.4970488970110763
836,29.488168252456965,0.31034756827786103
837,15.557611628711436,0.26053479163101495
838,21.04409038898145,0.3240702427076819
839,49.58583676898145,0.700040498531513
840,46.15365691830156,0.6162312388963818
841,54.23346877132343,0.5536315719023068
842,52.3121717065831,0.6613207473598726
843,85.22177957122406,0.8210120656465024
844,56.29402589419355,0.7099069310592128
845,66.14309117998111,0.6822964395942817
846,35.74850334368564,0.5196465561102201
847,33.452335045788274,0.479734270309321
848,42.362053172497404,0.5234580455547797
849,53.00310618450656,0.6651337758115311
850,24.168505023346306,0.4171938991568844
851,30.17890579225027,0.46556365599246485
852,43.443007505133295,0.55760877530608
853,83.3287778403417,0.8676804223123948
854,42.420242773023816,0.6146316753834536
855,51.1072695322746,0.5975801184102139
856,105.48931117150262,0.8708752610978319
857,17.94253379897058,0.34032622632446097
858,37.7590486190552,0.51479848695278
859,38.59441860637675,0.574227052757702
860,52.02862935408082,0.6945252228278341
861,68.81264815724364,0.7044337877859774
862,48.99357808377979,0.566658258022356
863,54.744301208191835,0.7024432853256468
864,53.39365161080652,0.5766618678455007
865,53.373076018559274,0.6490955930308088
866,47.85871195158872,0.5508725584769455
867,32.916951090491075,0.4081670629304902
868,60.65714055416303,0.7004125910011738
869,37.37789110865889,0.519787402346867
870,27.79204580079134,0.43287176011496786
871,42.7253687276412,0.5396324722325192
872,43.08844759384333,0.6035427999908143
873,74.68603981390504,0.6546001609576709
874,96.89137335828181,1.0026167089478633
875,43.14475539696479,0.5145590191153221
876,76.23616715690748,0.5997473953742731
877,62.7465068324149,0.6184985409886192
878,33.94829045035819,0.427695630678438
879,66.23648705990104,0.6569676309296695
880,53.15439883859083,0.6077753616072117
881,40.64965067921586,0.468990608731748
882,20.06710461497668,0.3588302365832702
883,27.355413434290302,0.3251247508561199
884,51.491562319959165,0.62127211899183
885,66.40776694749381,0.6370406246818223
886,19.077232650780967,0.28607881868539936
887,16.57873250275376,0.32567545497354744
888,87.90089387625498,0.8871127985110754
889,34.02914484988626,0.3615050953492952
890,28.900327266855108,0.4687032398162132
891,55.45911708867004,0.7397520715558515
892,34.220092582761076,0.43825211420938404
893,58.25557716637411,0.598992642897794
894,42.05516361566962,0.4765220112213006
895,20.60239479189921,0.31172664691463414
896,47.66163079802883,0.5566493124534241
897,53.422323094271086,0.6604723945813173
898,33.233294597261455,0.5004941041008608
899,29.25473926377945,0.4637220787851571
900,41.695793418931444,0.5035157902422484
901,75.48148523619163,0.6856171122088879
902,40.746775105172695,0.5106031341885899
903,42.42525252710553,0.5132217091873319
904,62.82096128534046,0.6037565123097534
905,70.34600431971212,0.8244042366242708
906,38.69030453672823,0.4941936807163575
907,31.140293223701292,0.4869191447507258
908,48.27378376256059,0.4140306868175106
909,16.57624007702747,0.281098464198568
910,39.858646125987455,0.5659120008337315
911,70.22910108503449,0.6488323228051783
912,54.98399266266945,0.549564125761622
913,48.79079680832322,0.4904285461293079
914,40.11652424279647,0.5402722222945637
915,63.8733101444574,0.5563218891817339
916,57.21922552068763,0.6357431014897108
917,58.43036827086614,0.5685429464122863
918,26.26942368116977,0.33511323374490437
919,40.71670812545433,0.5335512391550111
920,19.47557859052842,0.33754628144912757
921,65.1279525536928,0.7935585894739253
922,39.19288709956611,0.5390892407348578
923,44.89459826349356,0.6202682496027332
924,59.272328771094905,0.5583089524598097
925,36.92942438601178,0.45034767424148614
926,47.85624001269419,0.5012680813145923
927,24.648880531826883,0.3987277181299799
928,73.74289795578437,0.7312978319912247
929,51.65524501801313,0.5351289708632383
930,34.28163462229027,0.4608197854705024
931,37.031480043483086,0.4814944935742818
932,44.02819217477399,0.6192329824416979
933,48.70101828400205,0.46876188758423815
934,38.38938861944651,0.47817769510405944
935,36.72464395273633,0.48812876640067027
936,92.52296475025932,0.7036500482095687
937,55.6441697357988,0.6694072984656539
938,49.082225719540325,0.5492886268211433
939,36.88315843019045,0.5158631715184254
940,11.892598558598038,0.20069150725688223
941,38.66369050667079,0.45999746050899964
942,48.927248505450066,0.5767216822696912
943,43.52603154314249,0.5108934289758382
944,39.96247420969985,0.44821071502603804
945,47.712119393548804,0.6063913462701745
946,22.479046419979625,0.37789375959266885
947,39.53560679752769,0.48330216131220965
948,43.27605491616358,0.3945777033406743
949,35.76912212982543,0.5420671823614077
950,39.862707747685896,0.5316606116797646
951,51.03027075750221,0.5403512242254732
952,18.73243370036462,0.3583942846436638
953,19.100815573697016,0.36041238994263064
954,37.94228823301131,0.4019725608862915
955,28.595096571837736,0.40044368262595037
956,14.04069594805805,0.24169997239719523
957,52.63472910257802,0.6093381062308834
958,42.301107984958854,0.4802655452305135
959,31.983555112969935,0.3694056838820391
960,24.143457217429376,0.3889195093512282
961,43.845603786633646,0.5852743884734629
962,60.595936696047865,0.8140587860963301
963,35.22614781127118,0.513555374979628
964,56.13130939423795,0.5022325195485673
965,33.91412201479962,0.5044599606011435
966,43.688907053306785,0.48317481660258926
967,30.287344111228585,0.37595914631860755
968,30.065161120504182,0.47728236014654524
969,57.24777816550037,0.7260695840067573
970,31.411833446837147,0.44957482010330374
971,47.83493053067147,0.6544259170433345
972,32.0258004815021,0.46070632704653774
973,47.747809568818965,0.6134733879947231
974,30.5936668645125,0.2786760058779909
975,49.86509045179091,0.6132584349817382
976,39.8440101502539,0.5958059044834283
977,39.27108653504446,0.43074069219055044
978,58.20486560472658,0.6174982441675869
979,27.59346248881962,0.46224720894655924
980,42.00912574423513,0.5155515221793605
981,39.65662067292561,0.48735907592842864
982,12.012430578945299,0.24013172909315644
983,86.47483698526499,0.8732839550041975
984,90.06835790674424,0.7765876401883175
985,64.1991709456801,0.6933409831001746
986,17.64828367430765,0.3511836849996832
987,51.64472258327508,0.626372262431162
988,16.425475291751138,0.2513486369421411
989,42.20784943544032,0.22103946849507797
990,62.31616685592496,0.4622709946704763
991,34.84114385309722,0.4855173422558357
992,60.5254126908448,0.7373089882070111
993,39.27291897919169,0.523269062824184
994,39.57537782934243,0.5415206100585436
995,28.37626322144889,0.39367655850774297
996,21.491359582364563,0.4217264102633641
997,54.207875166279806,0.5311519170620882
998,30.192811615948433,0.4347467015143594
999,36.092734855654086,0.4694758404329832
