config,model,fold,roc_auc,mcc,precision,unrestricted_return_pct,unrestricted_trades,unrestricted_win_rate_pct,unrestricted_expectancy_pct,unrestricted_sharpe,unrestricted_max_dd_pct,regime_filtered_return_pct,regime_filtered_trades,regime_filtered_win_rate_pct,regime_filtered_expectancy_pct,regime_filtered_sharpe,regime_filtered_max_dd_pct
C57,random_forest,1,0.5499379652605458,0.014807923187752975,0.5306122448979592,-19.382207946689537,80,53.75,-0.1056010544532028,0.04916609640267436,65.02328923816685,11.438231417244445,32,59.375,0.5206688725028108,0.2633722706592451,40.14612770776786
C57,random_forest,2,0.5564188072705423,0.13716989696833226,0.8173076923076923,159.463559244148,36,75.0,2.828973127688897,1.391084320668768,16.399260232612033,113.13712993943557,24,75.0,3.2964344625351827,1.281302592283094,16.05161891480251
C57,random_forest,3,0.5864892615726877,0.12175732361354305,0.6553191489361702,53.69727387118276,43,55.81395348837209,1.0820103909100616,0.9229150098817164,15.606491315804643,20.941329811466698,15,40.0,1.384061606717183,0.6738875397393459,10.61198124992591
C57,random_forest,4,0.5726815968173401,0.10895750026094456,0.6259541984732825,74.40127433375062,50,56.00000000000001,1.2200357177888281,1.0387105352782473,20.80302283319097,3.585424015415032,23,52.17391304347826,0.20770191736002225,0.15122622009307266,23.204666868736222
C57,random_forest,5,0.5971853214342485,0.17108340713490927,0.6253776435045317,31.718537520743357,55,58.18181818181818,0.5984210956395889,0.4842630607370788,23.074111759775867,4.83110442486401,28,57.14285714285714,0.2495952876662718,0.17269075797867467,28.020318058195475
C57,xgboost,1,0.5280735393638619,-0.0015937309368908685,0.5250783699059561,-25.803625412044962,75,53.333333333333336,-0.10680956721628158,-0.016159973112540284,67.43559829189725,-1.5146828378163626,29,65.51724137931035,0.1528158543488182,0.07028165384485371,39.63397458263492
C57,xgboost,2,0.5459035601622353,0.039464660867349365,0.7153284671532847,157.84080290065637,45,60.0,2.3037708120133833,1.332097921964062,24.310705985931943,137.41378302024313,31,64.51612903225806,2.968223321207178,1.3903468484873769,16.05161891480251
C57,xgboost,3,0.5641710162288582,0.1390840109584543,0.6411290322580645,44.89409805939073,43,53.48837209302325,0.9321539110766311,0.7927194506140359,13.14424886989238,21.306241580905407,16,43.75,1.3275144771309988,0.660560984441542,10.611981249925911
C57,xgboost,4,0.5966687244209709,0.09511397672451243,0.6296296296296297,64.03294327103355,49,61.224489795918366,1.1065666385808268,0.9220151623055863,23.701664521597586,0.6665788053732685,22,59.09090909090909,0.09302390809518728,0.07353554713602203,24.39336462498948
C57,xgboost,5,0.5946760678520335,0.17838049594395908,0.6838709677419355,64.82502303380858,49,67.3469387755102,1.151677117559344,0.7876977054447523,23.074111759775885,0.7979125903336826,18,55.55555555555556,0.18982364133185312,0.07988765600100499,31.09279710756865
C57,logistic_regression,1,0.5804195804195804,0.10163738882317867,0.5863453815261044,-0.09673410458215222,38,57.89473684210527,0.4023984748005635,0.1632517163684093,46.810087272599496,39.58232541752135,13,76.92307692307693,2.7213957950373437,0.8627245220417845,12.487610841849882
C57,logistic_regression,2,0.5969656001201742,0.1256887315721359,0.78125,98.25038011124818,17,70.58823529411765,4.32901264945878,1.157948823618072,12.789219298173993,123.88261997627517,14,85.71428571428571,6.10238194015948,1.399044912320453,10.81209466152402
C57,logistic_regression,3,0.4713784546932489,-0.07990178541206275,0.49767441860465117,12.588872853262,56,51.78571428571429,0.28964657322978077,0.27911163709635006,24.269760654633632,-11.470672347214903,26,42.30769230769231,-0.369870957605885,-0.17380127156287328,26.75234315523732
C57,logistic_regression,4,0.48227473306353885,-0.06546610919514662,0.5621890547263682,-11.034441592484669,48,47.91666666666667,-0.1344163456199033,-0.12016388620477643,31.772632849220756,-35.663829917760225,28,35.714285714285715,-1.4955821516664758,-0.9661186841290501,39.883775089973
C57,logistic_regression,5,0.5886073074914278,0.10041180762855029,0.6579925650557621,108.3969578304324,62,59.67741935483871,1.328439982666296,1.0563566273532408,23.074111759775892,63.05375474552062,31,61.29032258064516,1.7425274874900625,1.051973683896777,24.57247014402102
C58_TREND,random_forest,1,0.5254737198285585,-0.0462150793857651,0.5110803324099723,-28.843631349145888,81,45.67901234567901,-0.15117366064453563,-0.0384987300737524,68.93792392454307,-1.3760912562913437,33,54.54545454545454,0.17397043325616093,0.08011211488372962,46.423710349093525
C58_TREND,random_forest,2,0.581481147664113,0.12407967671294613,0.79,212.8366840382759,36,66.66666666666666,3.3515731299376865,1.6317984935845269,17.184271573397126,160.4404655365288,25,72.0,4.040995558714342,1.6421936680898392,10.161215441247618
C58_TREND,random_forest,3,0.5893186161261801,0.1106264279764361,0.6619718309859155,59.406523243802944,47,57.446808510638306,1.0684344711479863,0.9456713604026572,12.696062725532808,11.910372519573635,16,37.5,0.8203448417076616,0.40984479755662667,13.508023245854888
C58_TREND,random_forest,4,0.5968744998513844,0.15395408268052724,0.6666666666666666,84.09277307381531,44,63.63636363636363,1.4967712920374365,1.1992284152156325,21.472403836089022,-7.073664418713379,16,43.75,-0.40343537782243893,-0.2201595079605334,24.222225696096576
C58_TREND,random_forest,5,0.5945313032222904,0.13908444214464508,0.6287625418060201,32.494614609903365,53,56.60377358490566,0.6391055266098193,0.49025797144711286,23.370464412349083,21.29804845723108,21,61.904761904761905,1.000260511380294,0.5512583330790932,16.63820785918598
C58_TREND,xgboost,1,0.5055267313331829,-0.028808704603865355,0.5191424196018377,-15.245127542988993,75,54.666666666666664,0.0561222583474259,0.08212401256756224,65.52058723291849,4.474525235260109,28,64.28571428571429,0.3988504467430498,0.16417270609261733,40.7462968519216
C58_TREND,xgboost,2,0.5696079315006759,0.10208615974577832,0.7534246575342466,218.52553554466948,45,68.88888888888889,2.7320185966784973,1.5457495951478952,20.057608921324004,173.4221634241052,32,78.125,3.298688178151769,1.5882506713889204,16.05161891480251
C58_TREND,xgboost,3,0.5630187387695731,0.11201996011968834,0.6822429906542056,58.674490501449206,39,58.97435897435898,1.261645895028799,1.0001172414064239,11.73541662681198,8.671702084068967,10,30.0,0.9960985155322514,0.34150488233542564,12.502832120117677
C58_TREND,xgboost,4,0.6001554747696458,0.11923542995632988,0.6468646864686468,87.54785247935524,52,67.3076923076923,1.3123545550997113,1.1391330364378576,22.749569201480565,-9.310568523032023,23,47.82608695652174,-0.3537897405824864,-0.20942276122925876,27.086043384815383
C58_TREND,xgboost,5,0.6111451733769331,0.2134528683963244,0.6730158730158731,43.29890515457414,47,61.702127659574465,0.8850973007487405,0.5961649760271454,23.074111759775874,16.556685283387417,15,60.0,1.1935866199329652,0.4731627359334013,20.97991244231458
C58_TREND,logistic_regression,1,0.5729359350327092,0.0656045718817734,0.5767634854771784,5.407944027657111,39,56.41025641025641,0.5308003711207342,0.21384445473662916,43.37574933944817,31.90103889143167,9,77.77777777777779,3.2720237797446607,0.8821920890745895,10.219806293829077
C58_TREND,logistic_regression,2,0.5938350608382154,0.12746566156677014,0.8166666666666667,49.00436614394074,12,83.33333333333334,3.4719963185476286,0.8374274987846739,16.05161891480251,60.09685399875397,11,90.9090909090909,4.417506053087909,0.9845133568284644,16.05161891480251
C58_TREND,logistic_regression,3,0.4662331365334702,-0.07278832717607506,0.5,-6.330615305240368,60,53.333333333333336,-0.024823177896291133,0.005298300349182608,34.285552410919806,5.484429084327362,31,51.61290322580645,0.28800844026288586,0.18165301203850315,26.18902397395856
C58_TREND,logistic_regression,4,0.45594690993895326,-0.10568017393839471,0.5082644628099173,-3.78385991399677,54,50.0,0.03620356134422813,0.029435173546129286,30.546244994684436,-35.06244796242953,34,35.294117647058826,-1.1848665618400906,-0.8214185744326282,37.46028587646879
C58_TREND,logistic_regression,5,0.57925721552331,0.10614087839304637,0.6507352941176471,93.50001926434716,63,58.730158730158735,1.1838969960845218,0.9610597148362537,20.609480368385533,56.86644861613633,26,61.53846153846154,1.9005039327770707,1.0382468740518813,21.020455234891656
C59_VOL_VOL,random_forest,1,0.5358137829912024,-0.04767096510756436,0.5171052631578947,-30.187224936559637,82,45.1219512195122,-0.1698051751306805,-0.051104869120730936,68.49573922791686,-1.9316191739951465,34,58.82352941176471,0.1451646657810799,0.07251864460994088,44.69478332772726
C59_VOL_VOL,random_forest,2,0.6061589304491513,0.18705812110982165,0.8631578947368421,353.3231012923095,31,80.64516129032258,5.1218643932193,2.2927494540603224,9.506968619193202,277.8452511140906,24,83.33333333333334,5.831434336827609,2.2152468620308423,7.953976302405014
C59_VOL_VOL,random_forest,3,0.5883431733264881,0.10919711776944815,0.6594827586206896,37.18071884523225,39,56.41025641025641,0.8979822484578938,0.6750665662773502,16.890555847665972,4.8726221186151815,13,38.46153846153847,0.5302262565176552,0.192396850727495,16.311795096096652
C59_VOL_VOL,random_forest,4,0.5761826371264605,0.13033734790310822,0.6462093862815884,76.24533893306388,48,68.75,1.2844377872398427,1.0964915932131312,22.061974453740998,-4.521888036505814,22,54.54545454545454,-0.1629291296146997,-0.07989656370410847,25.07398311228518
C59_VOL_VOL,random_forest,5,0.614293094443309,0.18493721772969116,0.660377358490566,67.03426779065491,54,66.66666666666666,1.0682394909148762,0.8180112853034871,23.074111759775878,13.102450161247688,25,60.0,0.574361731848263,0.3549014071090741,20.698198833643083
C59_VOL_VOL,xgboost,1,0.5300022558087074,-0.026547418355213882,0.5263157894736842,-35.2324713722205,75,50.66666666666667,-0.3330432572855288,-0.11411260206787677,64.56561800016678,-12.489002432567025,29,58.620689655172406,-0.27294383023400376,-0.11300990732891221,42.82455041091715
C59_VOL_VOL,xgboost,2,0.5551750037554454,0.11807874142143922,0.7603305785123967,247.06179450302824,32,78.125,4.065152668711235,1.8449225772999953,16.05161891480251,182.6301734569552,26,76.92307692307693,4.188478701051021,1.6488109708900187,16.916454247431982
C59_VOL_VOL,xgboost,3,0.5617352614015572,0.1249448112558556,0.6403162055335968,61.032910122413185,44,61.36363636363637,1.173278358576471,0.9998431441629224,13.383839879210921,29.262067468396268,17,52.94117647058824,1.664184898295409,0.808168056424976,12.329876030908325
C59_VOL_VOL,xgboost,4,0.5865628643939914,0.12942404759213855,0.6462585034013606,58.501493274028846,51,56.86274509803921,1.021141699290993,0.8594223295378791,23.845855608376436,-11.530291909397782,23,47.82608695652174,-0.46629738919767005,-0.2666504224276293,31.817714010137067
C59_VOL_VOL,xgboost,5,0.6211821877057928,0.2180490939650206,0.671280276816609,38.73958986410135,48,60.416666666666664,0.807563790279784,0.5610321200725267,24.33777019314854,-3.2698560713843907,13,53.84615384615385,-0.08538596469538835,-0.04123905389231927,27.55791054972073
C59_VOL_VOL,logistic_regression,1,0.5797259192420483,0.11196580413155761,0.5799256505576208,5.84498963348921,43,58.139534883720934,0.5015753154098563,0.21887619555457877,42.63466984581222,26.82044902621477,16,75.0,1.7405949164104433,0.5630601335786123,19.815369923842432
C59_VOL_VOL,logistic_regression,2,0.6014480997446298,0.11915234796331914,0.7407407407407407,46.682163189215174,15,66.66666666666666,2.7573701126159267,0.767182725581471,14.844091222151642,64.37743085663136,12,83.33333333333334,4.371090746963993,1.0480913147185777,10.812094661524023
C59_VOL_VOL,logistic_regression,3,0.4666780753543823,-0.09398310115948046,0.4838709677419355,-1.5812321458258085,59,50.847457627118644,0.052473240888158384,0.07844560147518079,35.541857061851054,-5.740226914348037,29,44.827586206896555,-0.095634788819406,-0.03741790746981533,27.440262096272743
C59_VOL_VOL,logistic_regression,4,0.4741580355305577,-0.08345009218005138,0.572139303482587,-4.676944466187692,48,43.75,0.0053792151044356265,0.002817017361769805,21.225294892581754,-34.63934091713366,27,37.03703703703704,-1.5134580664045933,-0.963090076499864,37.09982770248709
C59_VOL_VOL,logistic_regression,5,0.5794672661625452,0.08924708147718917,0.6503267973856209,67.05442649736169,68,57.35294117647059,0.8750501280711167,0.747647844677663,25.581992484265598,15.05007353344529,34,55.88235294117647,0.5025086977096563,0.34915748191040286,30.102588406798407
C60_FULL_GROUP_H,random_forest,1,0.5211425671103089,-0.03974666748620592,0.5142857142857142,-16.58959113658816,82,50.0,-0.027681241155681238,0.07671532279161432,66.74228857830197,19.794649843397753,35,60.0,0.717284877912654,0.36565347870827153,40.360777941042336
C60_FULL_GROUP_H,random_forest,2,0.5979450202794051,0.13014891325552944,0.8452380952380952,218.34177690578446,24,83.33333333333334,5.066803245630536,1.8609259980126982,10.81209466152401,185.78372775693657,21,85.71428571428571,5.25383388592077,1.8384379332104581,10.81209466152401
C60_FULL_GROUP_H,random_forest,3,0.6086021505376344,0.15206523825365081,0.6626506024096386,49.9878359167004,43,58.139534883720934,1.0258295617124917,0.8293516953345478,12.610241526083863,13.436488333891102,15,40.0,1.0032412680600764,0.4115367175950183,20.611111083733583
C60_FULL_GROUP_H,random_forest,4,0.5742706404188672,0.11294418226813624,0.657439446366782,57.64340888392648,54,57.407407407407405,0.9516884873255256,0.8371258412022846,22.709538596913017,-16.827201135018942,26,42.30769230769231,-0.6586088476055961,-0.38424053564562266,32.87760193171177
C60_FULL_GROUP_H,random_forest,5,0.6052552399118923,0.1626865710332672,0.6283783783783784,18.10569210858483,50,56.00000000000001,0.45545746882096216,0.342945203388703,26.296788356775757,26.593887940833795,18,66.66666666666666,1.410263474001974,0.7017858712732373,13.0211722765878
C60_FULL_GROUP_H,xgboost,1,0.4840739905256034,-0.04209667019258338,0.5151515151515151,-19.987758421195846,78,53.84615384615385,-0.07228441584200246,0.04486603452434162,66.84721412012308,13.536238618382137,31,61.29032258064516,0.6268695879200434,0.29309370483644265,40.50970734819011
C60_FULL_GROUP_H,xgboost,2,0.5520985428871864,0.10079077176339389,0.734375,143.50974471573542,35,74.28571428571429,2.696578745326854,1.3269686253678716,19.825017278234437,104.93839650809322,27,77.77777777777779,2.7983945679563265,1.2136712841184325,17.641195168863614
C60_FULL_GROUP_H,xgboost,3,0.5842788283277716,0.13484212825829509,0.6603053435114504,65.21148404083407,42,61.904761904761905,1.2755860023148895,1.0740653630547439,18.601999163860313,37.843247673692474,11,63.63636363636363,3.0886583370871876,1.1553066507719179,9.266241197499363
C60_FULL_GROUP_H,xgboost,4,0.5938964720945652,0.10761899637873412,0.6529209621993127,32.37629214376142,48,56.25,0.6997514777698892,0.5697476865780505,19.31352019639302,-18.971446548824403,24,45.83333333333333,-0.7908159577541818,-0.4691308245597093,32.29763804271827
C60_FULL_GROUP_H,xgboost,5,0.6162488362059177,0.21067680818160828,0.6666666666666666,44.36858220610005,55,63.63636363636363,0.7783961008289311,0.5984362309737171,23.54624181296647,1.3023555878069892,21,57.14285714285714,0.15985284461020233,0.09230559360808945,24.465006254892295
C60_FULL_GROUP_H,logistic_regression,1,0.5714752988946536,0.09599671800891184,0.592274678111588,-6.259231932261318,39,53.84615384615385,0.19898113765563227,0.11034587557316389,47.98978174898097,42.02477023129465,12,83.33333333333334,3.0938689066799574,0.9007485824394416,14.969756815171198
C60_FULL_GROUP_H,logistic_regression,2,0.5972840618897401,0.10578605769164658,0.7777777777777778,29.680252112722023,13,53.84615384615385,2.125189139329349,0.5430023864344943,16.05161891480251,39.33417473791476,12,58.333333333333336,2.879672464389749,0.6754848393440621,16.05161891480251
C60_FULL_GROUP_H,logistic_regression,3,0.46340378197997767,-0.07610180485181292,0.4926829268292683,0.6442315099957195,59,50.847457627118644,0.08450276636920054,0.10962050355038928,32.801867919606195,-8.532778594270741,30,40.0,-0.18711044904813837,-0.09481076474501296,28.988279782978903
C60_FULL_GROUP_H,logistic_regression,4,0.44944211994421207,-0.10813513727599079,0.5274261603375527,11.191539884071506,53,47.16981132075472,0.3028390636488388,0.2623270224248467,20.965908491572357,-20.990755100560595,33,39.39393939393939,-0.637460649903765,-0.3964987230130738,30.921937220277336
C60_FULL_GROUP_H,logistic_regression,5,0.5655925698844153,0.0756563290170085,0.6228070175438597,101.06439880304472,69,57.971014492753625,1.1562915038555253,0.9716933727731377,27.818256301318268,34.6122098291046,31,51.61290322580645,1.1291433489762697,0.6732105007696246,31.372799879379578
C61_PRUNED_H,random_forest,1,0.5174420567056706,-0.08316196160488298,0.5064432989690721,-33.24529395110832,83,48.19277108433735,-0.22705378166272605,-0.08267064595025778,67.07955198212528,-1.7590685069636964,35,60.0,0.14313131014463554,0.07785524582448265,44.64136471886594
C61_PRUNED_H,random_forest,2,0.5899831795952327,0.13489120813939304,0.7407407407407407,234.45140972197592,49,61.224489795918366,2.6531102681960914,1.5047740573639177,16.05161891480251,193.77323140795517,39,61.53846153846154,2.987399868071668,1.4580820558754635,23.951261234242416
C61_PRUNED_H,random_forest,3,0.6113002525037592,0.16536207566607386,0.6426229508196721,16.083040342459263,53,56.60377358490566,0.3800043770987156,0.33741952218110777,22.562237859416435,-12.423918571529939,23,39.130434782608695,-0.44032458913461175,-0.25424507913604827,26.093253423052737
C61_PRUNED_H,random_forest,4,0.5938964720945653,0.1479037279945417,0.6578073089700996,55.54785383790149,52,53.84615384615385,0.9504159563539665,0.8126560308573337,23.41576997174028,-11.45812207580448,26,46.15384615384615,-0.3926346615215228,-0.23036629461002311,32.73775985248658
C61_PRUNED_H,random_forest,5,0.6102482003769557,0.17451033142357386,0.6491228070175439,47.640206634389,57,57.89473684210527,0.8201168374581241,0.6270802988799824,26.296788356775753,17.263878732437384,19,68.42105263157895,0.9572454630771348,0.4742941064737889,17.91484453120496
C61_PRUNED_H,xgboost,1,0.4930524302430243,-0.09538608207275182,0.5026954177897575,-19.64386091637997,81,49.382716049382715,0.0058916626365166005,0.04936828896685233,68.54080724625203,10.505468726506734,33,60.60606060606061,0.5324114354014189,0.24911111816687087,47.13162602800117
C61_PRUNED_H,xgboost,2,0.5681585547620901,0.10365833343412556,0.6982456140350877,129.3301180491637,53,62.264150943396224,1.7401562796911907,1.0530583221159842,30.015267675628422,169.43616403308377,41,68.29268292682927,2.6021746245543746,1.3378566556902922,16.05161891480251
C61_PRUNED_H,xgboost,3,0.5576815048089199,0.09504021254069689,0.6227544910179641,31.16374444755187,55,50.90909090909091,0.5931948973507883,0.5219638676490612,21.425334256301024,-1.5538928224897537,24,41.66666666666667,0.05288252268856389,0.03179119220636344,20.075403407394603
C61_PRUNED_H,xgboost,4,0.5797208313327389,0.10880660873402012,0.625,32.70128854982048,56,48.214285714285715,0.6056748096312822,0.5419110226177076,24.20753906002058,-18.606398920640917,30,46.666666666666664,-0.6040317203390181,-0.38537618871644985,35.234877067866535
C61_PRUNED_H,xgboost,5,0.6037934010037014,0.17791144299492012,0.6596385542168675,28.658770160492857,52,61.53846153846154,0.5910558935605661,0.44453159983657936,26.314040470244322,-0.13385341375796997,20,50.0,0.06921791905646114,0.05683537567636785,22.15910800108334
C61_PRUNED_H,logistic_regression,1,0.557262601260126,0.08128203504892112,0.5762195121951219,-2.2546112959858293,56,53.57142857142857,0.30547365074356003,0.16580376239634737,48.01035770764866,55.64465539023862,15,80.0,3.1064068898531283,1.0624611818627592,14.96975681517119
C61_PRUNED_H,logistic_regression,2,0.5802441053759451,0.148582836446226,0.7819548872180451,174.8724980420369,33,75.75757575757575,3.2639604326681853,1.3991188475443195,16.05161891480251,174.8724980420369,33,75.75757575757575,3.2639604326681853,1.3991188475443195,16.05161891480251
C61_PRUNED_H,logistic_regression,3,0.45164127443470364,-0.044036792301037304,0.5071428571428571,23.47296018562242,64,48.4375,0.43612452264244206,0.4034119048816497,29.590833277532525,-8.009455140895007,40,35.0,-0.0823845948405108,-0.060435493573569955,32.538178034453615
C61_PRUNED_H,logistic_regression,4,0.5010174451837117,-0.04961681690762242,0.594306049822064,56.95838286927104,57,63.1578947368421,0.8908902635947396,0.8021029929005462,17.755665219097526,-3.343973143866213,36,58.333333333333336,-0.01030993122494171,0.008435517380016775,30.591652368070456
C61_PRUNED_H,logistic_regression,5,0.5472670708722212,0.044782464995456066,0.58994708994709,74.08671469125801,67,56.71641791044776,0.9710094864558927,0.7954161332421124,28.201637155518583,49.04204164812653,32,50.0,1.403951567601105,0.8617119816773258,27.921323306231592
