sim_seed,mean_cum_return_pct,mean_sharpe,mean_sortino
0,80.88160795856926,0.7860944947199358,1.02829315847625
1,50.045948221291724,0.6569147088666398,0.7606535383510289
2,40.74608722450979,0.5707171486436982,0.6667534006533351
3,46.69585105205412,0.587919190825984,0.7457790542961366
4,24.285144013907107,0.3897533629011064,0.48653974994609933
5,61.63749469951635,0.7388670367391652,0.9288295193186806
6,33.11751931527739,0.2855204119108443,0.38480575497687697
7,53.77315059148257,0.6822107059152266,0.8805617771419177
8,18.267837880928514,0.2942715797774031,0.3741197516157433
9,77.8842965437176,0.8191589954750513,1.1028339816111026
10,61.48381302517307,0.686072364123248,0.8319299202432446
11,40.99733281419325,0.5244472346921768,0.6649705097748676
12,26.981707533682727,0.28936513704207834,0.364410336681975
13,22.90442627188056,0.35080797717606604,0.42274460182947066
14,30.37057459820985,0.4759789321728457,0.5824770402548431
15,29.479695707299033,0.42295407099762905,0.5196662010609209
16,60.25940832181542,0.7321217096186462,0.9047145758166024
17,3.435942000596751,0.11755166550234886,0.1545671119568012
18,41.63267695197398,0.524581981878856,0.6493313817458576
19,31.9541787917123,0.3991795793310355,0.51669405848191
20,83.96831028572076,0.7898103098956609,0.9813593911549556
21,46.06297928200401,0.5433366900013372,0.7136725413730547
22,79.64201846011936,0.6552461305925347,0.9243397601207546
23,35.328366866788635,0.46424748641366975,0.5968245595747431
24,24.8591931726328,0.373387837230626,0.4675902986278347
25,51.823154253346466,0.6116869434635069,0.8249086271362222
26,49.12439638764673,0.6210384188531177,0.7635332881131031
27,26.80473707289081,0.398349365915613,0.4946459786852907
28,42.60808746854337,0.5556146884507618,0.7080095568625405
29,78.7961830771464,0.6269693560836924,0.8378370012874734
30,23.270761629850988,0.35325573913234015,0.43522267089591704
31,46.06789603902896,0.43032094747412347,0.5862540652146064
32,14.025643306582413,0.2621448253221659,0.33262941604453344
33,47.6986484186714,0.47656627852505123,0.6200411965859838
34,65.50094237532952,0.6402708339517316,0.8480788762952411
35,36.15453950294175,0.48080273605848445,0.575254492160208
36,63.04224603167952,0.6580628059488418,0.8060280264521182
37,-2.4981857370883516,0.08860067120527135,0.1140761972907998
38,37.06325335438675,0.44745517543633906,0.5759482089440673
39,56.9952235867348,0.7209202646662862,0.8613672327102624
40,38.657559799571814,0.5159747007924267,0.6504849173856344
41,36.03581615724069,0.528174734352738,0.7097822114483061
42,34.74965370473441,0.40543028881794163,0.5228580773750262
43,47.9760409975955,0.6231533679565214,0.7757543829326607
44,21.033457465920176,0.36684155011640374,0.45359825023788136
45,47.879079642935096,0.5637364947210355,0.7272069364570898
46,70.52608033773647,0.6422510622478138,0.8287280604558303
47,36.145587096983164,0.43459224764758364,0.5633019878437645
48,49.25423135819513,0.5008813143398545,0.6695251171791992
49,81.90743542923376,0.7799691368233546,1.023115602478907
50,52.991620515309606,0.5103606172493036,0.6734024497467138
51,53.58223376562669,0.5938412112642377,0.7825542221939941
52,67.09671582754913,0.7452382621366966,0.9003371799686681
53,32.994551692485956,0.4905630321232429,0.6209223490325405
54,57.128858004572905,0.661942306470878,0.8027344850933188
55,73.48942514817654,0.6212950057086032,0.8257566355022566
56,96.55035889289198,0.7497735797727143,1.0718791770224125
57,33.944146924603345,0.4525269182016111,0.5683907791390956
58,65.59622116655964,0.6676431061054767,0.8597939750363629
59,140.3143369487389,0.9378779699711174,1.2869726655090812
60,40.15178452412481,0.5254819121361057,0.6609329156286063
61,32.08437965303394,0.5091531454713637,0.6254244641010012
62,36.446142086491605,0.48163782478121214,0.6041340895823148
63,54.852339550416694,0.5212518681555004,0.6877841004247923
64,51.038106836160026,0.5104393567064677,0.6977394519340544
65,60.55851768146037,0.6616195295459333,0.8282229516823764
66,51.883012181890436,0.5259943285520372,0.7255766944542935
67,34.79907992422909,0.4291444414763642,0.5463028309426781
68,72.8825853717658,0.7659318596560759,0.9868914396641728
69,54.86428468113316,0.6994373107063698,0.8938830610016799
70,60.47964270906918,0.6336326191288137,0.8154134232932615
71,70.79387356763637,0.6864787628958826,0.9005256821932001
72,37.595463078586775,0.3720295352795905,0.4930327772878382
73,49.34367057493936,0.5228350999987228,0.648658633285925
74,61.94309933082307,0.6987864597990362,0.8664800405880062
75,51.553464401003986,0.6840696809659779,0.8333351866783195
76,66.16598098132604,0.6906709680354638,0.9042155349020959
77,36.21010660356232,0.5403311320238698,0.616926945296044
78,36.2544508343672,0.4033503988837327,0.5329982795099412
79,32.57892716753577,0.3584003993680255,0.4500159487635195
80,51.13774957069627,0.4706318178379466,0.5604503004260216
81,55.55142677268136,0.5037699860491927,0.7102590930645577
82,50.87708739763974,0.5490968433765959,0.6840590932805038
83,72.84199578438287,0.6688137533087033,0.8741223509669602
84,31.641349295054845,0.3739518617084083,0.49992279555245667
85,29.630136038184098,0.39075518447819,0.4928604375725939
86,62.21630532918341,0.5951035373942106,0.8117254978550156
87,67.93137989703698,0.7133869011067299,0.9793265161013501
88,17.455911529284464,0.3060501468994925,0.3761619217111904
89,47.7079442196516,0.5620683294785287,0.7058047605354829
90,71.29099217977773,0.6452403563063419,0.8228969448105682
91,46.825201974174945,0.6117364659357487,0.7084945697565941
92,38.91883300858067,0.37419065486739783,0.4878870265105541
93,53.420998315023965,0.646664885863934,0.8053395885315903
94,30.570351515039864,0.42083938929882664,0.5573162037573691
95,34.826110370308825,0.4215370435617715,0.5389453993004238
96,70.5626296665017,0.6251187821688753,0.8474636080603537
97,36.30814419798789,0.4698163891182725,0.5751918245147312
98,27.53194632585023,0.20873314468357,0.2975853572487507
99,55.257832528225684,0.5899032706720299,0.7502017624548657
100,46.99308601301398,0.6357530525125463,0.7638960659810822
101,63.120350410462585,0.6916148227778623,0.8795509414451665
102,41.45490738264259,0.4802297514958217,0.6105923404213189
103,61.64994685162033,0.712226695755261,0.9153586904223283
104,52.7208675325666,0.585455793375633,0.7064460709092029
105,33.37687395676987,0.408334661020501,0.5708799775570134
106,29.178385538036604,0.3605170405359285,0.4767688746777736
107,29.39637677395878,0.31296366352675087,0.45342972077167004
108,53.75679963604661,0.7131029718298464,0.8760957843927386
109,67.16871853431759,0.5744747798613672,0.8043903959889407
110,27.599435560454644,0.3799991868122752,0.484434008610198
111,56.15737723724876,0.544066063388392,0.707196483674144
112,62.44063157292644,0.6972601186220944,0.8412337621831026
113,52.79842383255318,0.6919211253625541,0.8362531199041843
114,70.07819792069833,0.6913407411577711,0.938832114487987
115,43.392592163706944,0.5042608317528056,0.6678417104851109
116,36.77196736036182,0.48934208815002805,0.6150959597393991
117,28.59682113529285,0.2833792118958255,0.3857065193341297
118,35.18751842379183,0.4591276237029784,0.5590412775599617
119,52.56762107666134,0.6066260990470373,0.7748141155890126
120,25.830819183494754,0.32249265069304756,0.4453656362782078
121,62.74874610453753,0.6288755338565954,0.8126008591975994
122,68.03766552228544,0.6308630218829073,0.8317376644643744
123,71.37430383931664,0.6510594975341408,0.953695360462199
124,8.235207751139132,0.13463771323388796,0.20718601311925608
125,41.80298983098587,0.5579927330811258,0.6966832907475087
126,63.4708861327661,0.6779764646390032,0.8770825937543956
127,36.46766694040548,0.4168060023321547,0.5395508867862295
128,63.891094896137076,0.700508171162701,0.8626341494691756
129,49.33333723202392,0.4873343515631853,0.6395304534112538
130,36.21476551407353,0.4376805698477182,0.5556863922700399
131,39.82486945386721,0.4343752665109103,0.5452097316372411
132,58.59357424012493,0.6067098950532408,0.8048516299957763
133,53.64979512529188,0.5901655660272459,0.7565733426494485
134,21.984357974799043,0.26892985324138097,0.37049053768942897
135,82.51946984597325,0.660310603780662,0.9035095179522475
136,40.52718006979823,0.5450298334889785,0.6547730874240815
137,40.721945168616294,0.48649037997653755,0.6050196381324746
138,47.27338924246977,0.5200239188091226,0.640574241805657
139,68.1149723162157,0.6827757894023929,0.8747377422333343
140,38.64142437725903,0.4896595711772623,0.6039198233675525
141,42.025876938835786,0.5638974776182778,0.7238102389017931
142,31.850707501295233,0.3422916891355919,0.4813259596048141
143,68.78546397269017,0.7104542085372416,0.8844626434792249
144,-0.23350695857646214,0.07325684292155552,0.10320428876367846
145,77.63452992043709,0.7547395119879685,0.9727942845480714
146,35.95955270521459,0.5326772509416255,0.6229622515060205
147,25.13799689031718,0.3217282106515911,0.4151307270607716
148,48.788105863577066,0.4939065432312349,0.6148826048165273
149,66.53104946279245,0.6715019560920787,0.8352725459251381
150,63.22531187277541,0.534448355600398,0.7565212117655226
151,56.19477799619657,0.6062724888271391,0.7842897433556022
152,55.01140709717824,0.609568195967532,0.7718416369503345
153,44.23230093382679,0.4365367423057398,0.6075967125049362
154,71.4874006111121,0.5684521067951968,0.7663207321297254
155,22.878646440583843,0.3785726529874538,0.43861604581902747
156,49.88456866640588,0.6095502699563362,0.7709795929572029
157,48.20231109053182,0.5960384345686143,0.7309190622003625
158,48.80814815855589,0.5778150999729046,0.740951413035583
159,40.803736706788335,0.3487218664808014,0.5271011233145864
160,50.857699153349195,0.5120420578728128,0.6331531135285905
161,40.53139541482295,0.51313045265131,0.6557054242178404
162,38.192874261778165,0.4529964479249891,0.5394382982408726
163,43.04120330822899,0.5561787184623965,0.7375196859154771
164,41.474802835320006,0.5916503817499734,0.7274374777453811
165,51.93908695818677,0.6404005172797776,0.8284805115924542
166,56.550273963216625,0.6261561263228257,0.816294642774605
167,16.924414241177782,0.29763243674525247,0.35024255659804726
168,35.73850088242217,0.5053752591501083,0.6329426446239412
169,76.27552421105818,0.8483933165423888,1.0629827590733432
170,56.61605037145607,0.5561923318206964,0.7245027597006645
171,50.88394020286153,0.6567318378262417,0.8212256213639954
172,49.154550842102786,0.581209421260611,0.7312029679807008
173,83.3313692062097,0.7854524612110779,1.028479485071371
174,38.739868136843704,0.503589086695239,0.6346376810108749
175,46.32680867556349,0.45602568846388447,0.5894505743056271
176,46.49199966831075,0.6190452782076489,0.7697553039362708
177,49.02055773647096,0.5381407291399777,0.7201040674015182
178,36.28861071166277,0.5454445352055883,0.6743819706263348
179,40.25607190189358,0.43217679291379607,0.6085038916386755
180,49.66615518449712,0.5362690708048248,0.7065557241398325
181,38.61876443985547,0.4778364497836153,0.6242813963107504
182,36.08942360434058,0.4990596697556535,0.593039354436219
183,25.215471193724717,0.3437301607040676,0.44013689346869034
184,53.30515646165461,0.6472758482450462,0.8180577228590862
185,65.14983349342613,0.6394390527903159,0.8429282444395995
186,13.823263103642512,0.1648236269142439,0.24502416406074873
187,84.82211921422757,0.5543970431495745,0.71116353878193
188,54.374848961279824,0.6653723748452218,0.8487593923712723
189,57.80133029394119,0.511542411515949,0.7026556887978672
190,55.13516645513596,0.6099397066352299,0.7920351954682319
191,55.22244190150241,0.6699288666093631,0.8465947905913118
192,40.21588364462258,0.5104986391493533,0.6462386719680837
193,42.47905167545992,0.5552488950461225,0.7005471668054426
194,31.359414282039733,0.45186838220106545,0.5542883027992268
195,42.90228473106152,0.5557393225420643,0.6806305834174028
196,16.56719900324699,0.2841081539181037,0.35682149604613433
197,48.43314994746641,0.48463596065731185,0.638635253852364
198,43.30957872501426,0.5328088913701453,0.6697231297315099
199,22.091948503359365,0.3543782906606131,0.4421262746167919
200,49.92047178499548,0.5367191140020335,0.7135782242944835
201,33.28553741258075,0.4760774129047342,0.5852325230353339
202,51.37745054916189,0.6812505587411506,0.8174275204897586
203,41.66019397846007,0.5613958731275857,0.6953553673346835
204,38.40149839329104,0.509083292195886,0.6209085759970603
205,60.32728817258061,0.6311436097785285,0.8034651864020852
206,9.642201996570646,0.20206547498295246,0.2656556424962701
207,27.973343177365432,0.38106909721784954,0.5105255152552741
208,55.821307296912565,0.5564158938861179,0.7176764032117575
209,45.35191301484695,0.5380664427352586,0.6787794396417342
210,57.269886871484076,0.6844877971040365,0.8296622436415475
211,44.24932205786494,0.43535367987693274,0.6408454193411999
212,35.395097924255275,0.5062088434996341,0.6200034694472256
213,39.25835068315242,0.42831594146228086,0.5525908450407875
214,57.82929439260054,0.5770205347631532,0.7401974369393715
215,76.93390618496645,0.6058529781259081,0.8347218457054234
216,23.6142263466782,0.26686463950386863,0.35922296299795836
217,45.54986828993412,0.6200917613844332,0.7454226207259489
218,26.413010121447947,0.30567400360979524,0.38197839661278493
219,40.68627496840803,0.5614651768149753,0.6694354054877533
220,29.213169836476588,0.43143223445489143,0.5475673524208087
221,65.2531677642491,0.6666312902172661,0.8332071023773846
222,26.733440880344904,0.4326483268862373,0.5091155926588605
223,60.712699609862284,0.7490483947819835,0.9592721510759915
224,78.46357104876728,0.7710113796009722,1.0473870515059518
225,57.61822645846178,0.5860812710441633,0.7727071455858252
226,66.69696598780322,0.6576734811825047,0.8721299087977664
227,45.84544357299831,0.6269708951949285,0.8102920990195723
228,51.933451842790205,0.5707389394377889,0.7478444331036416
229,26.678655193136755,0.3604604404612577,0.46721988840451295
230,36.82578292601939,0.5433114169012001,0.665457979723096
231,23.342189009274115,0.36220842804042,0.44448244198794706
232,27.5368439101886,0.42320676704023297,0.516526889994118
233,76.1793590897818,0.7840861590132943,0.995007767695145
234,82.24408676105622,0.675610488673551,0.924921465024722
235,31.575982585534565,0.42101032337300986,0.49263413013472973
236,-0.020868854730252906,0.04889201354075036,0.0840681665024276
237,39.993650038518425,0.46380394749815934,0.5855786858630692
238,55.495149610867244,0.5978513881500109,0.7367095477787273
239,34.72089892475633,0.4116622286751877,0.5341436124766201
240,69.41501036415403,0.6959835321231631,0.8665156753177543
241,35.670253374506956,0.5043567430203778,0.6375113391808103
242,50.02389749524865,0.4862009154953846,0.638077431943078
243,33.01371133662028,0.44309455903489264,0.5815262973522487
244,52.250365177911604,0.45712869171734216,0.6294567350018385
245,51.21078861266521,0.4881146061258588,0.6278134846276574
246,39.935649174493356,0.5390974590530683,0.6846085149206332
247,76.26292704183106,0.7279441574054168,0.9442932098572182
248,31.572579436563426,0.41463520444149704,0.5050072846439706
249,19.126718402202826,0.3368346608158463,0.4096980293277047
250,25.533129095723893,0.3769822945832991,0.4734899641454776
251,52.79186761895475,0.63324366481708,0.8249626290403823
252,44.32478469861663,0.5550780154987465,0.7034915360325554
253,82.12699197190454,0.8054585854975984,0.9838276004240599
254,54.11105358297635,0.4844177317218866,0.6281506671382548
255,24.861918385624918,0.37801660457620395,0.4814982395994801
256,46.21433585777157,0.4897242634597184,0.6383874049663906
257,33.19080672803572,0.34816863903362705,0.4464355453386246
258,36.42939848549974,0.4800184866801557,0.6079340760258825
259,55.00861083786434,0.5527516768823861,0.7408472378935732
260,49.25412441309702,0.5344146317017302,0.7038609096781338
261,56.53494142741132,0.5428473950176156,0.7174481147913934
262,2.1381596787624906,0.1497604840000562,0.1814078309035911
263,36.743782342813084,0.5504245992859388,0.659218147336708
264,62.54816580774084,0.6736841809085241,0.8875810547044894
265,46.783689240973494,0.5776343624810494,0.6828979089554057
266,37.575205494952584,0.5340089481512158,0.6553908632221288
267,42.91593676260677,0.40400251889855127,0.5866030633022372
268,42.00468456804804,0.5109422653663723,0.658090785811788
269,37.344660951408095,0.5001209845419179,0.6243654479323985
270,34.28483322855479,0.41075914288530324,0.5427782858134165
271,37.15418435907638,0.5196842823991841,0.6601145762293548
272,24.725267218227067,0.40815950742020374,0.5113156229929486
273,53.16951656933169,0.6292548920108033,0.8315205322386824
274,44.83384138596716,0.5090144840920552,0.668314432817301
275,36.589231770761984,0.40905770412758213,0.5609509145145075
276,40.030734835534155,0.5050740636047407,0.679819734856004
277,31.516019835954797,0.4818862463578973,0.5635561242052411
278,65.82805438625613,0.743573420585725,0.884076068223
279,26.66595966243663,0.4008909773636574,0.5160596969093129
280,33.86239217967949,0.4373415312199892,0.6018682499003927
281,51.090477885829515,0.5744281763216549,0.7281046595571903
282,38.26485968942277,0.4475421786343655,0.5577916833288339
283,71.0425788957183,0.8344509770681292,1.0305679942319759
284,61.45512242541996,0.6735945080467354,0.8252667196973018
285,39.854554462509334,0.5191456067518577,0.6527584547221001
286,28.42201890173114,0.3117180946856209,0.4148031368956235
287,33.31570925674079,0.5139288045518668,0.6419294257340626
288,28.201623371728726,0.4071676209646439,0.4974617581191649
289,66.44592665941691,0.6335127926664065,0.8051287810299467
290,14.282202759399292,0.22150858031006168,0.2781890060314302
291,61.68287692539083,0.7816532317660905,0.9874690403836631
292,50.749629752248254,0.48318054019089657,0.6665102833795132
293,29.014193155470963,0.44224495709804285,0.564835068192746
294,58.61207951949611,0.6603430669942745,0.8481228579761598
295,72.05992401675752,0.7792353808957737,0.9953039911452258
296,78.53080947188455,0.8489922191708636,1.1511723837019807
297,72.0642705045021,0.7880439453695642,1.0295106147820194
298,71.70492579913845,0.6896806650892853,0.8710890874452142
299,27.702107927396167,0.38902855145660264,0.4727104901163656
300,44.73545135906134,0.5081386087888516,0.6385097423496074
301,46.04967556510293,0.45046693181793057,0.574111485995975
302,21.496846644134706,0.37603055974863586,0.44621759885593315
303,17.59445381542988,0.2401887959368786,0.3042828456478329
304,84.50868012866493,0.578270183775119,0.7670366954424543
305,30.053515214911283,0.4678985966580531,0.551187809275966
306,45.834907065634866,0.5188814713670381,0.6526953715012407
307,40.133932394306996,0.5590217832255783,0.6931560737819917
308,46.9375170795308,0.484308908566374,0.6310150140883112
309,21.065189215210193,0.2735959060631443,0.3373436965885892
310,71.6009910305045,0.6607764047759984,0.8423528481777399
311,24.568844692808874,0.3710448086551993,0.46851165405831896
312,48.094468205180064,0.568292941080788,0.7438059833450991
313,49.100068281876624,0.6490761871255104,0.7832079314861291
314,26.911125992934625,0.4281895963124736,0.526068444782102
315,10.936607641135502,0.24832307552064808,0.3053265884926405
316,19.093728112407643,0.3301506467848748,0.3898874704412775
317,45.72083625299856,0.568293321331621,0.7310533744450851
318,2.063832666628445,0.1151617136310595,0.1554529150069809
319,63.25761824848696,0.6847665867996293,0.8827550633245081
320,38.3571208855931,0.45766879059611576,0.5910464825532297
321,37.69420437036315,0.4533231103537723,0.614683627279206
322,35.366063568208645,0.5280440043479722,0.6572286257035043
323,36.06109802376498,0.33830288687081517,0.44144985148954713
324,51.934771218391646,0.4469197603903828,0.5652913881939442
325,37.5699876251371,0.4054720794109789,0.5140999363140654
326,53.83059883996128,0.5878976048892876,0.7842189418455975
327,44.18162954403026,0.360150042213113,0.4893962326238902
328,34.40595987985044,0.3819739423362254,0.5119906025873019
329,75.86724428254425,0.7613628195914027,0.9879815346598713
330,38.82009540808502,0.5363242340831172,0.6609500912581863
331,42.90571934489672,0.4844450287537356,0.6385322523980603
332,44.4068786133292,0.6127866695686656,0.7932879309876726
333,39.99993776238152,0.4716553365243801,0.5712599566439894
334,55.97678129344539,0.650598676237041,0.8206519880036716
335,56.41045613141664,0.6238289868666198,0.799727892092408
336,28.12030499650591,0.41997304978777583,0.5375595966391832
337,57.51439319548983,0.6099550350343889,0.7483256587893472
338,61.76802345486588,0.6960739552341895,0.8761102992994223
339,51.284960634363735,0.6841785071771496,0.8356791892139516
340,29.818467531759836,0.39835791407255916,0.5018733970975282
341,68.58423211314019,0.6070971687716074,0.798164808289288
342,47.39661306949591,0.6297814960015787,0.7793322703336366
343,52.7722045929351,0.5257899318856618,0.6820142582953256
344,33.13997247267041,0.42238760630204564,0.5679360766427952
345,48.228684748666,0.5216859843917644,0.6784868076623936
346,75.9403108304435,0.6486548447652083,0.8486746595688794
347,48.148288639140006,0.6408883317251782,0.792940741630787
348,39.303301796434525,0.4683394484766428,0.6116861547058383
349,61.461684341639774,0.6053266852378237,0.7629477449709832
350,62.59416511410242,0.6823854505664275,0.8337926661533303
351,55.55723588706695,0.6984249137652405,0.8595320439399622
352,37.60170564259499,0.3613872501000518,0.46799278895479135
353,14.599627158486552,0.2797209847174014,0.34162003265343965
354,82.50989169758918,0.7795185998611694,0.9844582142223214
355,45.562637602634204,0.5437411249395006,0.7096472187726954
356,62.692056964396485,0.6402852145767193,0.8503050896292121
357,28.224547443768266,0.3379621193034378,0.43178550768045315
358,35.137209438062136,0.477262904481696,0.5819216009427809
359,78.05915682645798,0.7220637397424142,0.9143961119417672
360,23.505027723424377,0.324187263166093,0.41344423811175285
361,83.40460978785032,0.8305483617509438,1.0533281052542507
362,29.7671861908376,0.46529443216527405,0.5548251097006871
363,81.62027498609552,0.7565105083492808,1.0179325496002978
364,74.0603616634024,0.6810111941720949,0.8926595445006201
365,48.84648129429435,0.491003262615069,0.6205339051759489
366,56.65363270026783,0.5724973867726186,0.7087126148719383
367,53.68251868199438,0.6628552769186815,0.8375706648487476
368,46.31961436629068,0.5598911180327082,0.7517050349173966
369,56.01190235187464,0.5569200362466133,0.7478309058687305
370,47.13551361396554,0.5563399854154507,0.6852050186746671
371,37.62637474434247,0.4789360870841913,0.6253760336232235
372,29.791782089695584,0.42177133056671023,0.5168184075133173
373,17.839127223412568,0.2649233452770256,0.33163992527834224
374,30.76224921995536,0.46158981896683615,0.57822900944697
375,20.763810046390347,0.3454657719236233,0.4389054996964893
376,35.626682621032884,0.50094919321331,0.5945389941986884
377,28.25262847954993,0.4569731709549786,0.5683274804896039
378,43.885005742020184,0.5780375824086796,0.7058725893734186
379,64.63333412080279,0.6949238474942813,0.9390080399395098
380,62.30304362167042,0.6558846392308066,0.8076211385210084
381,79.58349002646182,0.8496263276835994,1.0476166383992351
382,53.999079408346574,0.4641840428800066,0.6226523434786387
383,25.573812130540567,0.39064522362211995,0.4764976998361103
384,56.605817314980435,0.5635761877393769,0.7586660306490501
385,37.843481732162196,0.4686434458717807,0.5756349219614021
386,46.25498883191124,0.5010983990692564,0.6401437640477662
387,50.063722363504695,0.546666408725921,0.6999246438917825
388,61.27131856948944,0.6730171588612741,0.8592901421534979
389,40.93577905407021,0.4390331979936312,0.5669640906775892
390,47.05669098553007,0.46645104197192594,0.6034015668506595
391,63.26122269057161,0.7431446022161764,0.9495727973698791
392,34.425052411795875,0.42610297885612214,0.5884830283553645
393,45.559283301404754,0.6066273343800631,0.7382118689197374
394,46.14194326579237,0.6168402580594576,0.7675574153627133
395,54.76228218584354,0.6004537499171058,0.7679767805121216
396,33.83497622804163,0.498092022300455,0.6132985651187106
397,33.6184210479561,0.4852230376877108,0.6023016778796302
398,51.70012994806681,0.5355425309516492,0.6694126642716546
399,39.310247891433875,0.44684893661963654,0.6056301457456098
400,45.96138957639884,0.527145479214636,0.6999746134213141
401,14.94160415868024,0.30009653885821486,0.33747792389698683
402,39.074959149486986,0.4222000921523243,0.5900462623722298
403,14.783233964232185,0.22748757994944951,0.28783240245348163
404,47.69069540723842,0.6569303306333524,0.8100513510643689
405,24.704857639054403,0.39291751045059586,0.4796267229490249
406,25.471686952609645,0.37419740163690807,0.4816015610485139
407,58.196011079834236,0.6768208477245061,0.871716552275595
408,29.373123911404843,0.28468087339129655,0.3852699880897545
409,38.8694264911569,0.5481046894479293,0.6567032202247869
410,31.583390418957652,0.4451478075390787,0.5718180736672154
411,78.68224715177749,0.810400113812982,0.9770495907578549
412,33.315320290747515,0.432603495198644,0.5675956086222604
413,56.0831127726676,0.6657255618541089,0.8133364514207935
414,52.77688210011267,0.46485498527736346,0.6107270439773202
415,78.34974455002563,0.622942052998434,0.8361064645148903
416,84.38101540304982,0.8073625176568496,1.018507850987909
417,52.47828822843443,0.5515101155276693,0.6907592130791229
418,52.55990485940057,0.6383351742585572,0.8151228019089111
419,32.529381720656275,0.49455832689000145,0.6080091236681253
420,30.679535049683828,0.41790195593095286,0.5398597746597604
421,110.55824026957967,0.8633277412614184,1.1080676016451714
422,43.25035581741194,0.5548537144085437,0.7203783565767733
423,28.855263319904907,0.4350843452667587,0.54807570701746
424,50.47982118160603,0.4555483332095146,0.6010219060841282
425,87.48535988505365,0.7821382706310083,1.018543381125915
426,55.6207057464138,0.7238284089812286,0.9170888852586572
427,32.76881452439387,0.3497441824256195,0.464776740537573
428,65.3056911182164,0.7449440435541529,0.9341155342871975
429,60.3725354323966,0.5668759723350155,0.7383736915579384
430,58.11860075243076,0.5401204528538802,0.7365857930308735
431,30.06596907457942,0.4057257043045145,0.5009899428676287
432,57.52538848812863,0.5927946776699267,0.8287347097982947
433,25.83467138982079,0.3696991179264676,0.4737529892008145
434,27.00942194959432,0.29561616665516527,0.4009735275612831
435,49.28641511187758,0.6046965339547212,0.771151830785481
436,33.858170869561704,0.432862862475157,0.548779349525462
437,25.889205064693112,0.4224863864880506,0.5262040668063286
438,44.41486228294385,0.48472785403592666,0.6386552339447622
439,47.948864107246756,0.6227466079486816,0.8238650745994457
440,64.10861112407824,0.7410811292986503,0.9030800711126001
441,72.66779735574505,0.7091389352142501,0.893581025493001
442,42.31710840297694,0.4581491904944717,0.6139657622337854
443,71.74899592993728,0.6472889544474472,0.817457074832794
444,29.74152193194348,0.32273977172206336,0.4418099737974755
445,46.47858608112786,0.6065705933559791,0.7449694311792836
446,15.168322911279315,0.2970080462242185,0.35542028287164096
447,43.233733482649924,0.4635176033559218,0.5981780831416265
448,45.91257111645533,0.580364870875044,0.6932039856145031
449,37.942240828843254,0.44060499816456644,0.5826406811669167
450,40.79230108759353,0.4937523429771142,0.7040430326888937
451,53.57059262364494,0.6555038829306531,0.8596635081624333
452,49.01491341326887,0.5795248880888471,0.7525277936198591
453,42.41429144710102,0.39567739089724047,0.4935583814757919
454,69.93983913666847,0.642238369639513,0.8530419499943378
455,33.84569175506181,0.48786299940501754,0.6143187353151369
456,23.456762035734837,0.300709563941083,0.38324585052960536
457,47.28283473056147,0.6399934994557683,0.7811522763729037
458,10.781665703817797,0.18858039579390795,0.2580591500744695
459,38.557218554802844,0.5317710921059974,0.6935315385186004
460,49.59119445625298,0.5997485876396415,0.7700976080949975
461,35.40129405386548,0.43199966090751885,0.5469323241053012
462,14.332821980662919,0.2883789342433124,0.3536362086522038
463,56.08719423405633,0.6590433609023373,0.8225428308526549
464,38.24697304400236,0.449675156765373,0.5944907902695447
465,53.58939143362477,0.6203743398778778,0.8067372166464445
466,30.0542556974726,0.34655150859225436,0.46840753847959754
467,48.66169605039696,0.5459629393211918,0.6991053431590093
468,72.7185302917462,0.8137566506204251,1.0234872243773636
469,32.24278100642693,0.3229227483841717,0.4181527516338225
470,23.701013890906474,0.33250611704973354,0.39720014746482557
471,38.49446839350774,0.47108429012545433,0.5801534082251567
472,46.549204717077274,0.4851321304344167,0.6463104857311499
473,31.92846467387966,0.33274693796925364,0.460705767341483
474,62.54261351110406,0.7023785015569073,0.88017934514822
475,33.705531411561104,0.41488498471082397,0.5262729961422281
476,23.389815829819728,0.3950043772188778,0.5051058656589237
477,85.76879514864956,0.7768553465675214,1.0064594542687442
478,36.17712515439955,0.49994564966637833,0.5883781959922189
479,47.32633741020693,0.6015960256695301,0.7408430480259616
480,48.38864400475774,0.6015625727999686,0.7698511676523735
481,57.8028122799677,0.6644868239810973,0.8010043008671615
482,34.323534413675134,0.46760536418938187,0.621095694666807
483,59.122494763217176,0.5224053952323623,0.7108356873566173
484,42.81137359280582,0.46879882920212995,0.6451663162915944
485,46.592823108565305,0.6040387457331834,0.7461955422665096
486,49.36898414930458,0.5014011486161939,0.6411008636565881
487,66.0654760264616,0.625448413231228,0.8310831986515032
488,70.5309146938702,0.7667313167906703,0.9469465165215929
489,40.286600876222785,0.33353337982405507,0.4649417475996806
490,45.179791647219204,0.4868002042451394,0.6465270690881504
491,82.70856666913654,0.8948024419114405,1.0927380774786835
492,72.17023476925674,0.7330006492585258,0.8826407740842717
493,54.38347213617031,0.6517227730092477,0.8091560465394334
494,62.466470088382934,0.6530879500929492,0.8506812375317491
495,22.511802196903194,0.3844169970583323,0.48310465062245334
496,55.12750641591316,0.5708305405343136,0.7364823624537625
497,46.40973384582996,0.5181789617935928,0.6673581737352686
498,60.87937543840305,0.7111841171849004,0.8609686677695401
499,29.520679706794045,0.3629289457111672,0.48424429680605385
500,28.760940518352687,0.41270897700068365,0.533718728304677
501,40.85248789738117,0.4470614560659659,0.5772596714824006
502,33.95069107802186,0.38380745263154603,0.4882145290632328
503,63.21810169797627,0.6251225215050518,0.805548410970952
504,87.3371996114791,0.8696837002370484,1.1090737443029008
505,36.4791816420778,0.4368908473619381,0.5820409416084922
506,29.988672961739383,0.48190520700984185,0.5474997591854056
507,43.31490017535744,0.5466034749923161,0.6759114566267428
508,40.15529614683184,0.387038709957381,0.5073677784882447
509,28.14331881608778,0.4171356360248348,0.5192547763905321
510,45.42701785565011,0.46644004573354875,0.6059401030051552
511,69.66169791503899,0.689927246258113,0.8820541476071913
512,57.16287909470225,0.6182715132298381,0.7669320050434665
513,31.327866517470078,0.4520774405337808,0.5536186557330607
514,47.13933347859593,0.5898606491264867,0.7682007560618157
515,43.96045917553146,0.5649330541462041,0.7165715719643184
516,44.10233189541775,0.43102743514190783,0.5933865107501143
517,26.364735821604178,0.3446769130603151,0.43677137134280963
518,59.442320779619294,0.7103259848779914,0.8752359999072604
519,32.16594653221168,0.42692907130467644,0.512493958797554
520,51.03464905711864,0.580127953229575,0.6987117297426755
521,50.11817916702438,0.5690000102371571,0.7044259706096974
522,56.59631055186985,0.6255669257759894,0.8395164722068916
523,37.528526464028054,0.4922478154162941,0.6455131410370527
524,60.167579607124004,0.7252385287355761,0.900244441765263
525,31.14588360529124,0.3826078646941903,0.48472523573941445
526,32.42857494502243,0.40358416674312636,0.5082670077319837
527,52.74369420990761,0.5763357177738412,0.7121524438134108
528,37.620599273759936,0.4898951906135364,0.5932540726061972
529,39.63864839908236,0.525429898228987,0.6564419923817477
530,59.677312075714724,0.7119235869503295,0.9203898972256684
531,67.62998231541515,0.7733978817249042,0.9824708191812543
532,63.87061278787313,0.7412051880687355,0.9469747944795897
533,41.59441574162576,0.47120551062126115,0.5974958757721293
534,38.72327680106043,0.4845686240760757,0.639765826930945
535,82.63077124943639,0.8168189452118373,1.062468040075348
536,40.43023062651571,0.4008776212417291,0.5108128322456309
537,40.352009951466954,0.41956814214929794,0.5268277375971426
538,65.21892891103879,0.4957542632671646,0.6895940613951183
539,3.7373221253963878,0.04465296213345811,0.10035751394980345
540,55.180725018133025,0.4515614963000837,0.6606228186856822
541,43.938527980106706,0.5036935747457281,0.6444162753555487
542,69.12617200128383,0.7254057473441067,0.8904851403187809
543,47.18091845596109,0.5402736258843921,0.6670051960304276
544,25.14730489388763,0.3846295812361259,0.4649728441281053
545,42.13426377564622,0.4734774028657231,0.5926748090867048
546,68.08317115137665,0.6287967396469147,0.7726167323334188
547,103.04952958754662,0.8504989330618811,1.0931768296300646
548,71.59918463916958,0.5853150244794453,0.7666520447966949
549,56.765501946528616,0.6411915897870504,0.7971352895048232
550,51.70612172732517,0.5364760092741803,0.6992444887897236
551,30.401660032532572,0.4570159269243262,0.5810680894904379
552,56.472623550058735,0.6977205775123354,0.8480668455133324
553,43.96737721935576,0.6009193829667375,0.7487673158331187
554,32.063780623482415,0.424323631599696,0.5427131433924542
555,47.478608464906536,0.5874165476871556,0.7171828500232584
556,10.215149063265324,0.17302930674543437,0.24087304312011346
557,72.72216772014396,0.7328114289644707,0.9583173456272149
558,65.56839067203148,0.613367902561994,0.8358384589103404
559,27.199798352763803,0.39598647246035484,0.48879580409337275
560,41.90568309682722,0.5734099527584962,0.7300213727123912
561,28.56861675847523,0.396037740519004,0.49625336116148216
562,61.63302836940231,0.7044765814368544,0.8833141935874338
563,61.21140058240478,0.6342170889698806,0.8141956848928944
564,46.24070965781697,0.5355520568945045,0.6839173898680675
565,29.681015681930013,0.4574033725976932,0.544176097706347
566,41.78188863975872,0.4770222978939568,0.6189067862699529
567,33.904491235514705,0.40015344069496706,0.49370190865572516
568,35.859630709552036,0.484271725750122,0.5959505540166283
569,29.765458099242256,0.42228301690565273,0.49924237178755143
570,74.8705407085302,0.6787754750789717,0.8356674176857007
571,48.501640652431675,0.5319661519599741,0.6799218695220087
572,53.23105948643547,0.5770504010686425,0.7223193111213443
573,60.760770147597235,0.5672422034045317,0.743518310590323
574,46.9998589787961,0.5918567573480527,0.7637454325460105
575,44.62234889458379,0.5668672282062521,0.7775962800106846
576,61.317952579181,0.5647096675397021,0.7656908225876321
577,26.775393332066027,0.43056985117532076,0.5363350989564922
578,30.11179064000864,0.414558805324155,0.5421427484260026
579,24.58460346784914,0.4358575038464775,0.5446230177971149
580,52.16376716237433,0.5335922330869907,0.6927731363053343
581,39.500317142969095,0.4406242099414873,0.5311718549264696
582,34.61611082432034,0.4573186366976557,0.5744320168880757
583,76.69619489501841,0.573861802722085,0.7435241388579936
584,33.759816922480795,0.42624167824457393,0.5623522709523702
585,52.3196305290619,0.5430745016547827,0.6986765143834852
586,40.955568414382654,0.559912292359494,0.690367794020918
587,37.64437959118652,0.5246252241368179,0.6807423134630406
588,62.19644070601205,0.6746087713035352,0.8531170130564512
589,67.68320910444534,0.7914675249173104,0.9744226579592901
590,60.37337704801418,0.6775581421757223,0.8886657481335039
591,46.22496454223318,0.5749396909204607,0.7390393333834333
592,37.39834596386153,0.4252099765431036,0.5342146367131616
593,56.4430335427417,0.6543724978924581,0.802501432454655
594,29.75616276812366,0.3367404364456481,0.45595111286693246
595,48.148296210620856,0.6479387928487165,0.8711047970687561
596,56.98284789656012,0.6333957685801568,0.7861984357001721
597,45.69553517069255,0.4986684336294808,0.6166294646337164
598,54.32296988811868,0.5524939948160077,0.7059099243240164
599,73.27378968409488,0.5636402165370782,0.7368592785550322
600,60.89295962592212,0.6643883290562262,0.8321103385184634
601,26.650435703934665,0.36945287414581174,0.48426576357721063
602,75.63256200250581,0.6575199296596848,0.888973236810991
603,32.1766129193367,0.3329387036542847,0.4382425415874603
604,40.40389352205247,0.46173077413115615,0.5851458417104926
605,36.766048357844625,0.47195940811923576,0.5899980369481325
606,32.87013071674719,0.3751982807111869,0.49289559255808124
607,53.15309228201611,0.6200878718129685,0.7792903408146531
608,34.60685915848437,0.46523701904299913,0.5750231412824178
609,59.04956876070678,0.5967379007814813,0.8197694964493975
610,51.0865196145931,0.5969043362357237,0.7641297914704814
611,49.93626515166669,0.596776537037731,0.691614841136853
612,39.640138711336064,0.5017268877222316,0.633911177690748
613,19.379204489154706,0.34751423763321726,0.4078249200897489
614,29.008793748446987,0.4044898141485439,0.5453509559336617
615,50.87905814939076,0.53949199019692,0.7045769431402646
616,27.51879088626299,0.3839052626420717,0.4774034065209635
617,45.25583046936997,0.5848034240514784,0.7124659663165478
618,31.63551154946798,0.40234331327489353,0.478416732429078
619,30.04002881302655,0.4511596758513363,0.5552704811406765
620,32.18530729896167,0.3759368773290336,0.4607078620611887
621,52.60840583427872,0.5581227831102631,0.7253254649246154
622,31.89965240526583,0.363538781246611,0.4674253207016427
623,39.92369567735669,0.42703105669909247,0.5939070389262631
624,69.08632590283727,0.7291768352414618,0.9706672892153699
625,32.72856918225309,0.453320445643462,0.5994775825814215
626,33.24949179639268,0.4495677127142387,0.5754283638678281
627,60.99907858153379,0.6758085046591131,0.8530310363948136
628,25.43391911835179,0.3648247160189418,0.4655936907407666
629,71.7938315851153,0.7968463586382226,0.9503739958109119
630,82.88677014628612,0.8656051027928916,1.1336179307625642
631,57.90070956395105,0.5928655792083782,0.7818228624976155
632,32.77314059273465,0.3487254959806116,0.5033687669539254
633,49.635247315139395,0.5816681281419241,0.7606439855254262
634,48.05807730016261,0.650799239980086,0.8102935661923875
635,32.06579013028298,0.4640886732731951,0.5849764564653508
636,51.44884725600023,0.5946579515209031,0.7455198803874594
637,63.00035563751203,0.7059103151484993,0.8954791699898934
638,80.41932712630081,0.7811983771202049,1.0357091287215998
639,58.9854877962221,0.6686612932145416,0.839405149469405
640,44.68720124257126,0.5610371052002855,0.7181472784599527
641,64.83864783262983,0.653630796250381,0.825680333167657
642,41.13434129222297,0.39390583689809266,0.5387676704035763
643,35.280979819695645,0.5348527098044522,0.6833599401171264
644,81.54816339033869,0.7619833490131672,1.0160755778832946
645,29.36661924609292,0.4725021002640927,0.5561690133121154
646,28.05994939540748,0.3284534188671843,0.4357839663562232
647,34.52281034294193,0.44161203676765765,0.539896092295991
648,43.89030471235793,0.4767199929944429,0.664832758748203
649,50.305638248981424,0.6282766847576551,0.7876513209703723
650,64.93074398596153,0.4828366580550635,0.651919891930101
651,19.240052990654334,0.26099654874407247,0.37372245903580437
652,47.430232557864336,0.5642044607582948,0.665293219758724
653,48.41537924092182,0.6239907367411832,0.7492998487839023
654,61.772603313003756,0.7343428921032851,0.8948262209817031
655,45.55035276695805,0.4772189157298647,0.6590628798229565
656,49.724492307662935,0.5535166866939658,0.7168320878301857
657,43.77593249633209,0.44327592161009655,0.6203407512286451
658,71.44449048731079,0.6254935243190564,0.7936339578559297
659,49.45376933599954,0.6154292841561889,0.7813829520500521
660,63.463533637645426,0.5647234696658622,0.7310512626734561
661,40.852721070295686,0.5565028259473233,0.7074144731401214
662,23.04873872311566,0.3928135163034283,0.4879923834096697
663,26.077305171633263,0.36047365589134106,0.4600319476459708
664,50.45657410718387,0.5228009926721129,0.6563869105782911
665,29.42061317735791,0.34658009486264435,0.44726968036443404
666,40.67483104275842,0.44776368787257176,0.5951882351998219
667,57.834676383110164,0.6836599102891595,0.8934178067408588
668,29.914982443411866,0.43765272413179535,0.5666440686991977
669,41.44498310345362,0.5634780793302013,0.7113276778775306
670,29.95195946439918,0.4254174728596536,0.5308317814045591
671,62.99678580042737,0.510359738209627,0.7700169275056526
672,34.24504851408104,0.45406740123714523,0.5745634927103862
673,51.84682929175658,0.47537368792047163,0.6664154467685478
674,97.55009251669031,0.9252061552305445,1.1990257300516531
675,55.768689811859964,0.6866617802435937,0.8499362137290518
676,35.174959506072646,0.47780033297286034,0.6053977103215359
677,34.21947091651431,0.4287419758434291,0.5242597081392796
678,43.98081564006121,0.4999226728705738,0.6280370927175225
679,35.17059012321655,0.49338068054171125,0.6114986696421356
680,50.36458371950109,0.569295416522311,0.7151716092287925
681,49.17367347394219,0.5845457483379258,0.7318391542933662
682,44.42282007449826,0.5014913033018443,0.6292019036818787
683,44.61803308578188,0.6051792653878716,0.7140442691558577
684,48.942506465668814,0.5437802656483327,0.650801636607661
685,22.88860168365251,0.30671625675029734,0.3837760717887847
686,47.49332017947059,0.5796412778661033,0.7461122641859294
687,72.84252511542816,0.8455827712784938,1.020922440580846
688,63.5293999733949,0.6423564790240512,0.8497788113685167
689,60.169089078888724,0.5565006102800245,0.7677505914729423
690,51.785111075661305,0.5635748238442984,0.7334624256909403
691,48.60102988086336,0.6084173993460752,0.7558294280753014
692,69.02708100967762,0.6159952010585993,0.7863460274360335
693,43.144571758658046,0.47393474290779575,0.6370954895496166
694,74.4026897041762,0.6724370140860443,0.9379244585850588
695,31.48634252068296,0.4351744622239158,0.5237943941113455
696,59.30241330359205,0.6350148280992556,0.8397405777993667
697,61.55905963002307,0.6288986747816898,0.7891413371514073
698,31.50810200614082,0.40427855828071185,0.47577884371614865
699,26.967557498079373,0.43781764664681927,0.5231767667809181
700,43.80593181603915,0.5382359208947259,0.6940468256582827
701,44.18522193115599,0.5587563826713782,0.7040096624680687
702,31.2358033853441,0.38742697286048744,0.4865047046300788
703,48.41277613822391,0.5208795962004609,0.66591529789352
704,45.90698482800877,0.5084412715104154,0.628075182037665
705,47.227565093989014,0.559556655352079,0.7018661362368477
706,39.079572564170476,0.4569952276820361,0.583597737283547
707,65.58448532376397,0.6561524756119118,0.863826791830933
708,49.943590752068026,0.5241495414757558,0.7196958406444486
709,36.605728194033716,0.5112469508764523,0.6566188017301343
710,65.91770993433094,0.4526706374923631,0.6600745882930401
711,56.107703055136085,0.5320391509207258,0.6972134447198204
712,50.42360563581782,0.6019300867364148,0.7272408861705225
713,64.01025962442887,0.6507338650680385,0.8912499541255053
714,33.15095127954362,0.47267235942567487,0.5825880411772777
715,19.74326335641004,0.32387298644470774,0.39635333188733746
716,29.244045949093323,0.3958288134833611,0.5183029613374227
717,51.97105960297749,0.5366957241025434,0.7083431974960053
718,51.22127137733723,0.6012601118531604,0.7619190490955621
719,52.57292012578414,0.6658582257003844,0.8521358356223674
720,67.41175612069927,0.7284177959871835,0.9250773722135328
721,18.92913289290299,0.35483378330428406,0.4245795375280409
722,22.32016108035344,0.36232034168713917,0.4259949940272616
723,54.34194302350987,0.6066279156848406,0.7341042229412142
724,28.876083250333856,0.4323828412066071,0.5436272780784499
725,46.67405363619311,0.5530716187311652,0.7076054447294678
726,62.1553388859238,0.7311050682366543,0.9147823189081843
727,39.303956975430346,0.39248660932636215,0.5154818686164324
728,58.510906648654235,0.6781298104825925,0.8823573673855858
729,84.03219363358889,0.8270260678084455,0.9702287642801022
730,38.225619447812406,0.3974079090734624,0.4978124551571822
731,65.80220615291884,0.48786107484284075,0.6405696815664104
732,44.55816882606584,0.5672034827438227,0.7190488105635453
733,59.467717084593176,0.7026104299839455,0.890774675790802
734,40.617365347466226,0.5541687292452505,0.687948403524717
735,39.330025320181406,0.4622027522948633,0.5736336642156649
736,53.01440139580641,0.5200002730215039,0.6635695812278349
737,25.6250852291409,0.4374462183416855,0.5448553092866433
738,83.21355893447203,0.8038371920996313,1.032120722779522
739,31.04919320197994,0.4481697650791031,0.5544919411610134
740,26.916591741450407,0.4416960142550862,0.5498617954130095
741,44.33984990628197,0.4990530570302788,0.6409244341609962
742,68.12578960892577,0.6446007423990259,0.814941368393671
743,31.64954335609683,0.456414043140094,0.5344684360362041
744,110.82963475618462,0.6811997120583209,1.0183104244997536
745,38.078952470746266,0.49209899690314185,0.582425216630426
746,61.76575518561923,0.633951113839158,0.8157662496627511
747,79.55302183182133,0.7464790778860237,1.0190016068598182
748,68.9845780932486,0.6139803413316582,0.7979125758135496
749,49.3272239560648,0.5971979554909452,0.7113907100213234
750,56.41858434166795,0.5978122239459174,0.7880190446915385
751,33.785378298294475,0.4119217787109045,0.541937362419479
752,55.00225981417003,0.6433731882918948,0.7752754779203366
753,47.245152097239966,0.561552888422282,0.6807784605237113
754,8.68754134812769,0.12212546842007119,0.1890127536764431
755,36.776218224693615,0.531790021161276,0.6475060412932023
756,53.6353727024989,0.666822141233824,0.8412479877217054
757,47.29668390312774,0.49959981802420106,0.6364600262118469
758,10.76194060412514,0.14191150465833918,0.20740123952000716
759,23.536370016780417,0.4153474506355277,0.5099872913073754
760,54.3054070446219,0.6096664440348949,0.8055362491155087
761,18.236813882641005,0.25192614492600784,0.33079814751661757
762,27.385148646505474,0.3531329923815766,0.43894963580889745
763,41.194060507534175,0.5849831892696038,0.7138394734200044
764,49.176763991466,0.4892465504216122,0.6329134431770177
765,46.80056500907234,0.5694594664131689,0.7350784651962721
766,52.644118257519644,0.6076374706475718,0.7461399654536061
767,52.00424649624745,0.5608701423170179,0.7257835382694581
768,52.84332938975665,0.5629512622436041,0.7046154708371931
769,18.499995385363558,0.3155547577850316,0.3786469169992571
770,32.68569048401447,0.3637360265323697,0.5001841829857263
771,38.24627900643731,0.4742736304870177,0.573436572318602
772,28.2492887494413,0.3921368401665015,0.5161194097863098
773,32.82696230356946,0.3841185020108725,0.48937900334021195
774,90.51684757332127,0.9316600383113778,1.2340263647482004
775,41.360243132515386,0.5119710525046444,0.6532237703371061
776,23.40716811467982,0.3502356640347635,0.4346640703678754
777,48.852692643471265,0.5316234987543713,0.7120454637466643
778,14.263704700402986,0.2574616074965643,0.32357199689041105
779,17.159000377573673,0.2824890175218789,0.3748100131548885
780,57.95235933258677,0.5786694727866394,0.7573280064231709
781,62.84788191099498,0.4994330311634064,0.7360799930904672
782,5.461543725172,0.18155203602339456,0.21590300508137278
783,23.073638231074913,0.3381564444358669,0.41506055000044195
784,46.42556878412378,0.6032398316131455,0.7424768927035492
785,40.97328020177849,0.5559876117427283,0.6752709962899008
786,15.299508018054004,0.32949037507074286,0.40402712361015897
787,72.34267803958214,0.7714817511146717,1.0213441490751942
788,25.437607007543036,0.3610530694021354,0.4595037273887416
789,51.22449451238542,0.6630147605497316,0.8243463093074833
790,67.32422360799706,0.629139127294928,0.8378838043547396
791,78.28658176610965,0.4410244838365956,0.6461447407856851
792,36.528612635821666,0.5090198135078655,0.6245740632996878
793,34.215712592624925,0.5149504851265243,0.6103642007315048
794,31.174742873109864,0.47251573328264174,0.5781513768684244
795,65.95466379369985,0.7459969382892162,0.9490970575625871
796,18.047668669718497,0.32392217513799604,0.41715709915588395
797,27.988020067275045,0.4255122250725568,0.5205632287531576
798,80.5087616123331,0.715256046201516,0.942392550804749
799,97.91462820265865,0.8461105373599015,1.0619500487950075
800,65.21062636956552,0.7128076265188366,0.8771949247716497
801,33.005340369493545,0.46131282562225984,0.6000938441891248
802,46.37385206797988,0.5150930038823953,0.6772814264561642
803,14.343848815965746,0.18490155489229174,0.280504349414383
804,36.81365672468631,0.4331647632909431,0.5705551014988712
805,22.694113807668593,0.33091030876222943,0.41942470233814355
806,55.09338454883162,0.6789043004911318,0.8319432199558507
807,18.304560177517782,0.33805827611286154,0.4244853848631636
808,24.93143388017993,0.20184080328979084,0.29831352033751035
809,49.601204940450046,0.6046729647844328,0.7426506869114868
810,83.89924423043371,0.7995225305199468,1.008139010854166
811,66.26643674233743,0.5836535713151914,0.7667192947817658
812,45.326238299530345,0.5596883423548824,0.7356556328791315
813,40.37141204228435,0.5620678452176844,0.7045011502185281
814,47.62032634195488,0.5957617861440557,0.7433192686653929
815,60.93989546439426,0.6660016087069557,0.8346097494360352
816,62.23387004499218,0.6450047564500554,0.8124615877545294
817,39.4024212313548,0.552639861028362,0.6663229471280812
818,72.78930200420174,0.6060535371316533,0.8182423389392117
819,41.79849676163464,0.5381972198586025,0.6647054563553219
820,24.487999147527397,0.34704735308406715,0.4426150429188011
821,20.50587112031058,0.26525976065665924,0.3737922023039733
822,51.48985564196615,0.5253508165045891,0.6978227181529453
823,50.20321282857071,0.5526987328944841,0.7175794494240237
824,89.0609836686592,0.8310608875010267,1.0244752926779932
825,24.262488376373256,0.28955365448845904,0.35348523115918484
826,54.00559922312307,0.6382363933010489,0.8337312886066843
827,38.35635215126568,0.46846073376700825,0.6358438071218909
828,63.78960843507302,0.654338198121356,0.8493973368535681
829,35.76269778302856,0.5092918492827395,0.6023616279739465
830,44.73337470423745,0.5367603420528888,0.668622426271962
831,68.1454988020535,0.6659676681339628,0.8879347450861387
832,94.32506676062258,0.7788291229590723,1.0582106791183328
833,50.38864453356935,0.4531858933651464,0.5840071796133878
834,40.950974657872436,0.502032068916063,0.6460475643919021
835,37.78029643249186,0.5236944387295196,0.6461896272427224
836,61.82481650403903,0.5960118975379362,0.7436455405752656
837,39.59763967532521,0.5065663319188356,0.6207585148270433
838,54.476448956924926,0.6169595947044649,0.7833108918243958
839,51.82612226152893,0.5210105429420837,0.6793642768743601
840,39.93557879850449,0.532365212769348,0.6502027978718099
841,48.9531291788933,0.6104318283809097,0.7863209774730352
842,48.73351967153972,0.5468885055651542,0.7077690311937237
843,46.60217009330408,0.627904108764912,0.796656131567636
844,45.1808132190785,0.5562175318760514,0.7122017357843363
845,73.19236296216073,0.673823875173391,0.8944984857681199
846,63.32880492683877,0.6716957617395429,0.8563208695784181
847,41.22081125351248,0.4945067857480363,0.6484412221646795
848,36.715705767718866,0.46971542691154583,0.6054418402972425
849,71.17910688117821,0.681325447655009,0.8841296746931848
850,50.53473984490965,0.5674258875952878,0.7366062293834961
851,47.78157840509412,0.6168305805747052,0.7891589043274277
852,40.871556072380756,0.5272506364100057,0.6709456632171138
853,72.4459497190455,0.6785816534821681,0.8697004982946582
854,63.552218238158275,0.7365741436985754,0.9030371982577071
855,71.14418259282654,0.7866307787384559,1.0110306964470972
856,37.94816670176459,0.4988325793185754,0.5642212544364663
857,40.79828810020014,0.41112151065392233,0.5252893928303353
858,14.12286718100304,0.29470668413102585,0.33852562336060765
859,59.89172966551298,0.6068397340678557,0.8276175829780043
860,64.83554834158588,0.7876214797000571,0.9489246603908219
861,52.74355400678694,0.6788599029101345,0.8209190298265305
862,34.67864507478134,0.47188449371342145,0.5950042506335056
863,52.121371436665164,0.6388986577662625,0.8011705452433103
864,69.28448319024817,0.7639375310994663,0.935302605797232
865,49.58815413459043,0.474073830622885,0.6467362988510492
866,49.33624061069022,0.5440954312077173,0.718442903910048
867,36.67327316475088,0.4992044591531717,0.6237469143366676
868,29.99536902477812,0.44399382641016916,0.5317856792623203
869,51.909856249017125,0.5756956678730477,0.7616787907969547
870,50.964483181429024,0.5538046396216698,0.7097987933895614
871,48.34245756874451,0.5650722714836455,0.718015197148562
872,46.94477867491289,0.5080075240752234,0.6626262623677912
873,70.51233153455777,0.679698128914722,0.8837065412361762
874,32.78696096290512,0.43720147247311614,0.5341160388954989
875,64.26582061118886,0.6997638251729661,0.9412572306614754
876,73.93177874005112,0.6238399266132805,0.8430788755949958
877,71.63949983564972,0.6930349304666612,0.9423941410389128
878,65.20036427946533,0.7129226277149732,0.9641883923628697
879,49.886417318433764,0.5438441344209618,0.7297620016515409
880,47.802628441107835,0.4674932646362772,0.6143182909271824
881,29.969212059232795,0.45724315242368235,0.5372760209239733
882,67.62703361309673,0.6778317077192704,0.8785605933370426
883,80.64015312689796,0.7779394519843199,1.0607233241499858
884,77.30445843515619,0.6456162874236135,0.854690243710202
885,19.43204549968555,0.2913711576854599,0.3759149647876429
886,30.65858279922778,0.458525608184844,0.5644112974290175
887,40.34447742617278,0.37752141403100936,0.5169663089045293
888,62.92244348481304,0.6834458035447759,0.908475512791244
889,41.725011890698646,0.4406457206050966,0.5813641838207462
890,46.454493182248406,0.5952901507948545,0.7515553557874666
891,45.39105521627261,0.6349179571240271,0.7877702137328545
892,27.333174091036163,0.32516631557424,0.4111773319849659
893,27.56857017601744,0.4072327233553691,0.4946762919993393
894,42.08937929138462,0.4407022159539628,0.6120268016133488
895,80.52990859573237,0.859124256183247,1.0877160006748057
896,50.23596721159551,0.6357926748472619,0.8290677128404301
897,48.524165869186795,0.5415998255605732,0.6890428146690613
898,60.21152835238098,0.6317616903618916,0.8266558711337362
899,66.27335556793324,0.7782432745866446,0.9592069803930816
900,56.902575945519246,0.5820347651804985,0.7193546341191764
901,85.23174388343796,0.8492297089479383,1.0584357839444782
902,23.06480167450229,0.36643391825790655,0.46932614479686086
903,35.983495826377734,0.5153980094964755,0.6346634422489145
904,61.25201794267791,0.6815701615360338,0.8713039371391599
905,37.447362805169796,0.3742810829121098,0.4857758302359964
906,42.73479290815789,0.5676151539294485,0.6886353701011957
907,42.755394847049544,0.5300476283920014,0.6740399313111135
908,51.1739263198528,0.5954309698169757,0.7582536231121255
909,50.66081763005339,0.5049553699222536,0.6621211348649538
910,52.73341196333625,0.6628763489051052,0.8166912335952116
911,30.108817629591577,0.39189614895140523,0.4985655773260568
912,37.083396783648894,0.4680081472227199,0.6210966022334847
913,58.95372566551208,0.5956286709914322,0.7595502915233837
914,38.8331930477999,0.560949242361657,0.6942388605425639
915,38.37481189970167,0.48558019708125644,0.6133082590528178
916,42.35013088588825,0.45859147449183774,0.5793462746833675
917,39.5791823311793,0.4428599060191905,0.6064843302245598
918,21.949084805908363,0.3744123034525123,0.4384168709539177
919,33.415948098053825,0.5003256161436533,0.6068214074070417
920,21.017363243907294,0.34451273484157957,0.4169754425526427
921,25.191979824472977,0.38222474228802705,0.46011799086190946
922,17.405605425046506,0.3273504403040564,0.4217065906831786
923,78.38146488368108,0.8512993786346825,1.0243558670206458
924,42.91320098460289,0.5631259635540167,0.6878153583176931
925,12.825483075486607,0.22631607247386804,0.3008679772772656
926,54.55345098956932,0.5665151519083047,0.716890632312875
927,34.69117689494793,0.46854702926107084,0.5625403401715229
928,35.57093249475268,0.46580313020177255,0.579231791458971
929,41.953622696521585,0.5706968472660086,0.7066829276724281
930,75.67722823395572,0.8412261790668456,1.1376278856680098
931,37.843286792279095,0.4843548897997779,0.6237389921005743
932,23.936864635393224,0.3381043323789551,0.46287518464245647
933,50.017179778016455,0.5477079026808281,0.7003550950132345
934,35.676152773054774,0.5135116838654301,0.6183529876147127
935,40.05753917116865,0.44453900128203044,0.573097093778778
936,15.198997817500588,0.28715376728523595,0.3708120628967847
937,23.24222348067991,0.32232415403535597,0.4333757233260383
938,12.503960566724261,0.2688119085876637,0.31011911854726326
939,86.44355159576249,0.9245226069402376,1.1790632329973927
940,30.499445249161163,0.44284148057015316,0.531990473845916
941,26.20702660500003,0.3714001949421308,0.45278431940342684
942,47.35964826831436,0.6096152861187181,0.7410009999893967
943,53.2202486559377,0.5756434589843354,0.7235444900130704
944,37.51408663528625,0.5049883524851749,0.6379881560045557
945,30.416172046838504,0.4354685591269215,0.5250553247047403
946,16.88051310405325,0.258309939775084,0.3311881149579988
947,29.067960357127163,0.44456504968394794,0.539202387211137
948,60.08430647322912,0.6999504123869965,0.8864493789759196
949,25.03789380266503,0.30532210111683494,0.3602768012781882
950,23.071471553706857,0.36960294948608274,0.4401550029988255
951,36.469962715748835,0.42578494071477946,0.5402423902629807
952,76.41569557997475,0.5140547560784445,0.7075579174100095
953,41.73577745811531,0.5576159818911017,0.6771794085531526
954,38.09202909891736,0.4180501629189117,0.5501776504703629
955,52.283014267964106,0.46363463265898447,0.6275304079955341
956,26.886922749625832,0.4507968795741938,0.5422990927842655
957,19.25488327927327,0.2841577509768551,0.372508428075303
958,17.789430537702685,0.3503490677324821,0.4315289714821091
959,70.37520272451282,0.7019298313939152,0.9064465536203332
960,50.37251128202965,0.5794284072414144,0.7421373335827673
961,75.03351511960325,0.6487921967797788,0.8520567620020907
962,62.07791379710521,0.6796876947567003,0.8348723082272211
963,20.80342849808679,0.3247737933170444,0.4027518620288365
964,41.448224858103124,0.512839258755944,0.6747605445223088
965,79.29478793669303,0.8177562839962708,1.052119050962828
966,54.20273711659229,0.6004122693034326,0.7538996537458679
967,34.698828196111506,0.5069003657920481,0.6259100162811353
968,53.23459664840563,0.5023096303136658,0.6958654855673989
969,34.38289412791063,0.49925502878631633,0.6303871154016676
970,35.44307019825227,0.49687342076708074,0.5948713061769731
971,35.13117376343756,0.4971383591547716,0.6064828064141932
972,89.74899233478149,0.7886692281976418,1.0171489953710648
973,38.51210386373863,0.4476844823984701,0.6006913312975659
974,54.536256651802844,0.559934205652659,0.7787067268719339
975,82.41647163660562,0.7857147962219252,1.078129178317226
976,63.413068974453765,0.775485464947006,0.9068550925109689
977,42.06671119371716,0.5445746826690303,0.6798710826784417
978,33.443206077234905,0.4625738102622994,0.5898207375789448
979,46.419412854047295,0.45852117880516835,0.6091576549935589
980,27.068878571471902,0.27587186595158625,0.3781807409213148
981,40.46107479955735,0.5480486846409958,0.647824487275565
982,30.64742087751002,0.42214682638488715,0.5141172469652822
983,68.00926393780556,0.6659239646474571,0.851493965683713
984,57.81201060458826,0.5976658784411035,0.7924234835270181
985,50.85958938545822,0.5997676211154662,0.7261408266492568
986,44.40519361698018,0.5120439131869043,0.6460043670568023
987,69.0655956761357,0.7563595634151619,0.9439293946296405
988,47.60815477307627,0.5932599949555122,0.7531252583533996
989,47.754908774170225,0.6538485530616882,0.7984002842486108
990,32.259999558881994,0.47048464093576936,0.5548138089206003
991,73.53320892237797,0.7668988843395514,1.0088851331745763
992,78.56794323058452,0.7962944412699788,1.0254532006469301
993,31.069988070954338,0.4302591439537089,0.5381184616788753
994,64.8233605288829,0.6281341594598964,0.780768062612766
995,69.48285855446287,0.6430711224127684,0.8093564453628519
996,63.88339227336693,0.6823161900563484,0.847761016422975
997,55.5230960504493,0.6427926529370711,0.790303508656941
998,56.42122885223739,0.5459612435578138,0.7052878091415181
999,77.03008460897802,0.772653604908971,0.9564664753591096
