model,target_name,total_folds,mean_roc_auc,mean_pr_auc,mean_mcc,mean_f1,mean_ppr,return_spread_pct
logistic_regression,TARGET_A,25,0.5165645501962101,0.5232745305347667,0.029226211328409454,0.4710341731386134,0.5013957453959983,0.14090790377794782
logistic_regression,TARGET_B,25,0.5224994970980594,0.5512719229960398,0.028132358539902026,0.48861831953984575,0.5131522631154813,0.1452570901557542
logistic_regression,TARGET_C,25,0.5097734769866171,0.553708441931198,0.011763987864930587,0.5098693786578518,0.5815073631471924,0.49174241539791597
logistic_regression,TARGET_D,25,0.5074015895961734,0.5691720194641069,0.009031589259646195,0.5322071631768671,0.618054858877818,0.17801709989443099
logistic_regression,TARGET_E,25,0.5097734769866171,0.553708441931198,0.011763987864930587,0.5098693786578518,0.5815073631471924,0.49174241539791597
logistic_regression,TARGET_F,25,0.5,0.41841915231743904,0.009483079772451646,0.25971232148185464,0.11286600029255517,-0.25280198786606456
random_forest,TARGET_A,25,0.5181897099654144,0.5295797892950429,0.025980305425827743,0.47492641621985854,0.44639466390147287,0.3214330034336803
random_forest,TARGET_B,25,0.5260712912362502,0.5585622596753713,0.03642433641096669,0.4799808690253048,0.4286466072712563,0.38077993125511733
random_forest,TARGET_C,25,0.518514651148363,0.5636687152335264,0.026119734279915683,0.49553504706616536,0.45694615542210876,0.30668629411144027
random_forest,TARGET_D,25,0.5261264058586788,0.5914126104666814,0.046351328454087286,0.5204919166111546,0.48265585947323336,0.38226154959291375
random_forest,TARGET_E,25,0.518514651148363,0.5636687152335264,0.026119734279915683,0.49553504706616536,0.45694615542210876,0.30668629411144027
random_forest,TARGET_F,25,0.5,0.4081301212032338,0.028825133335115508,0.305683568610088,0.13555462144847302,0.16295953813873576
xgboost,TARGET_A,25,0.5164273066631765,0.5280851763305574,0.024556922117408005,0.4717536105418938,0.4435020130850373,0.2445303937746478
xgboost,TARGET_B,25,0.5249924350283447,0.5593635040813458,0.044303113832604026,0.4670898974989561,0.4140275946995186,0.43423717387003086
xgboost,TARGET_C,25,0.5163447593921362,0.5644750674077205,0.018093816049574732,0.48286745398089725,0.4523126876788816,0.2656607350869524
xgboost,TARGET_D,25,0.529507800650102,0.5956036278875176,0.040934079071202556,0.4998544550443523,0.45513866207001596,0.34466825059959116
xgboost,TARGET_E,25,0.5163447593921362,0.5644750674077205,0.018093816049574732,0.48286745398089725,0.4523126876788816,0.2656607350869524
xgboost,TARGET_F,25,0.5,0.3979164963004029,0.022667604800086387,0.30107808545838105,0.12528633483263327,0.31830414102403165
