sim_seed,total_trades,mean_cum_return_pct,daily_equity_sharpe,trade_level_sharpe
0,250,52.099902664884574,0.5893268348596518,0.9195149079741185
1,250,8.474843864958467,0.17823909697723544,0.20750686136557023
2,252,17.560974101870915,0.3475348369147078,0.3958929002888031
3,250,37.69426201419242,0.38585480434859976,0.49598040176368513
4,241,29.23724144972868,0.313560120748111,0.33435789804382116
5,234,28.788707799756015,0.31378794028369383,0.4775104810682974
6,245,33.8511993317397,0.5199549332921278,0.7262207093627946
7,237,43.82833259609045,0.6313822511768383,0.8889150000314281
8,260,51.535239037665136,0.6029536683609381,0.8199355704148996
9,254,60.526401466031004,0.6274895820317236,0.8173194050978111
10,259,29.17518542088871,0.5011604694580629,0.6178636954059634
11,249,11.944632199696267,0.12661058646913242,0.17690942258526818
12,247,33.039864205001635,0.388700666647755,0.4404859690681434
13,248,57.422561151463675,0.6751549003240772,0.9112072590067302
14,245,48.6581832442251,0.5294902824257697,0.799974815767138
15,236,48.06135152742197,0.5201794059037503,0.7352980887941126
16,251,46.71988212229475,0.5084940147802957,0.6382296530388085
17,243,28.650616983787536,0.2792484039012456,0.41271049668367954
18,247,26.87840838862895,0.29968503244864353,0.347892963582458
19,251,74.42352004415885,0.7446121681578697,1.095343765892736
20,247,58.3093942328307,0.5557860364818955,0.7440112317301649
21,249,53.163525125715466,0.6062007169861868,0.8398003985397533
22,245,35.68482195421819,0.4563248590188652,0.6254693628619747
23,250,18.979978961340954,0.29115575384159875,0.4010632465858768
24,239,26.769546310214004,0.41541452726409445,0.5585026547057439
25,230,24.027442080068624,0.3955187214611274,0.45173373868926614
26,249,75.8671887050234,0.7094984307376899,1.0317917108126593
27,241,28.75103734490758,0.4179093253600433,0.5797692433741679
28,245,30.07513114057766,0.41157187373218046,0.48044473925531167
29,252,31.66343480930369,0.4266993373417475,0.5599111280554558
30,251,30.190953652394786,0.4210890775821367,0.5293410669706995
31,251,68.73823600461078,0.8398842559293985,1.180153074298703
32,235,34.96915379398152,0.5077855658935414,0.6703526049680553
33,250,90.17728414261438,0.8650975963121393,1.266275506437481
34,240,45.12426146421434,0.45187102987284467,0.5611689807324305
35,249,29.913025280292555,0.42877778982736087,0.5728877139951353
36,243,46.84002249036785,0.6089262641348848,0.8619437395674943
37,228,8.585776933238137,0.14569242894942175,0.25365839359573894
38,253,84.80566934716711,0.7166866521864425,0.9257026921831025
39,252,57.746681415193585,0.6513626416758096,0.90602943718186
40,244,67.42784615540037,0.7234788379801292,0.9373006588556339
41,239,39.25844172443619,0.5697420787538543,0.7349815300586536
42,246,26.98729404766407,0.43177024572064593,0.5582066713382996
43,247,27.697753445232916,0.39367650283064076,0.39388524450184825
44,236,37.60745869692168,0.5362393726757264,0.7167737916254351
45,241,29.40132222416334,0.38568493434401174,0.5109709181919062
46,245,28.556036579934876,0.45858868650148377,0.5497391165963273
47,255,46.50561108948402,0.5286036507534373,0.7086582773391374
48,247,52.15360138317428,0.587698423253026,0.7612929076224922
49,241,18.64546435867404,0.3177421311527856,0.44216863504026005
50,247,39.07653215854569,0.5107318061011138,0.6708997499475181
51,233,31.270375651037266,0.469918541309405,0.5861335276693509
52,240,14.510060785399684,0.2886937440377972,0.3307391728521464
53,232,33.533027644652144,0.5279759445341623,0.7224129712291452
54,232,38.35262348840046,0.5700031605269738,0.8197565717476234
55,250,45.058015043201216,0.5723273718138193,0.7472885736114953
56,241,43.963889405988596,0.4995880197291528,0.6651073560404803
57,249,27.583081937024936,0.43443406752397334,0.6363736394157324
58,248,61.73871789503117,0.559191209109285,0.7454357525426889
59,241,39.554896418032655,0.5435914020747313,0.738455839869188
60,244,40.91528987062702,0.511365537956667,0.7092933569431265
61,238,37.66586629775339,0.495877074191662,0.6660991618205025
62,248,75.48652188589915,0.807591448508169,1.1024043536966248
63,242,24.774769655869374,0.3371953544587549,0.4136472804511716
64,240,53.63181225886666,0.6835225370104279,0.961485762055249
65,245,47.14663362981936,0.5529391593135671,0.7425897480208045
66,235,24.476600258298827,0.33908641767429054,0.48659763822044433
67,251,56.463891170380904,0.7176731140084923,0.9961152089149738
68,259,72.64100585320826,0.6429823990299872,0.9143351129937087
69,238,29.068582707307012,0.43495942832084145,0.5736927309577424
70,241,58.74954231110437,0.7190674774322481,1.0213868013206953
71,246,23.460280887191182,0.36774177708295797,0.47184174954991753
72,241,42.88116788828817,0.4829297869881106,0.6985869259459199
73,249,17.211483726904845,0.2764921912784267,0.3581998369266667
74,236,23.436366177438227,0.3817527914126,0.4896552208521531
75,239,17.047781823434192,0.29888860990137667,0.38344829231852157
76,251,51.54607448948674,0.4252529651490624,0.5498174000132308
77,243,27.071612407471946,0.3994766353987285,0.614081345258224
78,240,49.542915877249136,0.6021316716539011,0.8348706881711232
79,234,63.58804386016662,0.8249106896092119,1.1994716076217962
80,244,59.07560400949493,0.5929321077812046,0.8412941998988297
81,253,43.545618141764,0.5403571414576498,0.6924772658685729
82,239,58.35688517442384,0.7007709655897658,0.996557017019661
83,245,25.47139664812501,0.38602172553232633,0.5171915623315889
84,251,50.183053430602335,0.6174372983135289,0.9271745104088287
85,234,19.41528007128053,0.3443546258361058,0.4712185703897063
86,237,44.36845175583547,0.6518614011997691,0.8862147042111939
87,236,13.765648628367483,0.303711670418045,0.4278722464814463
88,245,35.453430986653004,0.47577004924735977,0.6022699860432126
89,251,33.37764485178552,0.4749281855650967,0.6400012570181266
90,251,77.39213766481994,0.7987908580280877,1.1186225330134991
91,245,59.01566001710254,0.6708138699162521,0.891270269052552
92,239,25.53441582964169,0.340587903147601,0.43752356655530394
93,243,35.74736906468781,0.5359936304393018,0.7540663825829008
94,241,62.079831850923924,0.557821630885378,0.8366066811617487
95,253,47.3588250800383,0.5936307554524793,0.7193625037496647
96,236,46.63338790830976,0.6445950718756999,0.8636867016162167
97,244,70.38116037172892,0.6717330275915584,0.9320232951469709
98,246,50.621097662809206,0.6094508844566555,0.8346403009232043
99,243,47.46137652975046,0.47493269631423746,0.6485826896999589
100,253,59.71034929277803,0.6415652005063504,0.8496310582199469
101,249,31.81903983784835,0.4049290789155048,0.5082804423504391
102,239,30.20803331918495,0.41128322962256314,0.5423678969035882
103,245,56.8397281711931,0.6076259094717287,0.8868609152850514
104,248,53.43328018746722,0.6433131962710927,0.8360115207167655
105,244,70.27076984972986,0.6186043440491094,0.8649078666632342
106,252,54.08118922807081,0.5729010990822291,0.8097281373909538
107,241,43.55728934673433,0.5613416420661711,0.851136013427781
108,251,57.19194483897046,0.5706625740432555,0.8405464019862583
109,248,74.87505735125077,0.7420118454942537,1.0863133255558899
110,239,44.08721414255736,0.5359305780008884,0.7119757728226481
111,252,24.576416659939998,0.35924400263894496,0.404872334320015
112,229,53.748609768083966,0.692768486907052,1.0879928498150546
113,250,101.56652552359878,0.7437122820358487,0.8975761561893337
114,235,55.72224400170511,0.7590670250889524,1.0706722874550783
115,234,35.120879241341626,0.4220033984535657,0.5401929130830945
116,232,53.742277105057795,0.6732724696056535,0.9209948743707393
117,246,35.99613742507039,0.4279754533856777,0.5862082583712434
118,250,49.15534909068752,0.537949913816083,0.7559371201886118
119,239,36.9955281567322,0.5145580469797426,0.6693861927284313
120,255,56.63991614393486,0.5435047612924926,0.6105382781839046
121,239,22.12260578919787,0.2684230605047329,0.38132961409465543
122,231,48.430068803623264,0.62797165038729,0.9075834035997159
123,244,54.868594900652816,0.6096064078030515,0.7738219130366322
124,249,44.978807303988845,0.48957922063539944,0.7493150622922083
125,258,35.866673498401425,0.46607097823172106,0.5912917799945481
126,233,55.65295763903957,0.6437935152025533,0.8573166759338171
127,246,46.2880453193833,0.4785085972064872,0.6848122704508472
128,239,75.75662264187127,0.7554353637257,1.035182095223297
129,257,41.23607511651921,0.46565573969621255,0.6308606393845586
130,244,56.165681986272986,0.6731155557930227,0.9132089004165721
131,252,28.738643457304835,0.3639310060055785,0.43708160478166
132,239,57.59570451102983,0.6753638862985746,0.9900797642955622
133,250,32.18930853118286,0.4049309798649901,0.5170135780050386
134,246,39.49640017901217,0.4558161864583382,0.5537699294745988
135,255,28.38749737429198,0.42373913370943084,0.5339121415918102
136,235,31.872616093377694,0.5226655627984773,0.7373776978709206
137,247,29.184981174408204,0.4215067148497783,0.575247963403842
138,246,29.796196911745188,0.4540489565770242,0.59519357482037
139,246,38.26825286055989,0.5383147872393721,0.7878931281393506
140,243,60.78729595595674,0.6274968924215617,0.8780764756675155
141,239,76.06673469939027,0.8491604134607362,1.2249747969761777
142,240,29.431319708130253,0.39237844067612515,0.5109909918782224
143,253,18.687085103367615,0.34380944802783825,0.43988307054628645
144,243,36.23459597660231,0.4895419741360157,0.6701763490802961
145,250,68.698259633771,0.7489245318844127,0.9971510333117406
146,243,47.188825007681785,0.6125744348484667,0.7851357056549111
147,242,30.98739198458258,0.43515881688672364,0.5668643561088289
148,248,24.684094491332395,0.4044349264270882,0.5471647834960327
149,242,14.681951376255302,0.2686405650436806,0.3772013006875553
150,236,42.29376445050654,0.5470734036374294,0.7559785432429177
151,235,61.08954348320559,0.6802408074282333,0.9941128387685938
152,242,53.022781620619845,0.6153029623810107,0.8288720575665371
153,247,44.44165368664774,0.5854084974806044,0.812077976080497
154,242,31.163115270052913,0.4105533714702151,0.5253023770073487
155,250,59.665920549931094,0.7570013721887127,1.003655357746355
156,237,37.8936744871864,0.5447307970839377,0.7621857609878541
157,255,54.47807764026961,0.610812614099878,0.8149867990697169
158,234,18.20610919929906,0.2780707774065326,0.3153386540314064
159,234,49.84309517465593,0.6370262047890936,0.9055123401561003
160,244,21.466061647612445,0.3344048974711379,0.36340853141175283
161,255,48.02695947209414,0.35133787681494566,0.4188317429685403
162,250,21.394421963495173,0.3812793653539385,0.5083155689367538
163,252,66.09112918827466,0.673511797271453,0.855681651113696
164,265,50.41066668708131,0.6544095695858878,0.808494682420927
165,234,31.396685156400185,0.39024418812527434,0.5263663869900543
166,235,32.02928794214374,0.4214023359756244,0.5773262225868653
167,240,53.19374538672294,0.6406816230248673,0.8531389129308771
168,256,52.34799270229333,0.6580801897038634,0.9165363869271568
169,246,52.1468151394707,0.4051645681614726,0.5561359671601842
170,252,34.82970705807063,0.4688772177715353,0.6566898606037286
171,240,67.50947688912719,0.6235462051669651,0.8180781019290247
172,229,53.421771808456114,0.6526610866451883,0.8383257928414836
173,239,39.80236120835819,0.38649682434040455,0.47183482389270903
174,241,66.28379926826297,0.6792868498674084,1.0387431262154787
175,234,25.184791270082158,0.3151783002809754,0.43237409790147446
176,237,31.565737026504138,0.45324232895243644,0.6087090015613159
177,241,49.143406659375955,0.4923795835426338,0.7162241048768979
178,256,27.249721390382035,0.38501159829327325,0.4603953419399476
179,240,12.658183443212652,0.2602008420415944,0.33495196467596655
180,243,48.14679930953112,0.49063287273638634,0.69020276891083
181,239,18.840950494044584,0.20611246329876906,0.28040236669206137
182,254,32.63586237597086,0.2859180808822104,0.3841975060124647
183,236,57.05804122680904,0.7703275366996303,1.0397569645506668
184,223,59.231910722283885,0.4203987160366795,0.5879529993945227
185,243,30.69300622344512,0.48240166492317915,0.6647226925685372
186,245,50.45049536638242,0.5714316492933935,0.791943435224735
187,234,45.14271462694371,0.5464066922575956,0.7170414472793686
188,261,21.65451017165409,0.27611844936448293,0.31083879649975865
189,256,79.14206282885735,0.707183602528563,0.9660242217682967
190,220,51.8248888405011,0.686592916378267,0.8863464318462864
191,235,37.814860847068346,0.5558519686105291,0.770233908457737
192,248,21.736506944520492,0.23736817783036535,0.3478467245037145
193,254,44.67562797712292,0.6541546411138276,0.8647247960602324
194,237,20.400700717049908,0.28947594778509933,0.3397664544834116
195,245,53.95312812146589,0.6590271570326824,0.831242404677688
196,242,39.49866051615633,0.4745314050876249,0.6129189641359528
197,250,27.721325142960694,0.44172681866436314,0.6282430594394542
198,229,27.14324209816089,0.3611515921908305,0.4548470823760143
199,246,27.673431742974998,0.2824623150921858,0.39148937204802936
200,232,29.349214298384585,0.4509583219374903,0.5941806973700424
201,249,31.222984943267743,0.3730563740038927,0.4679491554644358
202,237,29.194957700719936,0.43487365496925073,0.605744219562952
203,244,25.767309338532563,0.396632931582144,0.47800761249768786
204,251,52.065132372838036,0.625194467860086,0.8670104030079235
205,240,12.59461664160694,0.16947672577752299,0.18929494942551583
206,249,43.86441965898737,0.48362580884883705,0.637594098775845
207,240,76.43362062408288,0.6790980674554341,0.9686338469845166
208,252,41.5525459062806,0.5791167660247147,0.780144484090748
209,252,50.671012846220194,0.48558704213856146,0.696789674440897
210,253,15.345261757153375,0.3332154742279841,0.40439233151961684
211,255,20.271559055555382,0.2567355555555667,0.33681981053808796
212,250,19.457646434585833,0.36261421473708166,0.4302029828726762
213,239,30.720594080677415,0.4557801797454344,0.6097628643040233
214,255,70.24594354905896,0.7652520765495863,1.0558289378356949
215,245,41.1757014892927,0.5778676429886075,0.7387539516396678
216,254,51.36751727250081,0.5599506654648184,0.7029667428496336
217,254,43.34351343163278,0.5476706954397825,0.7279683738839433
218,248,44.7483948276751,0.5270906935392858,0.6433790797246866
219,235,22.238004134727078,0.34345457833322257,0.42792271252729464
220,233,25.815088845144583,0.4312750589429193,0.6373598886677039
221,255,27.66711421483322,0.37626662451115084,0.4453829237292458
222,238,93.93968432498279,0.9557080981098167,1.3803311595066623
223,236,75.87677412425072,0.6461758058289772,0.9612632351106221
224,236,67.06526462546194,0.567532307119625,0.8693088344332258
225,242,48.35880805542409,0.5884810031890304,0.7547270767812442
226,243,41.608928013102535,0.5552903199583372,0.7947755005586293
227,225,29.501978469690755,0.31075151023098296,0.38721488274008087
228,254,90.19647672871771,0.7451824603532945,0.9002197710212929
229,235,57.362939421086445,0.6168382070834484,0.8255291721057567
230,258,52.09518924788434,0.4574048738039679,0.5960165972141226
231,232,30.43476731380191,0.3957105984286881,0.508689815073896
232,253,45.207275577268334,0.5163118124564996,0.7298563638238299
233,241,31.405091191827307,0.4040812225320766,0.526189554095714
234,239,51.71644068885818,0.6892689775456157,0.931153529988735
235,245,32.64202375630077,0.4775806464782947,0.6675593447509608
236,257,30.19243226769051,0.42828099016248034,0.5555633999953963
237,244,53.76542036731936,0.674071863626261,0.9755303768985311
238,245,30.896352628893982,0.36044239518752014,0.4790124979600048
239,236,31.917990770765147,0.43426138149025384,0.5729742540329364
240,254,45.96039911736403,0.6074036466402817,0.8224701778340897
241,236,47.36582476257993,0.5916811672325877,0.8147292820295023
242,242,44.73837401076592,0.41763859327492814,0.48550057162901955
243,234,16.142491013781445,0.3348839346142842,0.4400206506836006
244,244,7.943234769541104,0.1082290322186094,0.07008576837605525
245,244,54.00911948545762,0.7167733322697571,0.9614548541352205
246,248,30.70004612096456,0.3830348340921766,0.4639656484420338
247,249,25.765332830496288,0.40415480525763614,0.4765337904695315
248,239,29.143345912940372,0.4884645475713558,0.6815796043449992
249,249,19.555694229103437,0.2168475763272629,0.2428420374816737
250,243,69.16977229979446,0.837096225727491,1.205297323982172
251,232,34.358505619289495,0.5258061570612342,0.7402230380848572
252,248,39.74384219290467,0.45213209917440056,0.6358492732737939
253,250,49.33674563194215,0.6566428249122724,0.9033211765065958
254,243,24.488692066051176,0.403692851406683,0.5483754420400572
255,252,25.526666056676195,0.32933308006213075,0.44467218061157876
256,238,44.46608268980048,0.42286216127005066,0.60165714637414
257,251,45.90962622833949,0.5990003983399941,0.848748848065221
258,243,34.31921618660145,0.44939137991151723,0.6091467858746747
259,246,51.3486744626244,0.5842430936260852,0.7049963193885482
260,246,14.941061469474059,0.2849013008302478,0.3671350056279983
261,241,10.336374657418382,0.18999563772876865,0.17112495879076603
262,242,58.919087346078435,0.7401185339842906,1.0256910912571608
263,255,35.14937207749144,0.3542947788162748,0.49667669808447873
264,248,28.673508220764738,0.3708660141272005,0.4080922182863608
265,234,35.61805246740624,0.5598678670471138,0.744642745514822
266,249,24.403864324376563,0.40570832151975694,0.5522475827345457
267,245,29.838576966337335,0.4597131342457302,0.6324725364283503
268,251,31.965826426975486,0.47786705619883235,0.6035003736745856
269,245,65.971716837849,0.7123280579794393,0.9336707594543524
270,223,25.19698326358582,0.36550001065179655,0.4825081587715716
271,246,57.20147055621214,0.5549489796529362,0.7752696614627737
272,242,32.5640507168636,0.455102445484032,0.731554040908755
273,243,62.78831643201348,0.6309474784660724,0.9761137709940997
274,237,25.35006040312256,0.4254715046004228,0.5499178239340055
275,238,60.072306325535884,0.6943748818347522,1.0113936612752048
276,247,69.01485343645555,0.7542460031248958,1.0349855814461133
277,239,51.04822061515311,0.6289683037015179,0.8904639290870359
278,229,60.953779818593944,0.7359757936748292,1.0233778033621046
279,244,39.41366412947898,0.5274955729474765,0.7074187069047446
280,231,47.766766911512704,0.5861954439235675,0.8638961543259673
281,232,35.30821048791655,0.5424087508972368,0.7840073255892632
282,242,30.493253617679233,0.4355261178281971,0.5453086063051683
283,229,52.75740023002737,0.6324926405322374,0.9151562431906821
284,241,-3.446328695989402,-0.09842996092296366,-0.10002947504639267
285,239,22.65541134421264,0.34094180472584407,0.47108570743733535
286,235,43.33026377049597,0.5833969337189766,0.7980185957730873
287,255,74.48219790247208,0.7615147449756285,1.0366760147795009
288,240,50.81544442970386,0.6582393043476855,0.8668963795308947
289,229,51.63932860950829,0.6726874367974365,0.9758665288731135
290,243,67.30889400586015,0.5923995126768347,0.7808383254950021
291,238,41.69334557952635,0.3982808954097858,0.5608261797476528
292,236,52.61765224940261,0.6332838524682751,0.8305059942134516
293,249,37.899964722285276,0.4967992794670749,0.6818736192605857
294,250,45.20075108276906,0.597823314416192,0.7970272598355902
295,247,23.277602780524568,0.3703595393767873,0.47651662047874704
296,244,77.71504443052756,0.8560715633311036,1.1853796676457085
297,241,66.0075767839853,0.6418271792814247,0.877094057411073
298,237,28.17644317965926,0.45728357704344197,0.5945804451464911
299,246,40.73014433777957,0.5698914255231069,0.7342685152089682
300,245,44.909904010461915,0.44197357062590176,0.5897354594453763
301,233,56.12454109070345,0.5904124506231927,0.7630371338559646
302,234,39.050760278157966,0.270867651497903,0.3475972138678279
303,236,35.229098304817214,0.5033700994886939,0.7111139925747366
304,246,67.69259956991189,0.7635200636639335,1.0201047459825114
305,251,36.625945507561966,0.5381342001218579,0.7652089739595516
306,240,55.37522682006818,0.5827919400179445,0.8602336359835778
307,245,49.899971823157884,0.6408641890057163,0.8855072982235865
308,244,41.5917982072143,0.489492592665062,0.6400775383462128
309,242,18.8432568635881,0.26762972115373185,0.358995170172561
310,243,44.55981243853489,0.6416871405384662,0.83446381183196
311,253,45.71303655805021,0.601707314391555,0.863683751010376
312,243,49.02170280793901,0.6402432054891335,0.7306170588678078
313,251,46.314204749651836,0.5278924968690564,0.6031495297920383
314,244,51.53045901433667,0.5659642484371599,0.7797891028235152
315,248,48.25991851404548,0.5644069350540057,0.7135215557747946
316,250,26.786243819992556,0.41062915743046347,0.52093400703209
317,226,66.68325431281096,0.757633120383794,1.0470306583327198
318,244,14.015542211435593,0.22431642666353255,0.22376874011670758
319,242,56.64117477430945,0.6212079536063912,0.8901520384666448
320,250,23.29672382186157,0.3839677060171378,0.49248397937429467
321,255,31.255459762682353,0.30553454074511455,0.4168030501180355
322,248,37.531962434154835,0.4995866500492815,0.6737576247539193
323,240,42.63851722238611,0.4934068836983457,0.7168906948570376
324,248,31.266848840703187,0.44952755507424796,0.6177432258145709
325,233,26.506940428508962,0.26442882175044946,0.4089920141170829
326,237,21.991360697034946,0.300204372004965,0.5302891900522871
327,242,37.63995966673621,0.5373849726446719,0.7292130754347532
328,234,45.02891613559795,0.5141936366259477,0.6064879545131362
329,237,58.2280535366286,0.6780356255218963,0.9654192339458977
330,245,33.30104699771748,0.3958577349349035,0.541034172518168
331,245,27.780035516319593,0.3991720519587859,0.5076759157559295
332,240,52.3625985405359,0.6375371793241815,1.0068801126820266
333,254,58.165986290544346,0.6725695339873823,0.866522940277737
334,251,33.46752770891269,0.4507372966407668,0.5743427240907045
335,256,15.274127549520676,0.30108961693524383,0.3958002335261678
336,243,22.18435201691716,0.39749239676580206,0.4763048695612878
337,239,52.99611294720246,0.49704824027142963,0.730654933574528
338,252,34.97009771607769,0.48379209654970656,0.6639244858292158
339,253,31.487738118901632,0.48294649457787103,0.6501025347936713
340,240,41.509769304223894,0.561652816874197,0.7820773955432037
341,237,47.84319675571804,0.6339860761158478,0.9060695188086946
342,241,31.16229150047807,0.4210010246790148,0.5001015974389313
343,251,24.89712838999764,0.4220962187653516,0.581643809477907
344,246,31.51077068361667,0.27098127899737706,0.4118201220112946
345,243,50.11196581458465,0.5668647155746722,0.8159844110819785
346,251,33.0402919402877,0.44292946838363473,0.6200027864371537
347,249,87.9409624456636,0.5892875101235233,0.7542179901790999
348,252,50.602700559069945,0.43137569613380566,0.4760310682316625
349,251,68.60431252738377,0.7417497168075669,1.0126067333741737
350,244,36.29680320087893,0.5033899056111519,0.6786210371013675
351,236,44.44245193155064,0.5976414817585038,0.781060240416248
352,259,75.20031171639062,0.8107745487244596,1.147521486508447
353,235,64.52280246178277,0.7278989000569688,1.0356104075286983
354,244,54.877486158594024,0.5822127602040397,0.7857356762539565
355,247,60.84960001637104,0.7647698998008441,1.1292138312385585
356,246,58.25324912641929,0.6302164703302516,0.874646588353707
357,253,39.30781129732021,0.4009320192567043,0.5214781248039736
358,240,38.899363732476125,0.5242654668124169,0.6749992553009359
359,245,56.73949168672516,0.511013032695175,0.705320752157737
360,251,52.100040977341976,0.6126617071439304,0.79471307337385
361,256,44.043687119940195,0.5814073732997785,0.7588952453653702
362,250,36.82284422167777,0.5627882728937703,0.7192131256597304
363,246,32.34272337167896,0.4405932956497775,0.5970584698288051
364,233,29.670457896987507,0.4339507309543983,0.6198961459547403
365,243,39.38234439717047,0.34232874828054044,0.4442014893140966
366,247,47.11400332971782,0.45574331238889404,0.6311826575240601
367,238,40.10141570622038,0.4104186750028004,0.6027437965148601
368,227,50.65765340673925,0.5783018276054279,0.842452019632085
369,252,43.59467944805103,0.5653080291493474,0.8073647160685831
370,247,80.87932057897373,0.775372776701929,1.1339914236612902
371,240,57.56919756884564,0.7444375917923527,0.9611183504949874
372,234,43.5071008792758,0.5264563732207946,0.7076636259318994
373,239,40.69329936480304,0.4961306687385945,0.6998301761348575
374,257,60.54262528040088,0.52330225036412,0.6990611894414863
375,240,28.107387557700342,0.37625702461869653,0.5173957764676556
376,242,31.341134219070927,0.4646762627454984,0.666114094949166
377,239,19.65667713913173,0.22213345695019604,0.24916942645939932
378,256,76.67464518310483,0.8064612828374322,1.0996898643400612
379,228,59.584518051558575,0.6872134294990688,0.8633473336035952
380,244,54.037362542551044,0.7013122597519922,0.9714248180110825
381,242,18.929052378947766,0.3337327516425118,0.4250076180315553
382,249,12.641521583902508,0.25317862952211656,0.31383129431325496
383,232,50.05629591191493,0.49405762662447844,0.6730668366513554
384,248,41.231500292921325,0.4692627577027569,0.6386083816390384
385,228,21.915496217999785,0.3191024669311705,0.4456207278821179
386,237,23.621214480829813,0.4156323703143445,0.563490999065043
387,244,40.34596241019658,0.524549379185456,0.7926852962142934
388,249,51.89615409506312,0.5628447769906542,0.7743364231884601
389,237,50.44304221301059,0.6117900632896801,0.8308554575549991
390,236,24.72312613751191,0.3765666778298383,0.5173116310823009
391,239,48.95413259850797,0.45828747468207176,0.7330646090530767
392,244,54.50347790063356,0.5747874637639593,0.6848884952126661
393,245,61.12993106739907,0.5685979701439827,0.8029008138353125
394,232,42.75832012499255,0.5242369707435884,0.7115307235465949
395,242,32.261032984842565,0.4520660120081946,0.5973823343842378
396,241,57.313752150957804,0.5048449767373271,0.7094499054517251
397,242,61.87926541154879,0.5968705840781612,0.8306762594859094
398,227,44.95551060446093,0.5713110194059883,0.8585098059505502
399,244,23.18120203338327,0.2889446920389561,0.37913702869466825
400,249,23.64317456695614,0.2603974645625278,0.3615965815966674
401,242,32.14236778046182,0.4076224168282455,0.525212336759392
402,239,38.04672940138971,0.5246889166677013,0.6617686950555679
403,238,33.56441828405973,0.4475747762324298,0.5646927363800194
404,237,52.23309543095083,0.646239155377468,0.8813766093298099
405,263,17.005071607964716,0.24377758565392044,0.30788969885026995
406,257,76.13742640069081,0.601205862206873,0.7825648226418289
407,237,11.81570870918026,0.1994888153325179,0.23251572380178645
408,232,46.82018554499879,0.6204889045112086,0.8188453085129634
409,244,53.63030155758546,0.5991450197292527,0.8708340539459443
410,241,34.824783063115895,0.4329410791495868,0.5733443651319999
411,260,28.156282448418274,0.4368132674725368,0.508276030308593
412,238,42.48130189211889,0.5722957551794652,0.8323966877621267
413,249,35.17952753113992,0.4627305937818066,0.587373506405562
414,247,27.62900497947225,0.3821519666700982,0.5241608358163571
415,246,56.6855020268271,0.6675260827518721,0.8918120609246648
416,231,24.501377671443556,0.3859547031859062,0.4621020948842441
417,243,75.60933652857788,0.8146833492162683,1.0838971298258433
418,250,17.834704642347294,0.33554067944382393,0.42845229208724706
419,246,32.20281243076383,0.5241536294226459,0.6821582666333497
420,242,40.841612409318444,0.5281027624122948,0.7426376498633867
421,249,60.671438237850325,0.6705252955815171,0.8822220883744499
422,239,38.37860501297658,0.4908280906206993,0.6824728803520965
423,238,24.637509176983052,0.38215497709810564,0.5474277775959064
424,232,28.80511295955089,0.4577235577740927,0.5862505728477652
425,246,43.85338740844734,0.5538556011372523,0.7068645963283672
426,251,56.005669181113184,0.6510292301039855,0.9026056225023475
427,254,42.64930519182117,0.5413051124998425,0.726028294635535
428,246,32.79888522214295,0.41502250458197854,0.4974835942560126
429,234,27.793878830185427,0.2464141989754479,0.33877547271062397
430,249,32.64708825072968,0.470693358862633,0.7135671107915778
431,240,25.582925963877678,0.4469560238824403,0.596322444832235
432,249,49.78514067110335,0.648911047853501,0.8286481634814361
433,242,52.10101235034104,0.4320315243835341,0.5379758886390695
434,254,11.777459054395594,0.27524466317057994,0.33398497574047836
435,246,10.65050767365974,0.19692830707165263,0.3220717737239217
436,238,30.48480422554696,0.33111514903090095,0.44655628531846076
437,232,33.289537598075654,0.5004233380484578,0.693249422214662
438,252,47.18780845805259,0.5262634897120604,0.6709023407340159
439,236,69.39072111101986,0.8436297920988206,1.226514244189799
440,242,46.87261703648063,0.5984106305092682,0.8185694686372711
441,256,84.25706653878201,0.5840836682633279,0.7840884613738033
442,230,38.73489879193006,0.36169834736686834,0.4588316446643782
443,239,71.85169315477658,0.689764277664505,1.0205167481912665
444,237,32.08111758862892,0.48887395459031496,0.744325356331641
445,240,59.27339035285038,0.6779766262389686,0.9762617328251567
446,243,25.64459479136938,0.27075506409971545,0.35217388704564245
447,238,54.58227680611717,0.564099374181527,0.7470409262027857
448,246,73.90309723362122,0.7370623187755412,0.9209816979193194
449,247,45.05894989942817,0.5780930444042389,0.7927186949740349
450,238,42.36886943398901,0.535879816083521,0.7632464578188627
451,242,45.12506791885379,0.5509083217506446,0.7406263294656206
452,248,18.465853024193024,0.365146395408451,0.4726738652312511
453,252,49.448888074945295,0.7005311447683557,0.9416138777980736
454,254,42.21689558319687,0.5831884803295158,0.8073850732419894
455,233,44.06974144313232,0.6254626621664305,0.9028750452202614
456,248,62.145057255857445,0.6409644165290473,0.8394815933728559
457,252,64.8112623437402,0.7545730624574245,1.0459134325612198
458,247,46.595197052218445,0.4511684971604323,0.5630793869484731
459,249,47.68795608473537,0.5239537803486433,0.6571572762438477
460,238,35.70549676247484,0.3715141586685563,0.5068600958827189
461,243,66.2360111957472,0.6154793321831552,0.8106892360811543
462,245,73.59035952873936,0.5839080428298199,0.6964986474523476
463,242,54.82959183608256,0.7480877113452523,0.9436386597793657
464,249,51.67384509525134,0.5124512863278199,0.592563207246694
465,247,46.814495222841174,0.6132093398143871,0.8950513693333422
466,253,40.831120114920346,0.5796075581345951,0.8111216033743741
467,246,65.0434974796012,0.5272941033911424,0.8039402894435004
468,252,67.20658544697993,0.6846468368502275,0.8752209395401316
469,247,37.81276147037129,0.5569319291320587,0.7244375307861456
470,239,20.545865215339884,0.34630674620317425,0.4490584187402555
471,238,15.600057443760102,0.31896387568931545,0.39413029845654657
472,250,42.22802497574797,0.5459631355033565,0.7154074219399954
473,248,33.230865925795996,0.3821768671223274,0.520816319707798
474,256,21.470684810337485,0.3522528142401581,0.4405016994406109
475,249,59.19080684187293,0.648168108783216,0.841079579889487
476,241,28.86552458917232,0.43391237634969837,0.5447946198599236
477,234,14.452871709543572,0.3226291116521235,0.4732557531092384
478,237,46.815964433562044,0.6169026194864117,0.8624815737763395
479,234,38.902164540259356,0.5205837538524023,0.753990725466751
480,251,17.725773193631518,0.2857498464379466,0.34391083083588153
481,241,43.910768676451575,0.41580633692558583,0.5667352093474729
482,251,27.69182748780525,0.4065362041789463,0.5697729821868591
483,237,12.569221638100823,0.2985239728464776,0.38364792473395204
484,247,16.945946973506672,0.3095944989267864,0.3988883569499759
485,257,54.89972617781715,0.5413205759705539,0.6873316216334537
486,247,62.76513295400698,0.7679120484919132,1.0618982468850626
487,246,41.92575151317651,0.5523955188221914,0.7231146963354036
488,240,32.85042780888652,0.53405072354382,0.741940789073807
489,239,31.989546822692272,0.4703029887805045,0.6237741915064474
490,261,45.718667938736544,0.5511807190940317,0.74671814103943
491,248,48.83472312462586,0.4971136787013083,0.6898759012280034
492,239,29.85828360139434,0.4248252130127522,0.5516949615138366
493,242,58.67584789114161,0.7138568134276813,0.9950454530442941
494,240,15.311081079146879,0.31422588385626027,0.39731419748032115
495,257,33.64804326303941,0.4410469208408374,0.593237895371338
496,245,23.47237850564604,0.3768078294045663,0.5445803138445926
497,234,52.81685733297504,0.5817186017790575,0.8823127571629928
498,261,38.40674009734764,0.5115717307646107,0.656156823497599
499,237,23.519041062667775,0.3939927268270378,0.5142227839054182
500,231,12.593248942837437,0.26731804390614516,0.33355366895803296
501,239,41.32401968115239,0.5899861301567678,0.8265715722595688
502,243,13.4667095435754,0.23722072898402632,0.3026981319016307
503,250,58.97330458809514,0.6535320913092344,0.9422281660817646
504,240,22.640555401180205,0.24547568056090655,0.35500294986501074
505,242,50.62051248404523,0.705766082353317,0.9504949482924065
506,245,19.49171650200397,0.23047442397882975,0.2964674804048718
507,244,46.57307743719482,0.595255357844288,0.8067136714621789
508,240,58.31499957524805,0.5101775613862201,0.7517997221608148
509,240,35.72810365046432,0.49565160599625624,0.655307645917077
510,238,21.11707259056956,0.3878114455102831,0.5069828666703635
511,248,34.15201759205724,0.39878797676380645,0.5830628488650806
512,244,64.08915571880263,0.7569048194405746,1.0828206462100027
513,243,51.17189077934263,0.6363837949921824,0.8959011640235041
514,242,42.36272356657737,0.5679621423191799,0.8218486209229544
515,252,26.90234298983753,0.33584965984396875,0.44202826580546306
516,233,52.381468569441324,0.5711004771435687,0.7489334790895112
517,232,33.50950335121705,0.46038614889297935,0.6349359522378004
518,251,83.49654529935673,0.8520248243316834,1.1866310524034405
519,251,70.77496487960205,0.5589203879104557,0.8008852313312488
520,252,22.96356173942209,0.40665258460473297,0.5451603995290885
521,248,40.734789144941566,0.4354176963540385,0.6097607395841493
522,244,41.991144355907345,0.5242608464688644,0.713156581521442
523,245,52.46948391982943,0.5896264763081374,0.8024937558706892
524,252,9.543117976208732,0.152252488207194,0.16396961161724471
525,235,21.549011797731346,0.22894043983149817,0.3147009229648151
526,229,54.20529939756243,0.49043613674012115,0.7084118627105147
527,247,48.06634920765534,0.6677515642404968,0.8628915202343261
528,243,25.75305468309777,0.3854364079665407,0.5177142041977125
529,238,48.169393906883315,0.5584243013495642,0.7444454309164183
530,235,19.73970932775141,0.26456104486714754,0.30650859727374735
531,232,68.12841949664917,0.7112724878984833,1.015480180288853
532,249,20.75732067579172,0.3359246577903818,0.44597049347579387
533,253,43.952068155605595,0.5099623308221632,0.6529391279148227
534,230,24.601898199977096,0.27535576315846355,0.37318724151268257
535,246,28.197006612962355,0.3869350702068633,0.5552151326320474
536,249,59.309812833454735,0.5796563950474817,0.7257383633651604
537,248,61.444750075955724,0.6754433758165296,0.9069022965473966
538,246,26.855050520168312,0.3768966324042987,0.5223434069338679
539,232,43.09712018430842,0.5484635589718201,0.7379166951990022
540,246,66.71222925288777,0.8014245234784255,1.1112241748373386
541,241,58.877368004044136,0.697524579236199,0.946973969158714
542,245,83.9004052275829,0.8124072943561226,1.2038417484297295
543,236,20.24728660569689,0.23817631535496378,0.32953235069482056
544,256,59.805907037288605,0.6068758021238678,0.785520887858252
545,244,70.15356055603493,0.820943510583164,1.1128390535719328
546,249,59.13218728510354,0.5978516980501929,0.7678966386933598
547,248,55.71472505956357,0.5970886734526186,0.755821970817
548,234,72.72972190778783,0.8246739515212094,1.1900338057036537
549,249,49.280926867649804,0.6296937714167589,0.8813073038408454
550,246,43.921056480096226,0.586172799749991,0.8086757921637304
551,238,37.21789149677418,0.5544118053032587,0.72083970448435
552,238,70.707810388024,0.6294548042819882,0.9115943892232048
553,238,20.51563594340716,0.3197532024778195,0.40912756361379277
554,244,25.65845421133681,0.33199211095055675,0.4957884262957025
555,249,74.49398968371408,0.8188977008573308,1.1498813505621663
556,249,7.01312943667821,0.10579396546418898,0.08410270397513846
557,244,22.362796752105492,0.3077276976881417,0.38425681202281026
558,243,45.22594654264056,0.5215891562536614,0.7251818295668706
559,241,44.08231308519542,0.5330289117459841,0.7149128715438324
560,241,24.37602315113627,0.42481219113369306,0.555159771739558
561,242,43.68155950117986,0.5830335846300262,0.7425893801534285
562,233,20.40923340555595,0.30854214309564654,0.4093432527910984
563,243,56.138671678593504,0.622678233455066,0.8556884627846995
564,237,68.10986759979694,0.7044710519337972,0.9642148096019033
565,253,35.32945380833643,0.556056497154753,0.7407117058924768
566,245,17.98956839223912,0.3235551054560416,0.40944124388700887
567,256,27.59796554548843,0.4005656481017946,0.5532047409633533
568,239,58.05104292775697,0.6622588396170068,0.8749406069483175
569,242,36.00440711273332,0.5044906831474634,0.7039102389696892
570,242,27.61930149548295,0.3530095342340803,0.48195664252336556
571,249,34.04337963197899,0.4367181368370658,0.614223363678544
572,250,60.85987990704808,0.715638786748207,0.9960483606083829
573,251,50.707280831268825,0.5798655841224208,0.8312195953171388
574,232,31.153363834180237,0.48892850109812624,0.6186826858213952
575,241,25.637042818719237,0.3656161010855904,0.4183628608998601
576,247,50.68539702464793,0.5054140012126266,0.6577928133306113
577,246,57.63403708106394,0.6513634720084858,0.924272234337178
578,250,28.000375351324106,0.3904691903931885,0.5910585195727732
579,250,58.942202398458186,0.700713388993526,0.9065966773600479
580,242,46.55637771859973,0.6481829021710073,0.8899493102167982
581,249,55.0228236719503,0.5744695432417173,0.7543111592392016
582,263,34.86207717795745,0.5250693380164844,0.6937609079702094
583,252,39.40975269334505,0.5276385575041933,0.7137005973552946
584,240,16.478492026903712,0.32103729087992894,0.4464842523716042
585,245,38.09927330378892,0.47789946892373647,0.6284237572328415
586,259,67.90414585622436,0.6984515853318009,0.9250209555264156
587,247,0.10052125736925213,0.13339699691919527,0.1582759188191641
588,238,25.144867973796927,0.2920807765317796,0.3473904413815103
589,254,52.07111454573264,0.4464452753357341,0.5570163628453398
590,234,37.5174229546371,0.5411874784583912,0.7369344664953388
591,247,29.799191095793255,0.42724530585153203,0.5480496192059624
592,254,51.17427200564997,0.45903364771054944,0.6089061902642079
593,242,55.8924864899087,0.6605860543523134,0.937230473375612
594,246,29.440989527921186,0.44794192349501083,0.5957963398921303
595,240,28.648384828614844,0.42822878791561864,0.5286650799582123
596,248,36.92462213654319,0.47615985120420357,0.6346399662980706
597,247,43.778565346358995,0.47940108969719003,0.5694384830968476
598,240,32.44039726904559,0.44940851335752513,0.5957091551031688
599,247,39.95695273726194,0.5923710039383983,0.7743955900258443
600,245,25.60928753721376,0.41500271458330973,0.5549945220808179
601,234,13.391149945313476,0.19635075631386661,0.2763944097737496
602,249,103.76923942306935,0.9452059728845217,1.3097774909414046
603,241,27.0400831201772,0.4426574361489786,0.5581381673365194
604,246,53.51898074454105,0.5546294943303334,0.7346171195633847
605,245,88.09390163810153,0.9429383058095915,1.3525264424796466
606,242,35.92329355747815,0.4694023792413284,0.6246553033932853
607,255,39.24630175946015,0.44323459907591695,0.5845870666574168
608,249,45.90851888280638,0.5000561878808034,0.658096344783264
609,235,10.570383931324232,0.19223981276085747,0.2628380059788623
610,235,40.817331449659605,0.5103936580246383,0.738946619758533
611,244,29.438281900021366,0.34535367857210886,0.44600384637165724
612,249,52.41567224063132,0.5931425629279183,0.8753978767910621
613,246,31.84119719679502,0.5126074503518179,0.7574395028389409
614,239,22.583816559553377,0.41249026570563263,0.5694126755508193
615,237,56.49912339661978,0.6945998064982638,0.8920233745767293
616,239,27.332174838836018,0.3645086735775564,0.5849136759865812
617,234,19.98370687711367,0.37052208038293755,0.4587084252517542
618,257,55.16157799673713,0.5013832072392965,0.6011535694493357
619,249,33.34440640505246,0.44076200309729663,0.5530290628804597
620,238,59.43216541024401,0.7019158795184992,1.016361287903937
621,234,10.177814816261012,0.2342319033265937,0.3095174752474331
622,247,45.95925033455012,0.6142989627944946,0.8152153009683479
623,254,57.3260996410206,0.5332164679251424,0.6441063178216767
624,246,57.89445054957389,0.5986369738552715,0.8386270612660928
625,243,35.9234406108715,0.48672405398539187,0.740130661700384
626,241,20.252619590935904,0.3299099060593779,0.37600035983024926
627,254,26.217874071877805,0.3960857863842041,0.5775262982553346
628,247,39.07904680563846,0.5325653049470609,0.7328682988172149
629,243,45.737406746682254,0.63140914625616,0.811209026438644
630,250,44.08268375991413,0.6342338828915551,0.8430315325057993
631,255,45.770420209360545,0.5658388207531904,0.7447271529234868
632,263,31.429015608977,0.49616386583875516,0.6342844246728226
633,240,58.191203012542246,0.6585504449751586,0.893516644038686
634,232,27.36732518723602,0.43429791370796345,0.5828283583708191
635,240,47.050635358421836,0.59303467047061,0.8050806443547348
636,240,22.273036316844482,0.2273672006546133,0.2817503052728756
637,237,52.92944186670563,0.6666144955121984,0.9541843136343028
638,252,22.098049037766437,0.3666351556632799,0.4794171126611201
639,249,40.469761820279594,0.5802449148431612,0.7829213881591782
640,239,53.83875770272258,0.6514504903660449,0.9194500860276007
641,245,66.70804655330872,0.7544749351024418,1.0529715779437938
642,237,23.17813617486349,0.3876766504241911,0.5282652780386468
643,238,42.74103586408232,0.3854673788331559,0.4887136890634725
644,231,71.50964309675865,0.6481408090170112,0.9319529130893546
645,247,37.89984940660251,0.41823246016710847,0.5351458094232332
646,251,25.887793463915518,0.34832273347900744,0.5351102811979345
647,243,14.039947575672949,0.27633317939366797,0.3882697057082041
648,240,28.910240059477843,0.43739804271198046,0.5569276496944562
649,243,49.993921076319715,0.5638936911768725,0.7706126485948037
650,240,45.63111004203462,0.6305831627167071,0.8762796740516272
651,256,77.34851468342535,0.7641662253661877,0.9980554745672008
652,242,63.10964964134299,0.6732912656147876,1.0101677745527053
653,237,37.03743038820513,0.4268065572480017,0.6575890541450585
654,248,47.42392420139616,0.5078715864156137,0.6264874529672402
655,248,54.18658619354225,0.5862016095178774,0.7584438634698323
656,253,49.64443844503698,0.5146011039934543,0.6950296541652071
657,238,23.009706285171927,0.3876510486630087,0.48621198947674954
658,242,39.59575226582787,0.5553308628515223,0.7584538402958427
659,248,60.817491006716395,0.6910998378726049,0.9316780605111011
660,238,19.82675218323031,0.3262515570446992,0.4436549506550052
661,254,45.76486052772456,0.569792717236352,0.7598444570614903
662,259,60.307228715717955,0.6020333199691477,0.8365201570444482
663,246,57.53742462299736,0.6985923725695626,1.0261453973098091
664,254,12.139832975809654,0.25675931161208837,0.2880213975830546
665,242,54.17051399109497,0.5976270423360519,0.7288876083481861
666,244,37.530887961994345,0.3748179580207473,0.47875279612356947
667,225,41.939715958288716,0.6104279219138254,0.947276427922237
668,232,24.935638347237298,0.3429375797385697,0.4508346744036557
669,247,43.421625809627685,0.47195485698042194,0.7299759406718753
670,253,53.1775054769278,0.6468533891597521,0.8330449053121163
671,244,50.024898986643166,0.6438074924709829,0.9423921554252084
672,248,34.48433318947865,0.3911262410491887,0.49691493038723555
673,240,29.30226137823296,0.42260042331879893,0.5453411710009769
674,249,41.80379012338773,0.49488489486922643,0.7596860688244782
675,241,9.253581462010441,0.19183755142255293,0.2419102922918553
676,248,48.01610532113741,0.6104564768446274,0.8664665055833355
677,234,46.833473597280246,0.6560280902421314,0.900719607047616
678,239,33.37299441177281,0.4712848963852342,0.709189736544871
679,239,64.77052149161462,0.6326627796089025,0.9442682642191104
680,250,25.511004058475248,0.3195014616106947,0.39212867086427555
681,250,73.44502456672117,0.761338808205649,0.909845025830349
682,251,29.419038817141928,0.456919650250056,0.6149332341716939
683,233,59.244666573981746,0.7001250492722088,0.9480839698116291
684,231,22.30024276298684,0.37557876765939746,0.4244146544792315
685,248,23.173155196212797,0.3094169430060945,0.40882544405102694
686,253,56.4418742325445,0.6099030811370704,0.8196213873432419
687,236,45.12005683697554,0.554048048292441,0.8000864171115726
688,247,66.24208665439916,0.5978759028763104,0.7917073644758125
689,242,52.37189392720487,0.6000465723582767,0.9100682527421181
690,247,29.101735399493784,0.35098866944540763,0.4165264935545442
691,252,64.46263378735264,0.7373677764876199,1.0519324691929095
692,239,71.3867818011175,0.8912107507731962,1.1890950834222862
693,244,54.800846863066155,0.5678878103282847,0.7384904365511147
694,246,58.51504442150391,0.693537810427482,1.0186422747971462
695,232,30.590923706957533,0.3944464221201591,0.5429238006631097
696,244,28.20798998578665,0.4198275815044005,0.5900270376802134
697,242,31.61634260208006,0.43188600754795636,0.5823981684895404
698,259,29.875939279651227,0.42852593017364515,0.49055179145554045
699,234,36.19391712643054,0.5273989733437782,0.6847062033117708
700,237,28.928952205758556,0.4984308921479837,0.7118094302780296
701,236,49.45340863906817,0.6869114588475861,0.9431383268913299
702,235,39.95015504137048,0.59317355691903,0.8068449291589814
703,242,14.272464687056125,0.18096785889044584,0.1711835868474964
704,254,46.591573467132676,0.554036650199685,0.7388718798351669
705,242,68.58394391760542,0.7112672275928236,1.0967626247705038
706,241,46.34027469310557,0.6218360936055846,0.8241767715167813
707,229,24.368168280109867,0.4053920139470538,0.5790414303207116
708,248,28.3903586787766,0.45070535012569957,0.594561759424465
709,256,51.34724042669568,0.6334206364812708,0.8796357946019938
710,242,16.005115184590004,0.3111499470220027,0.36397358677880476
711,234,74.64259352922197,0.8075248533183863,1.1282441480966603
712,241,49.73369167669197,0.5006405690286982,0.6928167292074516
713,243,31.536135010429234,0.452358039599669,0.633776676743633
714,242,22.544802035060936,0.3657309650892411,0.4863072983638232
715,246,37.27470284098629,0.5491142765415686,0.7396618651260165
716,238,65.88945387608096,0.40146101197530876,0.5312889718296692
717,249,35.78678840122112,0.3607422931519183,0.4878406530687315
718,255,44.715832942658054,0.6093349456218461,0.7620207881072124
719,233,59.088075763407986,0.6557262940550963,0.9085157412200365
720,241,47.96605555913212,0.6019927373197752,0.8547618293265374
721,247,28.333584364527574,0.4629762375686831,0.6361380204733161
722,245,30.1207370106904,0.35029269381390027,0.4232267858585866
723,239,45.20505308212783,0.5339220027739362,0.7356439290707527
724,253,75.91384954408673,0.8343142391758581,1.0962754499488288
725,250,27.305409863521696,0.3209885817792921,0.5334101883921611
726,242,67.23676535778156,0.6847188550845678,0.9287758702449302
727,235,42.80385270087227,0.5590690624293475,0.7434817764627806
728,239,35.480416449707356,0.4827007199566797,0.6524142519021687
729,238,53.18257610550214,0.690653669327469,0.9192078452085841
730,245,57.506236289624894,0.647083423102486,0.9175926189786642
731,241,14.046945451447542,0.16066330587517572,0.16867047222500148
732,236,50.31353244279207,0.5293616741925311,0.7294012374420269
733,233,23.313346735774626,0.32614309899998417,0.4581625583811573
734,235,24.043520116218858,0.43940424542564827,0.6220328703948222
735,258,33.25407445479751,0.48176183397431716,0.6326965081373481
736,245,26.69106104819148,0.38865129818449456,0.5324312371594984
737,250,36.41069167633133,0.5389029877627127,0.6980531241485318
738,241,19.10509758037761,0.28788903530024007,0.41736700210128896
739,236,30.466105640390026,0.41565750244284105,0.5599986410573399
740,245,19.589002448075327,0.34528155160150875,0.46816395559338886
741,232,17.488050495295905,0.2881361888420041,0.45118710030195075
742,234,72.49140065815564,0.5690306980192279,0.7646931555281365
743,239,46.75526708428578,0.4884342434907104,0.6379759158610919
744,251,31.820815386505707,0.4750874409786703,0.6128801684431522
745,248,58.98445600934235,0.5473989467898109,0.7405843371435484
746,245,33.76823321433887,0.36934035588135045,0.44395309429822777
747,243,51.202886174785874,0.533898920040155,0.7092076108713259
748,237,44.77752653319375,0.5443176546839906,0.8054603864115493
749,244,55.746192805124124,0.7036444762736739,0.9034577425678642
750,247,24.447786773468273,0.4250796842615558,0.5556734572590069
751,252,45.399360544571906,0.6641166238170191,0.8601075592787542
752,243,35.40450449961848,0.4662513418429963,0.6996686869290518
753,236,29.267581281837078,0.403173465137783,0.5695857473905465
754,247,26.244818626055906,0.41250466908453676,0.5037876927012077
755,241,23.119040597929672,0.4430385300829002,0.5758644281883766
756,256,40.81552465151498,0.5716709479962352,0.754167994253722
757,256,43.67968757664254,0.5377753342115483,0.7034727329258399
758,238,31.295123256313012,0.46719115580476256,0.6172048623239719
759,237,51.03587061330866,0.6839789794836661,0.9920276099791632
760,237,58.07521904131437,0.5993131733210341,0.8193927321492677
761,233,44.61091699353434,0.644286815808957,0.8495752714926376
762,233,36.16837976220311,0.5381023450972389,0.8121454631880975
763,248,71.2048195257445,0.6847122589865142,0.906912926919906
764,247,41.85478187997559,0.5546653713363215,0.7277215137007241
765,243,34.87702735054784,0.4016334111790383,0.505043828942531
766,251,70.27343706924326,0.8348860514291319,1.1751438458442636
767,240,30.68462234489336,0.35791683435304344,0.4874339439292351
768,244,54.23102213879554,0.6313033192643858,0.8166059311014114
769,241,70.0348385833568,0.6653255184895208,0.9745548710455896
770,245,4.7869774772948706,0.17652691956222,0.1828538047861689
771,257,58.46459665113938,0.6890519438689718,0.8715902901285049
772,242,54.733406245321284,0.6779494773762689,0.9422929170166029
773,249,26.289744259530618,0.393855687749196,0.5374246708159651
774,254,56.696136970875386,0.6396559776417267,0.8519417769173755
775,260,60.99718191742869,0.7544468127991886,0.9762501038157968
776,251,36.7856166280239,0.5108568382525108,0.683141122404928
777,255,49.284706716339706,0.5093280731409013,0.6707647098708913
778,245,54.088537391226566,0.5516256927266757,0.7232223060089531
779,251,47.3290755815976,0.5921701460958444,0.7950877402894521
780,244,22.162485992846882,0.36886850400618487,0.46461980354792864
781,239,28.092416659551265,0.3826009273256301,0.4241211402211299
782,237,47.840965628437644,0.5454480215494326,0.7724364042305858
783,246,50.238834578470716,0.6617369888770908,0.9004381325703644
784,232,16.62177937353573,0.3329716865533726,0.44492353748452906
785,241,41.03868200115092,0.5003076009916225,0.6198513077357679
786,238,77.83382158407957,0.7769466915364303,1.1165555828345046
787,253,55.8919348583638,0.6984533350453146,0.9484525587111697
788,252,38.33851781708046,0.535701893754881,0.7298619552721555
789,249,42.71690066814701,0.5321716511727473,0.7410194164818965
790,240,34.71928919928014,0.5452554816383646,0.7440716147556192
791,246,32.98098994325565,0.5313281287831557,0.7128364741783367
792,238,52.4012114173248,0.5994408471551468,0.8822024110983666
793,249,27.97555666230748,0.3922190517077778,0.534155315630761
794,234,42.44734733678543,0.5075781425668222,0.7347603653933927
795,234,34.14311355630443,0.40191126963575563,0.4989410294172606
796,231,62.2598916342097,0.6888010876912167,1.0052791795377567
797,244,12.44431108393054,0.1559063216236318,0.17533009002750366
798,244,43.28132012546329,0.4840241335069896,0.6477648067891268
799,237,56.17177858286709,0.7241714371494474,0.965210959163219
800,231,37.227028915280286,0.535209300471491,0.706535986711192
801,255,79.14133388356365,0.8218706825112962,1.1043960225986156
802,232,35.41835855890834,0.5131591942534779,0.7213292612140854
803,247,15.102600772421184,0.3269812391436498,0.44326364871511925
804,244,40.29025173556313,0.4736746659375067,0.598447480728453
805,235,36.24317882411856,0.5257064058853068,0.7393471765335186
806,239,21.19858135053039,0.368855347465529,0.4838893688260872
807,243,36.59357306034735,0.46823103725982246,0.5650940479224184
808,248,48.74109047854571,0.631507575509268,0.8892779486831328
809,253,34.613275693369836,0.3678432077472801,0.4854787344843376
810,251,28.745983532432962,0.428306633494706,0.48390932987752705
811,247,31.11418333530232,0.4584421283097952,0.6145360555980813
812,244,55.3392546929792,0.7015607188927256,0.9312104199769664
813,251,32.88160373662377,0.4755707069896443,0.6270035107342147
814,234,65.07948469941957,0.6811314927360596,0.9725073103007673
815,238,36.46516543936889,0.5672662973314164,0.7501827191458215
816,240,54.715975948783104,0.402636456029311,0.5346766424607791
817,243,21.35404039083552,0.13798691732401763,0.22562300717071074
818,246,41.97781088689184,0.47617835484520843,0.6442415724743987
819,246,56.42734374494514,0.7374550967690396,1.0469493531930625
820,238,51.84745418250786,0.5977097195526438,0.7901470348641955
821,245,7.899241199333683,0.17514935659240788,0.22089200717939955
822,248,31.077448445687264,0.4426108590924088,0.5727709824943034
823,257,54.1143923177793,0.6569662647072467,0.8662519323834154
824,239,52.371946241254705,0.6221202981741516,0.8660145498166749
825,242,26.21930617025894,0.34131971936867533,0.34950112576414494
826,232,26.958015975620462,0.44645377142867193,0.6134503513922738
827,234,46.21312261057068,0.6458659656128567,0.8826642542366272
828,238,39.63312209276339,0.48865632612789983,0.5523976643949912
829,247,18.814386649048803,0.35225902419185384,0.451944719660413
830,249,75.09927146544169,0.8705439458641951,1.2651836579158673
831,240,41.103090669624365,0.48697183130149363,0.723056775537937
832,245,36.94167419946272,0.5154375879379486,0.6440912902731755
833,246,25.217285461894683,0.44429104756685484,0.6013931835154549
834,231,41.33982837157549,0.5153493339949553,0.7300283957959223
835,243,97.19321450507407,0.8186423466412733,1.089323605949457
836,236,27.373433779411283,0.46826186428014605,0.6629438144409645
837,242,35.313512423279114,0.36511368218339413,0.3710106105294273
838,243,23.864276917442268,0.36310286216865706,0.4522852408427844
839,238,19.4967603055288,0.26116361460058213,0.37357299471582606
840,229,40.41629767475925,0.5346467787502481,0.7977945396796084
841,251,34.398022980598064,0.415148678757542,0.513080112002382
842,246,37.01675772642069,0.5023324890532418,0.648421437423661
843,231,25.116366665049085,0.3251724172603246,0.5060355707293203
844,242,50.94601659317327,0.6397100606708277,0.9608762426881409
845,239,38.732058221234226,0.5798074462978748,0.737013357196818
846,244,14.266987163758728,0.27887621656412204,0.37614300188013333
847,244,28.175096950464535,0.3602442323121829,0.48982033487358845
848,242,40.41075979582958,0.48629527212619833,0.6556516561802809
849,257,65.88348066716017,0.6944426114231581,0.9923479817374472
850,249,45.01737208252084,0.5652525303867038,0.7420296407841174
851,247,72.25605127728743,0.6114811348818326,0.794767480276418
852,246,60.75208684654755,0.5519043819515937,0.7125848688730914
853,250,18.06161830568026,0.2729767484755706,0.34134387281719647
854,242,33.846027304558504,0.44142912096497994,0.5754819380144252
855,239,42.451844516464924,0.5376106571687167,0.7642557648904031
856,250,30.1146472986244,0.38649562276165705,0.4117192225110278
857,244,25.385255406673114,0.3803893668138005,0.4803680711033412
858,260,38.82410486408952,0.5462619788072951,0.7684976227458417
859,240,38.31872725254436,0.5749373737654347,0.825575080648868
860,253,55.992706877362465,0.5862904584271529,0.7133175492132968
861,235,37.870251635786296,0.3469204298407618,0.4707634602761354
862,248,37.30960170212688,0.53353177859289,0.7246894735389627
863,236,65.20076428362464,0.5181876971646867,0.741963242406422
864,256,28.028601000222135,0.4273650309380632,0.541260591028781
865,245,28.608542538871717,0.3911866485973045,0.48723428769132093
866,246,51.25482462566763,0.4677224512479481,0.6627968151247248
867,240,21.643200663241245,0.3525948703992081,0.47992491639836443
868,234,52.376399537719955,0.48343724177018776,0.7547157563440343
869,248,44.00178554225007,0.5883566766350746,0.7771460293580231
870,239,20.060311311128967,0.2733952675285033,0.34616709227966275
871,239,55.27053642597569,0.6175539963384696,0.8621701497122312
872,237,58.15334784418718,0.6428447244582336,0.8951068381831963
873,233,58.04564974096744,0.6364260499373833,0.8218109607795456
874,242,49.955042760236715,0.512240695643204,0.6992476499919256
875,249,58.350827925314036,0.5763968006373863,0.8057459020828176
876,244,47.18009968068584,0.6471891542985346,0.8112294835558004
877,262,66.07785738446773,0.7485106448980934,0.9227783581227795
878,248,54.45884432311649,0.6609559959406464,0.960946748044466
879,253,38.90232086915707,0.4768406637057116,0.6893479343773403
880,244,39.18185154621396,0.5627146000721333,0.7938940272959812
881,250,25.20946225456113,0.3772332743230218,0.48778187445113164
882,243,43.3113591351201,0.505260028520543,0.6647581112927019
883,244,65.46658662255344,0.5600304361334743,0.7284364480516756
884,243,37.48102035343285,0.5048842866580789,0.7398066953819502
885,236,41.335135542662165,0.6137846246829067,0.9328279916822753
886,244,55.134053033896826,0.6278567532816259,0.837795725771435
887,231,31.818986011500424,0.42833240740058526,0.518867923253863
888,238,31.514677844311755,0.40379022673701315,0.5872043702441828
889,238,18.89528488724179,0.33916904837204703,0.5011828725736096
890,241,63.023232799075494,0.7651673079543303,1.086273910442553
891,247,28.79708794085236,0.42437969940555176,0.5676271962294237
892,244,27.030376517884143,0.30424549041527565,0.46704285289027697
893,246,60.98653824406104,0.6655983020025505,0.8498022187172859
894,234,28.03166365316182,0.39913948243337527,0.5700791820796588
895,232,89.0379528418344,0.8543331527231584,1.198691134071982
896,243,71.41046498993599,0.5874458504448872,0.8605805645520277
897,249,29.608819632279204,0.4437478208718567,0.5748507482446747
898,243,26.277650077437347,0.34823968223152574,0.4748275615682768
899,252,21.931485113222173,0.3423074114436837,0.4465681262351146
900,249,53.401781018973544,0.6459355780305579,0.9100034350188965
901,250,40.503765808555904,0.48768283785453076,0.6402083548757769
902,242,84.72837855748104,0.8570879259905138,1.2123075277926714
903,244,25.42987402537567,0.4386731308445416,0.5904235631381713
904,245,23.810229801733875,0.37962708514041665,0.4748297147409509
905,247,27.325437076055863,0.4490573064254784,0.5530635640683078
906,249,51.44627413050523,0.6310164748027093,0.9313665371456258
907,238,32.94395279000457,0.3687255455237788,0.43162884321594647
908,243,27.620568954610413,0.439147534137624,0.5857300801426454
909,243,58.380360454238065,0.7192487683737567,1.01189149118537
910,244,34.54789926537019,0.43352429304540074,0.6372956208459593
911,225,75.93703956118532,0.8370111426717927,1.1692370318301533
912,252,62.38546497399959,0.735038886264158,0.9583905023716618
913,251,38.82173707253308,0.5083747766776325,0.6344932842776274
914,246,44.09279695362003,0.49680100452131254,0.6742571339295411
915,241,78.3165287772448,0.9444858792201108,1.3201382745759418
916,246,35.61589076265166,0.5002327074849915,0.7101482187340042
917,240,59.46741614414238,0.6182453335882945,0.8922683676204013
918,246,29.28386507194275,0.4246891938677912,0.5521156792536324
919,239,63.02372885222108,0.6077893377393112,0.8816659990945723
920,253,24.87807903116414,0.27947819216226166,0.3373321539087305
921,245,29.389681608818375,0.4130015536597858,0.5512085946436114
922,255,37.45482203726685,0.4390340823924047,0.5536092849822245
923,246,40.93998583185811,0.4569108395212444,0.5646501984410868
924,236,40.439261288627065,0.5145963534361828,0.7042822374853254
925,244,50.648286409358896,0.6567246305982756,0.8911186089291645
926,235,61.023124308402984,0.5359668742143342,0.749630210998929
927,249,66.38612501303247,0.695329310540647,0.9156109422135306
928,244,30.390249445579975,0.5126779719961453,0.6685061535178394
929,249,13.03524812406602,0.24492878697726725,0.2524505909946534
930,254,55.902396507926426,0.6268356413911029,0.9333095623797932
931,248,59.44625571690536,0.6484349663134203,0.8897906904255379
932,238,38.45051437706066,0.5935433257196514,0.7745820073135652
933,242,37.95341134365317,0.41821464087770144,0.5417110802648382
934,252,36.86158557044685,0.4812869767009619,0.6084439920309543
935,253,27.23713753846069,0.393446627285407,0.5166065999446163
936,253,15.452054569483035,0.2593886507917933,0.3321796715132401
937,244,50.917750387179446,0.5416604002603704,0.7489237099917629
938,247,72.71515086502106,0.7618186850645063,0.9266577065413253
939,238,46.310387199600925,0.5143817563242592,0.7073436867507912
940,232,64.82218530220038,0.6263590135197007,0.8937192563524825
941,249,26.12640039672276,0.3255485719003091,0.40106431292252565
942,247,71.72562955382259,0.6962950893594073,1.0347585751437463
943,252,66.56967222694777,0.7255717315824003,1.002063786243582
944,254,66.24684378927357,0.6689884307228654,1.0070191957409562
945,236,36.02598414738669,0.38499660917805967,0.4223348615806694
946,256,52.475767642162985,0.5162663680533222,0.6065615531595484
947,237,55.34324887861055,0.688423617444253,1.0222968236060208
948,247,44.74002421279544,0.5503942054674567,0.7609592105106573
949,245,53.919325701452955,0.7051907876551953,0.9373093553720327
950,244,61.98618597823831,0.6803025003403591,1.1234188644070429
951,247,8.683453333763342,0.2262933584907782,0.2700654552744084
952,251,42.61496008731301,0.5909820297375293,0.7922325541352913
953,228,23.60544476243117,0.33334652814338744,0.4730048075951167
954,239,80.41334957668083,0.8304371308700553,1.2097826675824042
955,236,43.38585928723427,0.4602137207716435,0.6553895424831359
956,238,60.75565213907525,0.6702853167834032,0.9251265157505457
957,242,27.675676480238415,0.40130621713399856,0.5220598435714796
958,250,50.7861472681277,0.6308343467431918,0.8818955654888538
959,239,24.996423255400853,0.37134415507780943,0.47958086014941326
960,243,7.041684229487072,0.12862072223844562,0.11425166820479012
961,242,39.552578005130066,0.5202283505181918,0.6526211720185305
962,234,18.05701145075342,0.23353588200195424,0.314932570391875
963,249,42.49430588697381,0.5986177626754247,0.8342912333050292
964,243,45.40883103344527,0.536084808275184,0.7629787141540753
965,242,35.03716961884647,0.4349868505754408,0.6126384067427372
966,262,57.2219373127823,0.6143100847546775,0.7929321191473921
967,237,54.196928775623746,0.569290456904608,0.8504412689335272
968,229,43.12204796879941,0.49974319281563223,0.7526710262416428
969,244,48.179941251933236,0.6215706547252651,0.8883735967157014
970,248,51.08180618125796,0.6275519115843646,0.8716494550891047
971,236,29.01313877680795,0.3850824361280795,0.5822002383712863
972,246,29.410046630534318,0.43222988532016215,0.5925006577832418
973,251,31.4456181175343,0.31917026643256996,0.44330212548001147
974,254,46.90957041939041,0.5638370676562235,0.6951476148735234
975,250,45.89755734912677,0.62294070091733,0.9627061255333368
976,238,62.86414032166888,0.6685619795512822,1.0165671646207024
977,256,35.442413628064976,0.5402485997835871,0.6557632036398233
978,226,13.894815685898347,0.22835808122298715,0.3416512147321074
979,241,29.73519489962924,0.46251705203162335,0.5840944422575476
980,242,61.50321922801984,0.6411594026059704,0.9154668793246206
981,236,39.0049688042878,0.584458756214991,0.7489382592068056
982,248,24.49844978616341,0.2707467691089415,0.3201808332006114
983,237,36.86171812859574,0.483251568615308,0.6961133314763239
984,227,38.130955895892114,0.582398920559461,0.8650089136391405
985,243,15.077646007229827,0.2957207720883037,0.3758433840740106
986,244,60.2714851033889,0.6529135670040895,0.911832307564328
987,232,61.66138378365539,0.6350237168635122,0.9190413713643
988,234,49.55246080579961,0.6376265806424285,0.8816105264247731
989,252,49.90155448975101,0.5635559036184572,0.8115542334311033
990,244,44.51607214853586,0.5293333936321567,0.6987020090785907
991,235,49.69507780445373,0.4854453034231165,0.5652060416631407
992,252,39.17862415546668,0.454880115763346,0.5929299313559591
993,250,59.844697831731935,0.6243439260567013,0.8366282186783689
994,246,62.20030383690566,0.7138809178342276,0.9910213839524943
995,237,68.23330298200938,0.7447672245896009,1.0601048071245425
996,241,56.9697092517218,0.5830868871875815,0.7570307888030667
997,245,13.664144652916093,0.2118609730859175,0.2999204865181331
998,232,28.968538372654592,0.46040642598976955,0.6562428422485145
999,250,23.15440689492227,0.2937045592428225,0.32838133433093686
