asset,feature_config,feature_count,model,fold,train_samples,validation_samples,accuracy,precision,recall,f1,roc_auc,training_time,prediction_time,is_model_collapse
reliance_ns,ALL_32,32,logistic_regression,1,1314,1404,0.47150997150997154,0.48,0.032432432432432434,0.060759493670886074,0.5380087919244545,0.07838009996339679,0.004176000016741455,True
reliance_ns,ALL_32,32,random_forest,1,1314,1404,0.4722222222222222,0.4965034965034965,0.09594594594594595,0.16081540203850508,0.4934935688700749,0.5019054999575019,0.1718073000665754,False
reliance_ns,ALL_32,32,xgboost,1,1314,1404,0.4757834757834758,0.75,0.008108108108108109,0.016042780748663103,0.5030100130250733,0.4607393000042066,0.013861500076018274,True
reliance_ns,ALL_32,32,logistic_regression,2,2718,1407,0.5060412224591329,0.5009107468123861,0.7890961262553802,0.6128133704735376,0.5171600622385677,0.045671300031244755,0.0034314000513404608,False
reliance_ns,ALL_32,32,random_forest,2,2718,1407,0.5131485429992892,0.5048309178743962,0.8995695839311334,0.6467251160391955,0.5117990583385535,0.5391637999564409,0.18250469991471618,False
reliance_ns,ALL_32,32,xgboost,2,2718,1407,0.5188343994314144,0.5078740157480315,0.9253945480631277,0.655821047280122,0.536320649867642,0.5415593999205157,0.011524099973030388,False
reliance_ns,ALL_32,32,logistic_regression,3,4125,1409,0.47622427253371186,0.5116279069767442,0.029769959404600813,0.056265984654731455,0.5143437077131259,0.05902699998114258,0.0044392000418156385,True
reliance_ns,ALL_32,32,random_forest,3,4125,1409,0.47693399574166073,0.5384615384615384,0.018944519621109608,0.036601307189542485,0.5080372831377618,0.6961282000411302,0.1748021999374032,True
reliance_ns,ALL_32,32,xgboost,3,4125,1409,0.48970901348474094,0.5819672131147541,0.09607577807848444,0.16492450638792103,0.49651404681598765,0.5669380000326782,0.010509099927730858,False
reliance_ns,SHORTLIST_16,16,logistic_regression,1,1343,1404,0.5056980056980057,0.5397923875432526,0.42162162162162165,0.47344461305007585,0.5170262129599479,0.014546300051733851,0.0031949999975040555,False
reliance_ns,SHORTLIST_16,16,random_forest,1,1343,1404,0.48717948717948717,0.5164473684210527,0.4243243243243243,0.4658753709198813,0.5014022305437967,0.4687441000714898,0.17587290005758405,False
reliance_ns,SHORTLIST_16,16,xgboost,1,1343,1404,0.4793447293447293,0.5172413793103449,0.18243243243243243,0.26973026973026976,0.50692160534028,0.6624670999590307,0.027262299903668463,False
reliance_ns,SHORTLIST_16,16,logistic_regression,2,2747,1407,0.5060412224591329,0.5008912655971479,0.806312769010043,0.6179219351291919,0.528647927738598,0.023922199965454638,0.0044775999849662185,False
reliance_ns,SHORTLIST_16,16,random_forest,2,2747,1407,0.511727078891258,0.5063613231552163,0.5710186513629842,0.5367498314227916,0.52601188190838,0.626120200031437,0.2150502000004053,False
reliance_ns,SHORTLIST_16,16,xgboost,2,2747,1407,0.5167022032693674,0.5095613048368954,0.6499282639885222,0.5712484237074401,0.5356245074464001,0.5023311000550166,0.011864400003105402,False
reliance_ns,SHORTLIST_16,16,logistic_regression,3,4154,1409,0.5486160397444997,0.5542676501580611,0.7117726657645467,0.6232227488151659,0.5382667178316806,0.024146400042809546,0.0037671999307349324,False
reliance_ns,SHORTLIST_16,16,random_forest,3,4154,1409,0.48899929027679206,0.5152,0.435723951285521,0.47214076246334313,0.5003978753054753,0.8887462000129744,0.24947359994985163,False
reliance_ns,SHORTLIST_16,16,xgboost,3,4154,1409,0.48403122782114977,0.5103092783505154,0.401894451962111,0.44965934897804694,0.5037242744329772,0.7412568998988718,0.01027189998421818,False
reliance_ns,NO_PRICE_LEVELS_27,27,logistic_regression,1,1314,1404,0.47649572649572647,0.6190476190476191,0.01756756756756757,0.03416557161629435,0.5500834418756105,0.03232290002051741,0.003854300011880696,True
reliance_ns,NO_PRICE_LEVELS_27,27,random_forest,1,1314,1404,0.4707977207977208,0.4835164835164835,0.05945945945945946,0.10589651022864019,0.48347545587756435,0.5900216000154614,0.231565700029023,False
reliance_ns,NO_PRICE_LEVELS_27,27,xgboost,1,1314,1404,0.47364672364672367,0.6,0.004054054054054054,0.008053691275167786,0.5078679583197656,0.6564556000521407,0.014572500018402934,True
reliance_ns,NO_PRICE_LEVELS_27,27,logistic_regression,2,2718,1407,0.511727078891258,0.5044802867383512,0.8077474892395983,0.6210700496414782,0.5188211045325035,0.055241000023670495,0.007275699987076223,False
reliance_ns,NO_PRICE_LEVELS_27,27,random_forest,2,2718,1407,0.5110163468372424,0.5039370078740157,0.8263988522238164,0.6260869565217392,0.5304878048780488,0.7203721000114456,0.22506810002960265,False
reliance_ns,NO_PRICE_LEVELS_27,27,xgboost,2,2718,1407,0.5202558635394456,0.5087719298245614,0.9153515064562411,0.6540235776524859,0.5465556610827086,0.718561299960129,0.013328899978660047,False
reliance_ns,NO_PRICE_LEVELS_27,27,logistic_regression,3,4125,1409,0.47622427253371186,0.5135135135135135,0.02571041948579161,0.04896907216494845,0.5139397733928462,0.13734500005375594,0.004282500012777746,True
reliance_ns,NO_PRICE_LEVELS_27,27,random_forest,3,4125,1409,0.48474095102909864,0.5607476635514018,0.08119079837618404,0.14184397163120568,0.5096843253287014,0.8728432999923825,0.20870990003459156,False
reliance_ns,NO_PRICE_LEVELS_27,27,xgboost,3,4125,1409,0.49112845990063875,0.5705128205128205,0.12043301759133965,0.19888268156424582,0.503738412134187,0.746664100093767,0.02759640000294894,False
tcs_ns,ALL_32,32,logistic_regression,1,918,1262,0.4960380348652932,0.49833333333333335,0.471608832807571,0.4846029173419773,0.4933542968514537,0.060648499988019466,0.005051700049079955,False
tcs_ns,ALL_32,32,random_forest,1,918,1262,0.4849445324881141,0.481651376146789,0.3312302839116719,0.3925233644859813,0.48404880548132373,0.6297319999430329,0.20071409991942346,False
tcs_ns,ALL_32,32,xgboost,1,918,1262,0.4849445324881141,0.4806763285024155,0.3138801261829653,0.3797709923664122,0.4920382165605095,0.47762699995655566,0.028860800084657967,False
tcs_ns,ALL_32,32,logistic_regression,2,2180,1263,0.5170229612034838,0.52015732546706,0.8125960061443932,0.6342925659472423,0.5123615754545545,0.070858099963516,0.00610849994700402,False
tcs_ns,ALL_32,32,random_forest,2,2180,1263,0.49643705463182897,0.5226586102719033,0.26574500768049153,0.35234215885947046,0.5053123399897593,0.6926764999516308,0.24838490004185587,False
tcs_ns,ALL_32,32,xgboost,2,2180,1263,0.5130641330166271,0.5350194552529183,0.42242703533026116,0.4721030042918455,0.5126301416623997,0.6285799000179395,0.012468499946407974,False
tcs_ns,ALL_32,32,logistic_regression,3,3443,1265,0.5011857707509881,0.5380952380952381,0.34087481146304677,0.41735918744228995,0.5114399963921168,0.050520400051027536,0.004851000034250319,False
tcs_ns,ALL_32,32,random_forest,3,3443,1265,0.4774703557312253,0.6666666666666666,0.006033182503770739,0.01195814648729447,0.5071155474712247,0.8671999999787658,0.21669179992750287,True
tcs_ns,ALL_32,32,xgboost,3,3443,1265,0.4782608695652174,0.5333333333333333,0.03619909502262444,0.06779661016949153,0.5130485109965274,0.5069676999701187,0.01384559995494783,True
tcs_ns,SHORTLIST_16,16,logistic_regression,1,944,1262,0.506339144215531,0.5081723625557206,0.5394321766561514,0.523335883703137,0.5093908858928249,0.016789900022558868,0.0047036000760272145,False
tcs_ns,SHORTLIST_16,16,random_forest,1,944,1262,0.4968304278922345,0.49899396378269617,0.3911671924290221,0.4385499557913351,0.49442800739416104,0.6731202000519261,0.19186160003300756,False
tcs_ns,SHORTLIST_16,16,xgboost,1,944,1262,0.5055467511885895,0.5100806451612904,0.3990536277602524,0.44778761061946903,0.4994223311700054,0.44916079996619374,0.011218299972824752,False
tcs_ns,SHORTLIST_16,16,logistic_regression,2,2206,1263,0.5122723673792557,0.527047913446677,0.5238095238095238,0.5254237288135594,0.5248235494914811,0.01994509994983673,0.004734499962069094,False
tcs_ns,SHORTLIST_16,16,random_forest,2,2206,1263,0.5193982581155978,0.5426356589147286,0.43010752688172044,0.47986289631533846,0.5127154804574159,0.7058940000133589,0.26067559991497546,False
tcs_ns,SHORTLIST_16,16,xgboost,2,2206,1263,0.5122723673792557,0.5300171526586621,0.47465437788018433,0.5008103727714749,0.5198588395931849,0.3595894000027329,0.009536299970932305,False
tcs_ns,SHORTLIST_16,16,logistic_regression,3,3469,1265,0.5130434782608696,0.5374800637958532,0.5082956259426847,0.5224806201550387,0.5081302646282126,0.02154689992312342,0.0043608000269159675,False
tcs_ns,SHORTLIST_16,16,random_forest,3,3469,1265,0.5138339920948617,0.5452830188679245,0.4358974358974359,0.4844928751047779,0.5036091359620771,0.664676700020209,0.2040747000137344,False
tcs_ns,SHORTLIST_16,16,xgboost,3,3469,1265,0.5011857707509881,0.5373831775700935,0.3469079939668175,0.4216315307057745,0.5143688960378426,0.3805026001064107,0.012824399978853762,False
tcs_ns,NO_PRICE_LEVELS_27,27,logistic_regression,1,918,1262,0.4968304278922345,0.49936628643852976,0.6214511041009464,0.5537596626844694,0.49038306978239465,0.041970200021751225,0.00411900004837662,False
tcs_ns,NO_PRICE_LEVELS_27,27,random_forest,1,918,1262,0.48811410459587956,0.48775510204081635,0.37697160883280756,0.42526690391459077,0.49919000783620326,0.4775730000110343,0.18983709998428822,False
tcs_ns,NO_PRICE_LEVELS_27,27,xgboost,1,918,1262,0.47702060221870046,0.47123893805309736,0.3359621451104101,0.39226519337016574,0.49655407984890193,0.3489494000095874,0.009900399949401617,False
tcs_ns,NO_PRICE_LEVELS_27,27,logistic_regression,2,2180,1263,0.5209817893903405,0.5217391304347826,0.847926267281106,0.6459918080748976,0.5097311325964077,0.04175709991250187,0.004777300055138767,False
tcs_ns,NO_PRICE_LEVELS_27,27,random_forest,2,2180,1263,0.4885193982581156,0.5068870523415978,0.282642089093702,0.3629191321499014,0.5110639237773962,0.6519709000131115,0.20722769992426038,False
tcs_ns,NO_PRICE_LEVELS_27,27,xgboost,2,2180,1263,0.5051464766429137,0.5225694444444444,0.46236559139784944,0.4906275468622657,0.5091337610312942,0.3677598999347538,0.011266000103205442,False
tcs_ns,NO_PRICE_LEVELS_27,27,logistic_regression,3,3443,1265,0.500395256916996,0.5298651252408478,0.41478129713423834,0.4653130287648054,0.5046852372433768,0.04385590006131679,0.004291500081308186,False
tcs_ns,NO_PRICE_LEVELS_27,27,random_forest,3,3443,1265,0.4972332015810277,0.5594713656387665,0.19155354449472098,0.2853932584269663,0.5054218467351163,0.7084163000108674,0.20614829997066408,False
tcs_ns,NO_PRICE_LEVELS_27,27,xgboost,3,3443,1265,0.4790513833992095,0.5091743119266054,0.167420814479638,0.25198637911464244,0.505930458050841,0.4303191000362858,0.01574800000526011,False
hdfcbank_ns,ALL_32,32,logistic_regression,1,1312,1405,0.5138790035587188,0.5367483296213809,0.3365921787709497,0.41373390557939915,0.5312350503928452,0.06464039999991655,0.0064492999808862805,False
hdfcbank_ns,ALL_32,32,random_forest,1,1312,1405,0.4811387900355872,0.4155844155844156,0.0446927374301676,0.0807061790668348,0.47588805734162537,0.557114899973385,0.19304969999939203,True
hdfcbank_ns,ALL_32,32,xgboost,1,1312,1405,0.4811387900355872,0.4873294346978557,0.34916201117318435,0.40683482506102525,0.4808178803382766,0.3851455000694841,0.009891699999570847,False
hdfcbank_ns,ALL_32,32,logistic_regression,2,2717,1408,0.5071022727272727,0.508,0.7154929577464789,0.5941520467836258,0.515581742604625,0.06440979999024421,0.006354000070132315,False
hdfcbank_ns,ALL_32,32,random_forest,2,2717,1408,0.5163352272727273,0.638095238095238,0.09436619718309859,0.16441717791411042,0.5019320795835183,0.6585133000044152,0.203574400045909,False
hdfcbank_ns,ALL_32,32,xgboost,2,2717,1408,0.5113636363636364,0.5774647887323944,0.11549295774647887,0.19248826291079812,0.5190080309939868,0.54357040009927,0.013128000078722835,False
hdfcbank_ns,ALL_32,32,logistic_regression,3,4125,1410,0.5148936170212766,0.5457685664939551,0.4287652645861601,0.48024316109422494,0.5311360259354316,0.07854310004040599,0.004967899993062019,False
hdfcbank_ns,ALL_32,32,random_forest,3,4125,1410,0.4907801418439716,0.5407725321888412,0.17096336499321574,0.2597938144329897,0.5108860667619622,0.9352999000111595,0.2553019999759272,False
hdfcbank_ns,ALL_32,32,xgboost,3,4125,1410,0.5049645390070922,0.5665529010238908,0.22523744911804613,0.32233009708737864,0.5115604605635875,0.6161214000312611,0.012485200073570013,False
hdfcbank_ns,SHORTLIST_16,16,logistic_regression,1,1341,1405,0.502491103202847,0.5157116451016636,0.38966480446927376,0.4439140811455847,0.5082825891300646,0.018379700020886958,0.005201199906878173,False
hdfcbank_ns,SHORTLIST_16,16,random_forest,1,1341,1405,0.4896797153024911,0.49928057553956834,0.48463687150837986,0.49184975194897235,0.4830324492625536,0.5619599000783637,0.19300279999151826,False
hdfcbank_ns,SHORTLIST_16,16,xgboost,1,1341,1405,0.4918149466192171,0.5012468827930174,0.5614525139664804,0.5296442687747036,0.49720264977986073,0.4033309000078589,0.01196679996792227,False
hdfcbank_ns,SHORTLIST_16,16,logistic_regression,2,2746,1408,0.5113636363636364,0.5178571428571429,0.44929577464788734,0.48114630467571645,0.5217623794341983,0.017476600012741983,0.007704499992541969,False
hdfcbank_ns,SHORTLIST_16,16,random_forest,2,2746,1408,0.5142045454545454,0.5235507246376812,0.4070422535211268,0.45800316957210774,0.5069080673150651,0.6647311999695376,0.20405960001517087,False
hdfcbank_ns,SHORTLIST_16,16,xgboost,2,2746,1408,0.5213068181818182,0.5308219178082192,0.43661971830985913,0.47913446676970634,0.5355280681222002,0.35479859996121377,0.012662900029681623,False
hdfcbank_ns,SHORTLIST_16,16,logistic_regression,3,4154,1410,0.5283687943262412,0.5447761194029851,0.5943012211668928,0.5684620376378975,0.5226259624476564,0.02417109999805689,0.004416499985381961,False
hdfcbank_ns,SHORTLIST_16,16,random_forest,3,4154,1410,0.5106382978723404,0.5304798962386511,0.5549525101763908,0.5424403183023873,0.5184052048282161,0.852562400046736,0.21839499997440726,False
hdfcbank_ns,SHORTLIST_16,16,xgboost,3,4154,1410,0.5163120567375886,0.5347661188369153,0.5739484396200815,0.5536649214659686,0.5223215275775653,0.3635415999451652,0.011441900045610964,False
hdfcbank_ns,NO_PRICE_LEVELS_27,27,logistic_regression,1,1312,1405,0.5096085409252669,0.5325301204819277,0.308659217877095,0.39080459770114945,0.5331283294548816,0.04783120006322861,0.008029300021007657,False
hdfcbank_ns,NO_PRICE_LEVELS_27,27,random_forest,1,1312,1405,0.496797153024911,0.5177865612648221,0.1829608938547486,0.27038183694530443,0.4852044498139154,0.5798047999851406,0.21841220010537654,False
hdfcbank_ns,NO_PRICE_LEVELS_27,27,xgboost,1,1312,1405,0.4832740213523132,0.4899598393574297,0.3407821229050279,0.40197693574958815,0.477009024495058,0.45260469999630004,0.021174499997869134,False
hdfcbank_ns,NO_PRICE_LEVELS_27,27,logistic_regression,2,2717,1408,0.5035511363636364,0.5058448459086079,0.6704225352112676,0.5766202301635373,0.51735542192986,0.06260390009265393,0.004629399976693094,False
hdfcbank_ns,NO_PRICE_LEVELS_27,27,random_forest,2,2717,1408,0.5,0.5230769230769231,0.09577464788732394,0.1619047619047619,0.5089914847249688,0.6817298999521881,0.2761891999980435,False
hdfcbank_ns,NO_PRICE_LEVELS_27,27,xgboost,2,2717,1408,0.5120738636363636,0.5851851851851851,0.11126760563380282,0.18698224852071005,0.5199543968683159,0.4663497000001371,0.010657400009222329,False
hdfcbank_ns,NO_PRICE_LEVELS_27,27,logistic_regression,3,4125,1410,0.5134751773049645,0.5421487603305785,0.4450474898236092,0.488822652757079,0.5323779589154054,0.07465139997657388,0.0038787999656051397,False
hdfcbank_ns,NO_PRICE_LEVELS_27,27,random_forest,3,4125,1410,0.49148936170212765,0.5316455696202531,0.22795115332428764,0.3190883190883191,0.5087167162969429,1.0131729000713676,0.234750899951905,False
hdfcbank_ns,NO_PRICE_LEVELS_27,27,xgboost,3,4125,1410,0.5035460992907801,0.556923076923077,0.24559023066485752,0.3408662900188324,0.5138981574633922,0.6688693000469357,0.016065799980424345,False
infy_ns,ALL_32,32,logistic_regression,1,1312,1405,0.507473309608541,0.5207667731629393,0.23120567375886525,0.32023575638506874,0.5249179331306991,0.08087399997748435,0.006271400023251772,False
infy_ns,ALL_32,32,random_forest,1,1312,1405,0.498932384341637,1.0,0.0014184397163120568,0.0028328611898017,0.5130688956433637,0.6062816999619827,0.22395190002862364,True
infy_ns,ALL_32,32,xgboost,1,1312,1405,0.507473309608541,0.6274509803921569,0.04539007092198582,0.08465608465608465,0.5360871327254306,0.5694129000185058,0.0121373999863863,True
infy_ns,ALL_32,32,logistic_regression,2,2717,1408,0.5120738636363636,0.5118518518518519,0.96105702364395,0.6679555340744321,0.5010143502808893,0.0679782999213785,0.007706000003963709,False
infy_ns,ALL_32,32,random_forest,2,2717,1408,0.5007102272727273,0.515686274509804,0.3657858136300417,0.42799023596419855,0.5003643586581105,0.6103628999553621,0.2068886999040842,False
infy_ns,ALL_32,32,xgboost,2,2717,1408,0.49857954545454547,0.5121495327102804,0.3810848400556328,0.4370015948963317,0.49614748754014504,0.4250258000101894,0.010667099966667593,False
infy_ns,ALL_32,32,logistic_regression,3,4125,1410,0.5276595744680851,0.5420289855072464,0.7450199203187251,0.62751677852349,0.5276812587296679,0.06888499995693564,0.0074127999832853675,False
infy_ns,ALL_32,32,random_forest,3,4125,1410,0.4851063829787234,0.5560165975103735,0.17795484727755645,0.26961770623742454,0.5209714162123702,0.8507776000769809,0.22363469994161278,False
infy_ns,ALL_32,32,xgboost,3,4125,1410,0.49432624113475176,0.5483091787439613,0.301460823373174,0.389031705227078,0.5086321381142098,0.5647361000301316,0.01499219995457679,False
infy_ns,SHORTLIST_16,16,logistic_regression,1,1341,1405,0.505338078291815,0.5531914893617021,0.07375886524822695,0.13016270337922403,0.4993617021276596,0.022179899970069528,0.004502600058913231,False
infy_ns,SHORTLIST_16,16,random_forest,1,1341,1405,0.505338078291815,0.5112107623318386,0.32340425531914896,0.3961772371850565,0.5089777102330294,0.5521537000313401,0.20927150000352412,False
infy_ns,SHORTLIST_16,16,xgboost,1,1341,1405,0.5039145907473309,0.5068493150684932,0.4198581560283688,0.45927075252133437,0.505483282674772,0.42889380000997335,0.01977050001733005,False
infy_ns,SHORTLIST_16,16,logistic_regression,2,2746,1408,0.5120738636363636,0.5196560196560197,0.588317107093185,0.5518590998043053,0.4992682547724928,0.01620449998881668,0.005720200017094612,False
infy_ns,SHORTLIST_16,16,random_forest,2,2746,1408,0.5021306818181818,0.512,0.5340751043115438,0.5228046289993192,0.5094844274522549,0.6587845999747515,0.29768759990110993,False
infy_ns,SHORTLIST_16,16,xgboost,2,2746,1408,0.5078125,0.5182072829131653,0.5146036161335188,0.5163991625959525,0.5277508069383579,0.39200290001463145,0.009339699987322092,False
infy_ns,SHORTLIST_16,16,logistic_regression,3,4154,1410,0.524822695035461,0.5474285714285714,0.6361221779548473,0.5884520884520884,0.5152297961881546,0.01586090005002916,0.005539500038139522,False
infy_ns,SHORTLIST_16,16,random_forest,3,4154,1410,0.5191489361702127,0.5482625482625483,0.5657370517928287,0.5568627450980392,0.5307688575985253,0.8489934999961406,0.2361791000002995,False
infy_ns,SHORTLIST_16,16,xgboost,3,4154,1410,0.5028368794326241,0.5294784580498866,0.6201859229747676,0.5712538226299694,0.50423774208089,0.5068656000075862,0.013554699951782823,False
infy_ns,NO_PRICE_LEVELS_27,27,logistic_regression,1,1312,1405,0.496797153024911,0.49230769230769234,0.09078014184397164,0.1532934131736527,0.5083201621073962,0.05120750004425645,0.005111900041811168,False
infy_ns,NO_PRICE_LEVELS_27,27,random_forest,1,1312,1405,0.49750889679715304,0.4857142857142857,0.024113475177304965,0.04594594594594595,0.49514387031408313,0.5053558999206871,0.18018420005682856,True
infy_ns,NO_PRICE_LEVELS_27,27,xgboost,1,1312,1405,0.5039145907473309,0.5645161290322581,0.04964539007092199,0.09126466753585398,0.5194924012158055,0.42396279994864017,0.010424300096929073,True
infy_ns,NO_PRICE_LEVELS_27,27,logistic_regression,2,2717,1408,0.5099431818181818,0.5136921624173749,0.7566063977746871,0.6119235095613048,0.5073648895518893,0.05837999994400889,0.003992400015704334,False
infy_ns,NO_PRICE_LEVELS_27,27,random_forest,2,2717,1408,0.5227272727272727,0.5403087478559176,0.4381084840055633,0.4838709677419355,0.5233865774711288,0.6458875999087468,0.22214890003670007,False
infy_ns,NO_PRICE_LEVELS_27,27,xgboost,2,2717,1408,0.5028409090909091,0.5173674588665448,0.39360222531293465,0.4470774091627172,0.5103100379296354,0.4223663000157103,0.012160100042819977,False
infy_ns,NO_PRICE_LEVELS_27,27,logistic_regression,3,4125,1410,0.5120567375886524,0.5727069351230425,0.3399734395750332,0.4266666666666667,0.5269697465844385,0.07673019997309893,0.007024600054137409,False
infy_ns,NO_PRICE_LEVELS_27,27,random_forest,3,4125,1410,0.49929078014184397,0.5807560137457045,0.2244355909694555,0.32375478927203066,0.5121037918341854,0.9135883999988437,0.26030520000495017,False
infy_ns,NO_PRICE_LEVELS_27,27,xgboost,3,4125,1410,0.5078014184397163,0.5577299412915852,0.3784860557768924,0.4509493670886076,0.5077053531182221,0.49914510000962764,0.009727900032885373,False
icicibank_ns,ALL_32,32,logistic_regression,1,1198,1269,0.4909377462568952,0.4874446085672083,0.5246422893481717,0.5053598774885145,0.4955559419713831,0.03981190000195056,0.0074894999852404,False
icicibank_ns,ALL_32,32,random_forest,1,1198,1269,0.508274231678487,0.5124378109452736,0.16375198728139906,0.24819277108433735,0.5327392189984103,0.599043200025335,0.2584607000462711,False
icicibank_ns,ALL_32,32,xgboost,1,1198,1269,0.512214342001576,0.5129533678756477,0.314785373608903,0.3901477832512315,0.5339427662957075,0.520019100047648,0.014912600046955049,False
icicibank_ns,ALL_32,32,logistic_regression,2,2467,1270,0.5125984251968504,0.5405405405405406,0.09554140127388536,0.16238159675236807,0.5470762148540589,0.07552800001576543,0.005803800071589649,False
icicibank_ns,ALL_32,32,random_forest,2,2467,1270,0.5188976377952756,0.5578231292517006,0.1305732484076433,0.21161290322580645,0.5291684028811239,0.648761700023897,0.20649589993990958,False
icicibank_ns,ALL_32,32,xgboost,2,2467,1270,0.5125984251968504,0.516245487364621,0.22770700636942676,0.3160220994475138,0.5217150822469592,0.42523240006994456,0.012691300013102591,False
icicibank_ns,ALL_32,32,logistic_regression,3,3737,1272,0.4992138364779874,0.5174418604651163,0.13841368584758942,0.2184049079754601,0.5082124481081576,0.0758080999366939,0.0033008999889716506,False
icicibank_ns,ALL_32,32,random_forest,3,3737,1272,0.5094339622641509,0.5358490566037736,0.2208398133748056,0.31277533039647576,0.5188924630421292,0.7338367999764159,0.24970010004471987,False
icicibank_ns,ALL_32,32,xgboost,3,3737,1272,0.5165094339622641,0.5542635658914729,0.2223950233281493,0.3174250832408435,0.5187676011937287,0.675772299990058,0.015320200007408857,False
icicibank_ns,SHORTLIST_16,16,logistic_regression,1,1226,1269,0.5003940110323088,0.4970484061393152,0.6693163751987281,0.5704607046070461,0.5124205087440381,0.023106499924324453,0.004004499991424382,False
icicibank_ns,SHORTLIST_16,16,random_forest,1,1226,1269,0.5114263199369582,0.5067669172932331,0.5357710651828299,0.5208655332302936,0.5308450914149443,0.6572504000505432,0.18154759996104985,False
icicibank_ns,SHORTLIST_16,16,xgboost,1,1226,1269,0.5043341213553979,0.5,0.5262321144674086,0.5127807900852053,0.5259787360890302,0.4012754000723362,0.008978499914519489,False
icicibank_ns,SHORTLIST_16,16,logistic_regression,2,2495,1270,0.5338582677165354,0.5373443983402489,0.4124203821656051,0.4666666666666667,0.5378717979244796,0.016992999939247966,0.0027544000186026096,False
icicibank_ns,SHORTLIST_16,16,random_forest,2,2495,1270,0.511023622047244,0.5063291139240507,0.445859872611465,0.4741744284504657,0.5266446911522512,0.5372551999753341,0.16263360006269068,False
icicibank_ns,SHORTLIST_16,16,xgboost,2,2495,1270,0.515748031496063,0.5106035889070146,0.4984076433121019,0.5044319097502015,0.5196117824473679,0.4260361000197008,0.01280389993917197,False
icicibank_ns,SHORTLIST_16,16,logistic_regression,3,3765,1272,0.49292452830188677,0.49645390070921985,0.2177293934681182,0.3027027027027027,0.5021523215650011,0.022713499958626926,0.0031762999715283513,False
icicibank_ns,SHORTLIST_16,16,random_forest,3,3765,1272,0.5157232704402516,0.5398230088495575,0.2846034214618974,0.3727087576374745,0.5131166753616666,0.7712814999977127,0.1620836000656709,False
icicibank_ns,SHORTLIST_16,16,xgboost,3,3765,1272,0.5062893081761006,0.5241157556270096,0.2534992223950233,0.3417190775681342,0.5135085684898145,0.5262978000100702,0.010903899907134473,False
icicibank_ns,NO_PRICE_LEVELS_27,27,logistic_regression,1,1198,1269,0.4909377462568952,0.48673946957878317,0.4960254372019078,0.49133858267716535,0.4955509737678855,0.03924600000027567,0.005715000093914568,False
icicibank_ns,NO_PRICE_LEVELS_27,27,random_forest,1,1198,1269,0.5130023640661938,0.5255813953488372,0.17965023847376788,0.2677725118483412,0.5041708068362479,0.5253368000267074,0.15352639998309314,False
icicibank_ns,NO_PRICE_LEVELS_27,27,xgboost,1,1198,1269,0.5137903861308116,0.5181818181818182,0.2718600953895072,0.35662148070907196,0.5259315381558028,1.0551408000756055,0.01157880004029721,False
icicibank_ns,NO_PRICE_LEVELS_27,27,logistic_regression,2,2467,1270,0.5433070866141733,0.5594059405940595,0.35987261146496813,0.437984496124031,0.5418452487251225,0.03795180004090071,0.0039036000380292535,False
icicibank_ns,NO_PRICE_LEVELS_27,27,random_forest,2,2467,1270,0.5133858267716536,0.5268817204301075,0.15605095541401273,0.24078624078624078,0.5446331130821279,0.6347059999825433,0.20655779994558543,False
icicibank_ns,NO_PRICE_LEVELS_27,27,xgboost,2,2467,1270,0.5330708661417323,0.5631768953068592,0.2484076433121019,0.3447513812154696,0.5481576284302637,0.743931100005284,0.017338300007395446,False
icicibank_ns,NO_PRICE_LEVELS_27,27,logistic_regression,3,3737,1272,0.5102201257861635,0.5617283950617284,0.14152410575427682,0.22608695652173913,0.5048325244098733,0.03805400000419468,0.003136900020763278,False
icicibank_ns,NO_PRICE_LEVELS_27,27,random_forest,3,3737,1272,0.5188679245283019,0.5734597156398105,0.18818040435458788,0.28337236533957844,0.5228657895842966,0.6824774000560865,0.1509867999702692,False
icicibank_ns,NO_PRICE_LEVELS_27,27,xgboost,3,3737,1272,0.49842767295597484,0.5098814229249012,0.2006220839813375,0.28794642857142855,0.5053245542679263,0.5261567999841645,0.00844380003400147,False
